gene_id	gene_symbol	variance
ENSG00000005381.7	MPO	18.24997297676239
ENSG00000206047.2	DEFA1	17.00904190797033
ENSG00000206172.8	HBA1	15.991407328139065
ENSG00000244734.4	HBB	15.338874140954854
ENSG00000196565.15	HBG2	14.156798845799678
ENSG00000188536.13	HBA2	14.080598133772174
ENSG00000284931.1	AC104389.5	13.86305911472422
ENSG00000067048.17	DDX3Y	13.652101895980737
ENSG00000012223.12	LTF	13.45263822431912
ENSG00000197561.7	ELANE	13.142332030865605
ENSG00000004939.15	SLC4A1	12.799856227023808
ENSG00000239839.7	DEFA3	12.79309255499425
ENSG00000172232.10	AZU1	12.756236790214475
ENSG00000143546.10	S100A8	12.481325207134311
ENSG00000163220.11	S100A9	11.886725056667975
ENSG00000129824.16	RPS4Y1	11.832818129004524
ENSG00000240247.7	DEFA1B	11.767130309452115
ENSG00000203812.2	HIST2H2AA3	11.351800009266666
ENSG00000090382.6	LYZ	10.990136253915834
ENSG00000012817.15	KDM5D	10.937846586377512
ENSG00000158578.21	ALAS2	10.642784844559525
ENSG00000169429.11	CXCL8	10.600086851985129
ENSG00000196415.10	PRTN3	10.525963725910426
ENSG00000108821.13	COL1A1	10.2992305744905
ENSG00000133742.13	CA1	9.941759273423312
ENSG00000164692.17	COL1A2	9.888155570373698
ENSG00000286522.1	HIST1H3B	9.866436137540122
ENSG00000118113.12	MMP8	9.72931148958313
ENSG00000100448.4	CTSG	9.682903104943696
ENSG00000101425.13	BPI	9.678842563106144
ENSG00000168542.14	COL3A1	9.588025464020662
ENSG00000114374.13	USP9Y	9.474232398274882
ENSG00000121053.6	EPX	9.379252193364676
ENSG00000183878.15	UTY	9.289737706651128
ENSG00000186652.10	PRG2	9.237373745523294
ENSG00000167244.21	IGF2	9.165578064438964
ENSG00000130508.11	PXDN	9.15635436344189
ENSG00000169385.3	RNASE2	9.105429823425148
ENSG00000163221.9	S100A12	8.884489083394955
ENSG00000124575.6	HIST1H1D	8.835452129379924
ENSG00000137801.10	THBS1	8.812290785496042
ENSG00000115414.19	FN1	8.783440628466053
ENSG00000272398.6	CD24	8.776595263289765
ENSG00000197766.7	CFD	8.763445198711917
ENSG00000038427.16	VCAN	8.709719139827904
ENSG00000174059.16	CD34	8.511954617452966
ENSG00000223609.11	HBD	8.461323134029513
ENSG00000078399.18	HOXA9	8.415031377772587
ENSG00000100985.7	MMP9	8.355349936271107
ENSG00000213934.8	HBG1	8.29817676517213
ENSG00000085265.11	FCN1	8.244282636726954
ENSG00000107447.8	DNTT	8.226064302454493
ENSG00000185686.18	PRAME	8.188244738024375
ENSG00000124469.12	CEACAM8	8.183253005051602
ENSG00000124882.4	EREG	8.014827396533496
ENSG00000179869.15	ABCA13	8.00032974996454
ENSG00000198886.2	MT-ND4	7.997530974841404
ENSG00000169397.3	RNASE3	7.979130905525689
ENSG00000228253.1	MT-ATP8	7.956851950553025
ENSG00000172236.17	TPSAB1	7.913669239811763
ENSG00000186431.19	FCAR	7.899227290746899
ENSG00000168298.6	HIST1H1E	7.880450129205194
ENSG00000143995.20	MEIS1	7.86859204483184
ENSG00000164821.4	DEFA4	7.8683866591112235
ENSG00000198795.11	ZNF521	7.845804719946096
ENSG00000148346.12	LCN2	7.829025619177032
ENSG00000083857.14	FAT1	7.80505627805375
ENSG00000184357.4	HIST1H1B	7.7641281622166165
ENSG00000149516.14	MS4A3	7.689925393082841
ENSG00000272196.2	HIST2H2AA4	7.6519201498084
ENSG00000163554.14	SPTA1	7.527947243843295
ENSG00000185198.11	PRSS57	7.524215494417311
ENSG00000113140.11	SPARC	7.521969338802779
ENSG00000198763.3	MT-ND2	7.488415794473659
ENSG00000196549.10	MME	7.441931423076268
ENSG00000105205.7	CLC	7.409976646213612
ENSG00000128322.7	IGLL1	7.372069574324392
ENSG00000130635.15	COL5A1	7.360146226933076
ENSG00000198840.2	MT-ND3	7.339631735235738
ENSG00000104043.14	ATP8B4	7.259526291993382
ENSG00000010327.10	STAB1	7.256686599645423
ENSG00000115461.5	IGFBP5	7.210152381244574
ENSG00000142192.21	APP	7.196499351138263
ENSG00000067646.12	ZFY	7.170598805770499
ENSG00000029534.20	ANK1	7.091180088830803
ENSG00000203811.1	HIST2H3C	7.012283844169087
ENSG00000170893.4	TRH	7.004752073623195
ENSG00000187498.16	COL4A1	6.97886549426758
ENSG00000149294.16	NCAM1	6.958626875365105
ENSG00000134871.18	COL4A2	6.953025984445933
ENSG00000133454.15	MYO18B	6.920729428525251
ENSG00000136929.13	HEMGN	6.911489763477052
ENSG00000206177.7	HBM	6.904039582847093
ENSG00000086548.9	CEACAM6	6.889263103942209
ENSG00000169877.10	AHSP	6.881827115522655
ENSG00000070182.21	SPTB	6.859308644941974
ENSG00000124731.13	TREM1	6.857984873344906
ENSG00000119535.17	CSF3R	6.854313038711248
ENSG00000096006.11	CRISP3	6.835524496878718
ENSG00000253293.5	HOXA10	6.794780856542923
ENSG00000197629.5	MPEG1	6.7852936539304745
ENSG00000203852.3	HIST2H3A	6.780303087995874
ENSG00000166947.14	EPB42	6.771840471591915
ENSG00000198899.2	MT-ATP6	6.769666614264322
ENSG00000087245.13	MMP2	6.7225054911576025
ENSG00000008438.5	PGLYRP1	6.664145542718342
ENSG00000198888.2	MT-ND1	6.656877137359835
ENSG00000276368.1	HIST1H2AJ	6.623901823168351
ENSG00000142156.14	COL6A1	6.600245497460899
ENSG00000122025.14	FLT3	6.5918620526717175
ENSG00000112077.16	RHAG	6.590625566833231
ENSG00000121316.11	PLBD1	6.552760902332577
ENSG00000164047.5	CAMP	6.537453718730725
ENSG00000120708.17	TGFBI	6.530099299797226
ENSG00000196747.4	HIST1H2AI	6.481764096328831
ENSG00000196092.14	PAX5	6.477159272686767
ENSG00000160883.11	HK3	6.458706828327827
ENSG00000099725.14	PRKY	6.455708699750328
ENSG00000186529.16	CYP4F3	6.430762461014514
ENSG00000183508.5	TENT5C	6.421196976413634
ENSG00000182492.16	BGN	6.418832911954273
ENSG00000197249.13	SERPINA1	6.4066491345350665
ENSG00000287080.1	HIST1H3C	6.406496053282146
ENSG00000257335.8	MGAM	6.394872082188819
ENSG00000170180.22	GYPA	6.360922982915059
ENSG00000113389.16	NPR3	6.3252476667086714
ENSG00000120885.21	CLU	6.31266689702599
ENSG00000159339.13	PADI4	6.284179939005172
ENSG00000242265.5	PEG10	6.271385797795207
ENSG00000277775.1	HIST1H3F	6.255892672928954
ENSG00000116962.15	NID1	6.247169275285478
ENSG00000182985.17	CADM1	6.243364399807443
ENSG00000074181.9	NOTCH3	6.239179484867035
ENSG00000212907.2	MT-ND4L	6.222750786028553
ENSG00000163563.8	MNDA	6.20952669758572
ENSG00000163430.12	FSTL1	6.201737513062649
ENSG00000165168.7	CYBB	6.156308754819019
ENSG00000133048.13	CHI3L1	6.153956369650317
ENSG00000102854.16	MSLN	6.142826190438114
ENSG00000204936.10	CD177	6.135231859615368
ENSG00000131711.15	MAP1B	6.12714984275983
ENSG00000179344.16	HLA-DQB1	6.124663515634249
ENSG00000172037.14	LAMB2	6.122666021649391
ENSG00000007062.11	PROM1	6.113690324541346
ENSG00000274641.1	HIST1H2BO	6.095946596815191
ENSG00000018280.17	SLC11A1	6.093467719276043
ENSG00000278677.1	HIST1H2AM	6.092450188453384
ENSG00000185630.18	PBX1	6.08072977218254
ENSG00000198727.2	MT-CYB	6.079777146816455
ENSG00000282988.2	AL031777.3	6.073040115705416
ENSG00000112773.16	TENT5A	6.069613294471716
ENSG00000163359.15	COL6A3	6.06346217325613
ENSG00000143416.21	SELENBP1	6.0634599296450515
ENSG00000131016.17	AKAP12	6.031736451946915
ENSG00000198786.2	MT-ND5	6.029744441814177
ENSG00000100234.11	TIMP3	6.026376367014872
ENSG00000107562.16	CXCL12	6.007648887078663
ENSG00000152580.8	IGSF10	6.002961109707361
ENSG00000197405.8	C5AR1	5.996532938109814
ENSG00000122862.5	SRGN	5.995081922537895
ENSG00000155657.26	TTN	5.946226998602092
ENSG00000102837.7	OLFM4	5.930749939918613
ENSG00000135862.6	LAMC1	5.9292726960700595
ENSG00000197253.13	TPSB2	5.92094226937203
ENSG00000110848.8	CD69	5.913854794096097
ENSG00000185304.15	RGPD2	5.913853977209299
ENSG00000250722.6	SELENOP	5.9085399929828295
ENSG00000184260.5	HIST2H2AC	5.901567573492381
ENSG00000277443.3	MARCKS	5.894959529683801
ENSG00000123384.13	LRP1	5.893531463904602
ENSG00000198502.6	HLA-DRB5	5.890605622036267
ENSG00000171051.8	FPR1	5.883371974526765
ENSG00000197061.4	HIST1H4C	5.8616092016847166
ENSG00000118523.6	CCN2	5.854822272593053
ENSG00000277075.2	HIST1H2AE	5.844108586133104
ENSG00000197238.4	HIST1H4J	5.813838674745591
ENSG00000152104.12	PTPN14	5.81100681825953
ENSG00000120093.11	HOXB3	5.805123739401207
ENSG00000158258.16	CLSTN2	5.792918876883675
ENSG00000054598.9	FOXC1	5.787448964007565
ENSG00000154380.17	ENAH	5.785493926052675
ENSG00000105270.15	CLIP3	5.780249601747652
ENSG00000152192.8	POU4F1	5.777417360076194
ENSG00000157227.13	MMP14	5.777335904290093
ENSG00000123689.6	G0S2	5.766362608777969
ENSG00000106004.5	HOXA5	5.757811702173158
ENSG00000235568.6	NFAM1	5.751445175301046
ENSG00000142173.15	COL6A2	5.743234822162429
ENSG00000129951.18	PLPPR3	5.732897318053381
ENSG00000162722.9	TRIM58	5.72135936928863
ENSG00000198712.1	MT-CO2	5.70747887326054
ENSG00000041982.16	TNC	5.705730109835027
ENSG00000255587.9	RAB44	5.705588881493939
ENSG00000170458.14	CD14	5.697716769100084
ENSG00000177469.13	CAVIN1	5.683992648055587
ENSG00000277224.2	HIST1H2BF	5.673535370052308
ENSG00000169896.18	ITGAM	5.664432294058734
ENSG00000182885.17	ADGRG3	5.656414992091685
ENSG00000136826.15	KLF4	5.645536975546043
ENSG00000179348.11	GATA2	5.636085907219719
ENSG00000278705.1	HIST1H4B	5.631537614657038
ENSG00000163993.7	S100P	5.631244402139117
ENSG00000175899.14	A2M	5.628766110729256
ENSG00000163421.9	PROK2	5.62327314551428
ENSG00000267303.1	AC011511.4	5.622559624285877
ENSG00000259207.7	ITGB3	5.622006706669234
ENSG00000113657.13	DPYSL3	5.618613742419662
ENSG00000133026.12	MYH10	5.612213682560149
ENSG00000197976.12	AKAP17A	5.607174692295869
ENSG00000276966.2	HIST1H4E	5.596803050781964
ENSG00000125740.14	FOSB	5.590113746882842
ENSG00000197632.9	SERPINB2	5.575720809873625
ENSG00000180596.7	HIST1H2BC	5.562829231884158
ENSG00000172322.14	CLEC12A	5.5613895220763405
ENSG00000122786.20	CALD1	5.552669414803875
ENSG00000109321.11	AREG	5.547222806886216
ENSG00000008394.13	MGST1	5.521930322612691
ENSG00000103569.9	AQP9	5.517599337336624
ENSG00000129226.14	CD68	5.508647427177598
ENSG00000204010.3	IFIT1B	5.508120106599907
ENSG00000005961.18	ITGA2B	5.506722808763605
ENSG00000172247.4	C1QTNF4	5.492352596055129
ENSG00000011465.17	DCN	5.472044292864786
ENSG00000000938.13	FGR	5.472018148343065
ENSG00000162367.11	TAL1	5.459963416099783
ENSG00000100320.23	RBFOX2	5.435819235241029
ENSG00000275713.2	HIST1H2BH	5.426857673802318
ENSG00000274997.1	HIST1H2AH	5.4239446839748435
ENSG00000273983.1	HIST1H3G	5.421892770983765
ENSG00000185130.5	HIST1H2BL	5.3963619515149315
ENSG00000188404.9	SELL	5.39308597953499
ENSG00000203814.6	HIST2H2BF	5.392343219738421
ENSG00000179583.19	CIITA	5.386320037229278
ENSG00000169184.6	MN1	5.377637575340429
ENSG00000188906.16	LRRK2	5.35551016134306
ENSG00000163751.4	CPA3	5.344760093241045
ENSG00000124491.15	F13A1	5.342775534844
ENSG00000118520.14	ARG1	5.34030200460822
ENSG00000153283.12	CD96	5.338797056357445
ENSG00000184270.5	HIST2H2AB	5.335745809850078
ENSG00000186407.7	CD300E	5.3333100825100175
ENSG00000169439.12	SDC2	5.326710665860987
ENSG00000110092.3	CCND1	5.3216845406010025
ENSG00000166681.13	BEX3	5.3171150728289
ENSG00000103855.18	CD276	5.315469710923861
ENSG00000139329.5	LUM	5.301752786081094
ENSG00000188643.11	S100A16	5.297391927079307
ENSG00000163736.4	PPBP	5.293805141893811
ENSG00000169855.20	ROBO1	5.288789709166225
ENSG00000276644.5	DACH1	5.282067011815743
ENSG00000128040.11	SPINK2	5.27858097612973
ENSG00000176788.9	BASP1	5.257920837093683
ENSG00000184226.15	PCDH9	5.256950443140782
ENSG00000198848.12	CES1	5.253612091439378
ENSG00000182162.11	P2RY8	5.253364820986326
ENSG00000133069.17	TMCC2	5.2484790187239625
ENSG00000105472.13	CLEC11A	5.248320372435747
ENSG00000073756.12	PTGS2	5.240266920591452
ENSG00000166825.14	ANPEP	5.239141144189939
ENSG00000162849.16	KIF26B	5.234725998409079
ENSG00000176887.7	SOX11	5.231276231954156
ENSG00000147180.16	ZNF711	5.229702264507077
ENSG00000157404.15	KIT	5.226406786533113
ENSG00000144893.12	MED12L	5.224411498361426
ENSG00000091136.14	LAMB1	5.22441043992143
ENSG00000104341.16	LAPTM4B	5.223432915877884
ENSG00000077984.6	CST7	5.219674288950703
ENSG00000188153.13	COL4A5	5.21958541970753
ENSG00000198692.10	EIF1AY	5.213539727705347
ENSG00000134323.12	MYCN	5.210316541141899
ENSG00000159217.10	IGF2BP1	5.206781864237765
ENSG00000232653.8	GOLGA8N	5.2033258689986255
ENSG00000154277.12	UCHL1	5.203013279301465
ENSG00000118785.14	SPP1	5.19925755924573
ENSG00000204103.4	MAFB	5.197455647736267
ENSG00000008516.17	MMP25	5.196965224696618
ENSG00000240184.7	PCDHGC3	5.185955572654243
ENSG00000134827.8	TCN1	5.173967397768247
ENSG00000169403.12	PTAFR	5.172003252795447
ENSG00000158856.18	DMTN	5.171090096134311
ENSG00000115457.10	IGFBP2	5.16780458158047
ENSG00000203710.11	CR1	5.1513543097238985
ENSG00000133246.12	PRAM1	5.147549859189546
ENSG00000138795.10	LEF1	5.140220251108956
ENSG00000142089.16	IFITM3	5.130849504897851
ENSG00000049323.16	LTBP1	5.118317525442932
ENSG00000078596.11	ITM2A	5.117056430150427
ENSG00000152661.9	GJA1	5.116998869104266
ENSG00000185551.15	NR2F2	5.114478306584443
ENSG00000099250.18	NRP1	5.113069734843969
ENSG00000106484.15	MEST	5.110130706990826
ENSG00000158517.14	NCF1	5.107295556250658
ENSG00000198695.2	MT-ND6	5.103993751444081
ENSG00000138772.13	ANXA3	5.1032110372694435
ENSG00000166349.9	RAG1	5.096448786881692
ENSG00000163191.6	S100A11	5.095385899108854
ENSG00000019991.18	HGF	5.092873441534477
ENSG00000137285.10	TUBB2B	5.088979768423991
ENSG00000196684.12	HSH2D	5.084193998972979
ENSG00000111057.11	KRT18	5.078938516504104
ENSG00000170558.9	CDH2	5.078839677391527
ENSG00000140678.16	ITGAX	5.07882062018536
ENSG00000117519.16	CNN3	5.076182895440641
ENSG00000101439.9	CST3	5.0715785104234845
ENSG00000138080.13	EMILIN1	5.070283396329293
ENSG00000204262.14	COL5A2	5.068175781246586
ENSG00000173546.7	CSPG4	5.060801823649657
ENSG00000143248.13	RGS5	5.055029080281475
ENSG00000135046.14	ANXA1	5.050676943853941
ENSG00000197471.12	SPN	5.0375735789367075
ENSG00000134184.12	GSTM1	5.036452219791203
ENSG00000169994.18	MYO7B	5.025850691137746
ENSG00000143776.18	CDC42BPA	5.02503451574762
ENSG00000164330.17	EBF1	5.016784976002976
ENSG00000138722.10	MMRN1	4.996629624000027
ENSG00000140287.11	HDC	4.996611310863351
ENSG00000258227.7	CLEC5A	4.99422816469541
ENSG00000115956.10	PLEK	4.99041067732906
ENSG00000278588.1	HIST1H2BI	4.990150533622552
ENSG00000221869.4	CEBPD	4.982408351099029
ENSG00000101307.15	SIRPB1	4.978336359514804
ENSG00000170476.15	MZB1	4.973746700091118
ENSG00000276903.1	HIST1H2AL	4.960202420180611
ENSG00000110492.15	MDK	4.951640212978869
ENSG00000257017.8	HP	4.946047927682983
ENSG00000067141.17	NEO1	4.939348523628835
ENSG00000166428.13	PLD4	4.918280024377011
ENSG00000172995.16	ARPP21	4.910781813233571
ENSG00000011600.11	TYROBP	4.896007805290637
ENSG00000164929.17	BAALC	4.891477644492035
ENSG00000070087.14	PFN2	4.890749033070142
ENSG00000162711.17	NLRP3	4.889650074724029
ENSG00000120833.14	SOCS2	4.889430431524383
ENSG00000079102.16	RUNX1T1	4.88767676358528
ENSG00000125869.10	LAMP5	4.886237685915716
ENSG00000196562.14	SULF2	4.878561517730652
ENSG00000075340.23	ADD2	4.876441610994161
ENSG00000074657.13	ZNF532	4.870005736844672
ENSG00000117318.9	ID3	4.853251765792036
ENSG00000184792.16	OSBP2	4.846886804191021
ENSG00000127951.7	FGL2	4.844326662483262
ENSG00000136286.16	MYO1G	4.842581132407644
ENSG00000204287.14	HLA-DRA	4.82334330366871
ENSG00000162599.17	NFIA	4.821653623016818
ENSG00000141756.18	FKBP10	4.820832581086283
ENSG00000164111.15	ANXA5	4.81829384286365
ENSG00000245848.3	CEBPA	4.817738184214627
ENSG00000231389.7	HLA-DPA1	4.807809729880854
ENSG00000182168.15	UNC5C	4.802374293305918
ENSG00000055118.14	KCNH2	4.798346305922402
ENSG00000060558.3	GNA15	4.791333114459114
ENSG00000275379.1	HIST1H3I	4.7886485526326865
ENSG00000172243.17	CLEC7A	4.781826856870163
ENSG00000105997.22	HOXA3	4.779604576351757
ENSG00000156298.12	TSPAN7	4.778082120444673
ENSG00000135636.14	DYSF	4.774794246256827
ENSG00000112769.19	LAMA4	4.769141807294017
ENSG00000138829.12	FBN2	4.76866391395705
ENSG00000141753.7	IGFBP4	4.767493223540405
ENSG00000110077.14	MS4A6A	4.763474480213641
ENSG00000184937.14	WT1	4.761871107284684
ENSG00000204388.7	HSPA1B	4.761553841649454
ENSG00000278828.1	HIST1H3H	4.7600096128390375
ENSG00000152767.16	FARP1	4.75973112494433
ENSG00000196787.3	HIST1H2AG	4.752156970886453
ENSG00000197747.9	S100A10	4.74324421400215
ENSG00000117115.13	PADI2	4.739029362664008
ENSG00000180592.16	SKIDA1	4.731857873455268
ENSG00000076706.17	AP002956.1	4.726393996403683
ENSG00000125538.11	IL1B	4.711727198327155
ENSG00000110799.13	VWF	4.709226948557166
ENSG00000104267.10	CA2	4.697386666140649
ENSG00000152078.10	TMEM56	4.690297476380406
ENSG00000127152.18	BCL11B	4.686096915859618
ENSG00000177575.12	CD163	4.6839391935444965
ENSG00000116701.14	NCF2	4.681824172034139
ENSG00000105426.16	PTPRS	4.68105047372322
ENSG00000239998.6	LILRA2	4.675119959538144
ENSG00000169604.19	ANTXR1	4.67343201324531
ENSG00000251322.8	SHANK3	4.668263091570433
ENSG00000196735.11	HLA-DQA1	4.660718003964084
ENSG00000077942.19	FBLN1	4.6549334778055576
ENSG00000105369.9	CD79A	4.6537262168710605
ENSG00000012779.11	ALOX5	4.652946052920146
ENSG00000047597.7	XK	4.641197998218466
ENSG00000141526.16	SLC16A3	4.639546286369607
ENSG00000182578.13	CSF1R	4.639378548591136
ENSG00000150760.12	DOCK1	4.636846258095198
ENSG00000204613.11	TRIM10	4.626189406844332
ENSG00000154096.13	THY1	4.626169306543034
ENSG00000204389.9	HSPA1A	4.613377433430347
ENSG00000072832.14	CRMP1	4.609446841859944
ENSG00000135218.19	CD36	4.6075185979022
ENSG00000173868.11	PHOSPHO1	4.606815774319737
ENSG00000149257.14	SERPINH1	4.600260645864185
ENSG00000162747.11	FCGR3B	4.598922082137523
ENSG00000130529.16	TRPM4	4.593677402001051
ENSG00000130300.9	PLVAP	4.591590420132061
ENSG00000111052.7	LIN7A	4.589526099917275
ENSG00000020181.17	ADGRA2	4.586612791935778
ENSG00000136193.17	SCRN1	4.58330715717395
ENSG00000172543.8	CTSW	4.5827625992157515
ENSG00000159307.19	SCUBE1	4.5769524693660335
ENSG00000169442.9	CD52	4.573737063779045
ENSG00000136689.18	IL1RN	4.5725316809441505
ENSG00000148468.17	FAM171A1	4.57186453511251
ENSG00000037280.16	FLT4	4.571486052656212
ENSG00000164741.15	DLC1	4.567423676849096
ENSG00000242550.6	SERPINB10	4.564837924951663
ENSG00000095932.6	SMIM24	4.562869033718799
ENSG00000204099.11	NEU4	4.558703154144856
ENSG00000106006.6	HOXA6	4.558292313706681
ENSG00000158825.6	CDA	4.558174254554189
ENSG00000100427.15	MLC1	4.553994551874548
ENSG00000121552.4	CSTA	4.551271614130659
ENSG00000019582.15	CD74	4.5464085496169195
ENSG00000144668.12	ITGA9	4.546299811604588
ENSG00000149948.13	HMGA2	4.544855846123959
ENSG00000106624.11	AEBP1	4.541799582097109
ENSG00000138650.9	PCDH10	4.537069897209533
ENSG00000168461.13	RAB31	4.534258985596854
ENSG00000152495.11	CAMK4	4.534162520044115
ENSG00000134531.10	EMP1	4.533190587428443
ENSG00000149131.15	SERPING1	4.533074134962849
ENSG00000132688.11	NES	4.53185559366227
ENSG00000109472.14	CPE	4.529123403686345
ENSG00000198829.6	SUCNR1	4.526791762611396
ENSG00000101162.3	TUBB1	4.5232767239895475
ENSG00000140937.14	CDH11	4.522816044816734
ENSG00000174099.11	MSRB3	4.5215631444844115
ENSG00000145335.15	SNCA	4.510132686049807
ENSG00000144724.20	PTPRG	4.507512404843838
ENSG00000176076.7	KCNE5	4.505021452782352
ENSG00000142347.18	MYO1F	4.503809526791438
ENSG00000170689.10	HOXB9	4.501105507892441
ENSG00000103313.12	MEFV	4.500353024602636
ENSG00000101445.10	PPP1R16B	4.4952916399685625
ENSG00000148498.16	PARD3	4.48910773159527
ENSG00000272636.4	DOC2B	4.483021682413902
ENSG00000164684.13	ZNF704	4.482867374928686
ENSG00000042062.12	RIPOR3	4.482316943202044
ENSG00000130821.16	SLC6A8	4.477562856845737
ENSG00000105610.5	KLF1	4.4743764685258
ENSG00000133110.15	POSTN	4.472124977862518
ENSG00000227051.6	C14orf132	4.467960677750603
ENSG00000154188.10	ANGPT1	4.464924329062841
ENSG00000124006.15	OBSL1	4.458097147048376
ENSG00000258947.7	TUBB3	4.454445304526107
ENSG00000185862.7	EVI2B	4.451853292435702
ENSG00000153707.17	PTPRD	4.447566074421077
ENSG00000196358.11	NTNG2	4.444796609642659
ENSG00000171777.16	RASGRP4	4.434301888746237
ENSG00000134369.15	NAV1	4.430873576345031
ENSG00000140379.8	BCL2A1	4.430222367033132
ENSG00000007038.11	PRSS21	4.426013822574855
ENSG00000133101.10	CCNA1	4.4155663643879794
ENSG00000061676.15	NCKAP1	4.415128373666361
ENSG00000102935.11	ZNF423	4.407509473874327
ENSG00000196126.11	HLA-DRB1	4.4036658005629725
ENSG00000158869.11	FCER1G	4.403599193989703
ENSG00000109906.13	ZBTB16	4.401733065687175
ENSG00000112303.14	VNN2	4.4016515930699285
ENSG00000234906.10	APOC2	4.396668266322149
ENSG00000155966.13	AFF2	4.392723621397402
ENSG00000170891.11	CYTL1	4.390099101729178
ENSG00000182557.8	SPNS3	4.389888098956727
ENSG00000135052.16	GOLM1	4.389441006430572
ENSG00000010610.10	CD4	4.384259411038062
ENSG00000142798.20	HSPG2	4.383808592020663
ENSG00000166503.9	HDGFL3	4.378618542822215
ENSG00000187116.13	LILRA5	4.376597046652505
ENSG00000079385.22	CEACAM1	4.375294786783146
ENSG00000183853.18	KIRREL1	4.36766263709554
ENSG00000164125.15	GASK1B	4.366210025960626
ENSG00000126759.13	CFP	4.363926467887696
ENSG00000100097.12	LGALS1	4.360723899943806
ENSG00000010278.14	CD9	4.356837767273791
ENSG00000216490.4	IFI30	4.353453990395928
ENSG00000136842.14	TMOD1	4.3459400819387275
ENSG00000092421.16	SEMA6A	4.3450571860352305
ENSG00000101384.12	JAG1	4.343226406377421
ENSG00000182866.17	LCK	4.342482029940582
ENSG00000182022.18	CHST15	4.335308298026772
ENSG00000104723.20	TUSC3	4.3341598818651645
ENSG00000274290.2	HIST1H2BE	4.330360510198426
ENSG00000099864.18	PALM	4.329579238636877
ENSG00000131042.14	LILRB2	4.32180333952731
ENSG00000069188.17	SDK2	4.319273839552729
ENSG00000146674.15	IGFBP3	4.3190273275803515
ENSG00000168685.15	IL7R	4.312170511744637
ENSG00000127528.5	KLF2	4.310712797796464
ENSG00000006118.14	TMEM132A	4.307127087925676
ENSG00000130294.16	KIF1A	4.306633205664798
ENSG00000165702.14	GFI1B	4.30526547089097
ENSG00000167483.18	FAM129C	4.305152021803529
ENSG00000273802.2	HIST1H2BG	4.304952430131859
ENSG00000134590.13	RTL8C	4.300477739313264
ENSG00000175591.11	P2RY2	4.297312008736703
ENSG00000108405.4	P2RX1	4.293079145691459
ENSG00000240583.12	AQP1	4.292717184497434
ENSG00000151914.20	DST	4.2839432595410845
ENSG00000206557.6	TRIM71	4.280449435205302
ENSG00000115085.13	ZAP70	4.279123470534923
ENSG00000070018.9	LRP6	4.277126135872463
ENSG00000104177.18	MYEF2	4.273628288372747
ENSG00000181631.7	P2RY13	4.273607434950933
ENSG00000090376.10	IRAK3	4.273269536403939
ENSG00000178695.5	KCTD12	4.271661765638139
ENSG00000165072.10	MAMDC2	4.270775456178195
ENSG00000136026.14	CKAP4	4.270073535279084
ENSG00000135604.9	STX11	4.269207818451149
ENSG00000130147.16	SH3BP4	4.263316160125337
ENSG00000054793.13	ATP9A	4.2619673771446225
ENSG00000136869.16	TLR4	4.261748453061151
ENSG00000066336.11	SPI1	4.2604910687842095
ENSG00000184545.11	DUSP8	4.2550686902523935
ENSG00000128383.13	APOBEC3A	4.254524807537913
ENSG00000161544.10	CYGB	4.253205358893103
ENSG00000137462.8	TLR2	4.2511520166619885
ENSG00000137959.16	IFI44L	4.246360261724113
ENSG00000118257.16	NRP2	4.235939511918121
ENSG00000126878.13	AIF1L	4.232364604546479
ENSG00000132465.11	JCHAIN	4.231622292115252
ENSG00000139289.13	PHLDA1	4.230189318206088
ENSG00000186818.12	LILRB4	4.228154193304435
ENSG00000214717.12	ZBED1	4.227899651149017
ENSG00000111799.21	COL12A1	4.227279902665734
ENSG00000105967.16	TFEC	4.224585391246994
ENSG00000198938.2	MT-CO3	4.222950185320116
ENSG00000100721.11	TCL1A	4.221397638595783
ENSG00000156575.2	PRG3	4.220534650106439
ENSG00000053438.11	NNAT	4.216830817507446
ENSG00000112299.8	VNN1	4.2155714359591805
ENSG00000128815.19	WDFY4	4.2153483000420735
ENSG00000100504.17	PYGL	4.215066688494505
ENSG00000101210.12	EEF1A2	4.210045434094728
ENSG00000275221.1	HIST1H2AK	4.209656713718339
ENSG00000157110.16	RBPMS	4.207967730408764
ENSG00000106211.9	HSPB1	4.207027587945788
ENSG00000087116.16	ADAMTS2	4.2062293560332975
ENSG00000137265.15	IRF4	4.198229196328368
ENSG00000164398.14	ACSL6	4.196380823314619
ENSG00000118503.15	TNFAIP3	4.193361846559856
ENSG00000067445.20	TRO	4.192512605265251
ENSG00000122592.8	HOXA7	4.1917386700905475
ENSG00000002586.20	CD99	4.189687714708702
ENSG00000162551.14	ALPL	4.186372900613375
ENSG00000197993.9	KEL	4.184873439473007
ENSG00000170909.13	OSCAR	4.180929816744848
ENSG00000107731.12	UNC5B	4.176781526467153
ENSG00000100368.14	CSF2RB	4.175251077632418
ENSG00000183779.7	ZNF703	4.173993685610668
ENSG00000113721.14	PDGFRB	4.165177769813864
ENSG00000173482.16	PTPRM	4.163615487213899
ENSG00000172889.16	EGFL7	4.1628041374725555
ENSG00000135144.7	DTX1	4.162420997458459
ENSG00000110693.18	SOX6	4.160889988942407
ENSG00000277150.1	F8A3	4.1554187623255086
ENSG00000166165.13	CKB	4.1535117850877565
ENSG00000172260.15	NEGR1	4.1488452808486205
ENSG00000111341.9	MGP	4.144644680872834
ENSG00000232810.4	TNF	4.14424332473674
ENSG00000119508.18	NR4A3	4.141343957876044
ENSG00000124813.23	RUNX2	4.140193320295458
ENSG00000110665.11	C11orf21	4.1385412123000345
ENSG00000170837.2	GPR27	4.136265375468752
ENSG00000142583.17	SLC2A5	4.135247207804195
ENSG00000168421.13	RHOH	4.1351912691332995
ENSG00000133169.6	BEX1	4.1320665946000155
ENSG00000153404.14	PLEKHG4B	4.131322698344815
ENSG00000170160.17	CCDC144A	4.12601569288926
ENSG00000102024.18	PLS3	4.121998158367115
ENSG00000082397.17	EPB41L3	4.118451740747778
ENSG00000138061.12	CYP1B1	4.118071665900816
ENSG00000169432.16	SCN9A	4.116864499105591
ENSG00000177706.9	FAM20C	4.109504121744779
ENSG00000118513.19	MYB	4.10146607803373
ENSG00000109099.15	PMP22	4.095869691215863
ENSG00000123405.14	NFE2	4.09322618462862
ENSG00000117114.19	ADGRL2	4.085819124636378
ENSG00000158373.8	HIST1H2BD	4.085781989132532
ENSG00000130881.14	LRP3	4.0830929668302485
ENSG00000003436.16	TFPI	4.079854770087497
ENSG00000159335.16	PTMS	4.079848609189447
ENSG00000255398.2	HCAR3	4.079553318696949
ENSG00000132965.9	ALOX5AP	4.078330218258392
ENSG00000147852.16	VLDLR	4.076947010187317
ENSG00000159713.11	TPPP3	4.075986518982132
ENSG00000135047.15	CTSL	4.0756501010061585
ENSG00000124942.14	AHNAK	4.074543634615228
ENSG00000277632.2	CCL3	4.073373417946178
ENSG00000108511.10	HOXB6	4.071825913063219
ENSG00000173372.17	C1QA	4.071458590783445
ENSG00000139970.17	RTN1	4.071456412777518
ENSG00000163625.15	WDFY3	4.06928700113752
ENSG00000162676.12	GFI1	4.063338388907136
ENSG00000183598.3	HIST2H3D	4.058018864763451
ENSG00000138449.10	SLC40A1	4.0535561563860005
ENSG00000086730.17	LAT2	4.053133330954407
ENSG00000223865.11	HLA-DPB1	4.052055024399779
ENSG00000107438.9	PDLIM1	4.051535615136819
ENSG00000173801.17	JUP	4.0502250227058365
ENSG00000277157.1	HIST1H4D	4.049999842677101
ENSG00000142611.17	PRDM16	4.0475715392375085
ENSG00000025708.14	TYMP	4.040308752880162
ENSG00000159189.12	C1QC	4.038396210797458
ENSG00000145431.11	PDGFC	4.03654655622584
ENSG00000137331.12	IER3	4.03572286361432
ENSG00000173369.16	C1QB	4.034029217507867
ENSG00000144802.11	NFKBIZ	4.030229418595027
ENSG00000101335.10	MYL9	4.028545978421723
ENSG00000164691.17	TAGAP	4.0270066300268725
ENSG00000165949.12	IFI27	4.012702903576402
ENSG00000137460.8	FHDC1	4.009621504150694
ENSG00000054654.16	SYNE2	4.008387794805854
ENSG00000005844.17	ITGAL	4.007721698409698
ENSG00000156011.17	PSD3	4.006249610530342
ENSG00000165655.17	ZNF503	4.00572841603528
ENSG00000147459.18	DOCK5	4.001952572574772
ENSG00000254415.3	SIGLEC14	4.00035522972428
ENSG00000106066.15	CPVL	4.0001442286706395
ENSG00000120738.8	EGR1	3.997838240900448
ENSG00000145287.10	PLAC8	3.994946266182304
ENSG00000189068.11	VSTM1	3.992487796524578
ENSG00000162104.10	ADCY9	3.9924723862753417
ENSG00000173334.4	TRIB1	3.990092268760175
ENSG00000085276.18	MECOM	3.9863006011828293
ENSG00000187837.3	HIST1H1C	3.9818342200136483
ENSG00000116133.13	DHCR24	3.9780834356633874
ENSG00000156738.17	MS4A1	3.97284821377725
ENSG00000151651.16	ADAM8	3.9701154570299
ENSG00000030419.16	IKZF2	3.968429651138707
ENSG00000081041.9	CXCL2	3.967011376685565
ENSG00000169224.13	GCSAML	3.9649318410810426
ENSG00000204577.11	LILRB3	3.963290876410703
ENSG00000128918.15	ALDH1A2	3.9629410577606055
ENSG00000100292.17	HMOX1	3.9617568150514004
ENSG00000182809.10	CRIP2	3.961324349338417
ENSG00000134755.16	DSC2	3.9611110486808645
ENSG00000198520.12	ARMH1	3.956793429915528
ENSG00000168497.5	CAVIN2	3.9558637917669515
ENSG00000175489.10	LRRC25	3.953996206968535
ENSG00000170627.11	GTSF1	3.9534836368764386
ENSG00000092964.18	DPYSL2	3.9528338811963755
ENSG00000079308.19	TNS1	3.9520689507719022
ENSG00000137726.17	FXYD6	3.9509778098852824
ENSG00000166341.8	DCHS1	3.9502286311522266
ENSG00000115165.10	CYTIP	3.9479913649893104
ENSG00000139679.15	LPAR6	3.946204264757626
ENSG00000104067.16	TJP1	3.944995568997134
ENSG00000276085.1	CCL3L1	3.944711071306735
ENSG00000196914.9	ARHGEF12	3.9434756916152174
ENSG00000273542.1	HIST1H4K	3.941358094092742
ENSG00000167815.12	PRDX2	3.9352751379883673
ENSG00000160255.18	ITGB2	3.9315435601109936
ENSG00000078018.19	MAP2	3.9301761420272734
ENSG00000277258.5	PCGF2	3.929466814928814
ENSG00000005108.16	THSD7A	3.9203167102502245
ENSG00000167286.9	CD3D	3.9197260092809505
ENSG00000024422.12	EHD2	3.919124370755251
ENSG00000125810.10	CD93	3.918592111354768
ENSG00000142949.17	PTPRF	3.916043549758076
ENSG00000270276.2	HIST2H4B	3.915685176388634
ENSG00000063660.9	GPC1	3.915580446609783
ENSG00000270882.2	HIST2H4A	3.9121948239932927
ENSG00000013725.14	CD6	3.9083387794831674
ENSG00000161921.15	CXCL16	3.9076853755967913
ENSG00000189184.11	PCDH18	3.9028389363206095
ENSG00000134516.17	DOCK2	3.9011790701883924
ENSG00000131981.16	LGALS3	3.899892650014936
ENSG00000143369.15	ECM1	3.8997373002697158
ENSG00000177455.14	CD19	3.8991955023036264
ENSG00000196209.12	SIRPB2	3.8908461796078524
ENSG00000120594.17	PLXDC2	3.8904230149401675
ENSG00000064201.15	TSPAN32	3.888863567127767
ENSG00000102145.14	GATA1	3.8856164754851266
ENSG00000104435.13	STMN2	3.878225692366394
ENSG00000081059.20	TCF7	3.8739864413607843
ENSG00000134243.12	SORT1	3.8737201503735093
ENSG00000198959.12	TGM2	3.8720597305958258
ENSG00000120075.5	HOXB5	3.8712783127460617
ENSG00000204131.9	NHSL2	3.871062276128791
ENSG00000105737.9	GRIK5	3.869346415916207
ENSG00000178726.6	THBD	3.8688852220193977
ENSG00000165716.11	DIPK1B	3.8655227646037456
ENSG00000185585.20	OLFML2A	3.8639355118222682
ENSG00000183023.18	SLC8A1	3.861445145451461
ENSG00000085733.16	CTTN	3.859348679984497
ENSG00000183918.16	SH2D1A	3.8592050819496624
ENSG00000173917.10	HOXB2	3.855127398128756
ENSG00000138119.17	MYOF	3.851836520869795
ENSG00000140968.11	IRF8	3.850726801173084
ENSG00000012124.17	CD22	3.849694785279223
ENSG00000162512.16	SDC3	3.8481429452486897
ENSG00000146373.16	RNF217	3.8464094960963378
ENSG00000140022.13	STON2	3.8430926441352145
ENSG00000163393.13	SLC22A15	3.8402819058096833
ENSG00000106565.18	TMEM176B	3.8393185596490707
ENSG00000153234.14	NR4A2	3.8390885561719426
ENSG00000005187.12	ACSM3	3.835094990078603
ENSG00000130203.10	APOE	3.83120797848551
ENSG00000006534.16	ALDH3B1	3.8303574368982383
ENSG00000187079.17	TEAD1	3.829697137719135
ENSG00000129116.19	PALLD	3.828983778073844
ENSG00000004468.13	CD38	3.8259813358225987
ENSG00000122378.14	PRXL2A	3.8222254210313626
ENSG00000104447.12	TRPS1	3.821172915066359
ENSG00000105374.10	NKG7	3.821108060816317
ENSG00000167680.16	SEMA6B	3.8209934059956385
ENSG00000144655.15	CSRNP1	3.81896506395001
ENSG00000136235.16	GPNMB	3.8179902981519
ENSG00000065534.18	MYLK	3.812155370835329
ENSG00000163661.4	PTX3	3.8113090978891644
ENSG00000184371.14	CSF1	3.8090173528871567
ENSG00000005073.5	HOXA11	3.8084356166838753
ENSG00000170549.4	IRX1	3.8057401412510843
ENSG00000165092.13	ALDH1A1	3.8050363145346284
ENSG00000182676.5	PPP1R27	3.804649296461537
ENSG00000062524.16	LTK	3.802012986532992
ENSG00000132694.18	ARHGEF11	3.801147500652965
ENSG00000185811.19	IKZF1	3.7996117197537234
ENSG00000153531.13	ADPRHL1	3.798816896847456
ENSG00000274618.1	HIST1H4F	3.796745611694436
ENSG00000046653.15	GPM6B	3.796257413669072
ENSG00000163694.15	RBM47	3.7939309551049494
ENSG00000077782.20	FGFR1	3.7925804787886856
ENSG00000196154.12	S100A4	3.7917420710355696
ENSG00000109686.18	SH3D19	3.7899700570482424
ENSG00000153253.18	SCN3A	3.789790793516966
ENSG00000020633.18	RUNX3	3.786169681619233
ENSG00000137267.6	TUBB2A	3.7854078217078975
ENSG00000166482.11	MFAP4	3.784127779035854
ENSG00000106546.14	AHR	3.7820299979533982
ENSG00000128641.19	MYO1B	3.780203631563228
ENSG00000169508.7	GPR183	3.7799824023980046
ENSG00000205978.6	NYNRIN	3.7789935366329113
ENSG00000166147.13	FBN1	3.777554281822996
ENSG00000140563.15	MCTP2	3.777085671964861
ENSG00000167207.13	NOD2	3.773448699278518
ENSG00000276410.3	HIST1H2BB	3.7713359232075594
ENSG00000138185.20	ENTPD1	3.766596988771124
ENSG00000151062.15	CACNA2D4	3.763958193970324
ENSG00000110324.10	IL10RA	3.7630385310603645
ENSG00000118971.8	CCND2	3.7616559473858007
ENSG00000170153.11	RNF150	3.758349913766773
ENSG00000124145.6	SDC4	3.7575572825560375
ENSG00000105339.10	DENND3	3.7570965397138623
ENSG00000160654.10	CD3G	3.755579186258122
ENSG00000122642.11	FKBP9	3.751781362368667
ENSG00000113594.10	LIFR	3.749678522554195
ENSG00000196371.3	FUT4	3.748768080053358
ENSG00000130396.20	AFDN	3.7474206220010817
ENSG00000070371.16	CLTCL1	3.7469785275855663
ENSG00000186399.10	GOLGA8R	3.740347306588593
ENSG00000254726.3	MEX3A	3.73985524237349
ENSG00000142178.8	SIK1	3.739758793326009
ENSG00000107742.13	SPOCK2	3.7371393925600764
ENSG00000161681.15	SHANK1	3.7370744236858084
ENSG00000125534.10	PPDPF	3.736757364031153
ENSG00000110446.11	SLC15A3	3.736125276263192
ENSG00000075618.18	FSCN1	3.735990262919612
ENSG00000160593.18	JAML	3.73557435876966
ENSG00000115183.15	TANC1	3.7329504862739458
ENSG00000105383.15	CD33	3.732689997473904
ENSG00000047365.12	ARAP2	3.7324424668983043
ENSG00000101347.9	SAMHD1	3.731863856444245
ENSG00000136848.17	DAB2IP	3.728804194190463
ENSG00000271503.6	CCL5	3.728625492013495
ENSG00000179241.13	LDLRAD3	3.726425918656152
ENSG00000183019.7	MCEMP1	3.722103963811743
ENSG00000197409.7	HIST1H3D	3.7220240652551193
ENSG00000160223.17	ICOSLG	3.716533052688981
ENSG00000205336.11	ADGRG1	3.7150190064566173
ENSG00000154451.14	GBP5	3.7142949666425404
ENSG00000123358.20	NR4A1	3.7140014986903895
ENSG00000187164.20	SHTN1	3.712302139883986
ENSG00000154545.16	MAGED4	3.7111526270495747
ENSG00000166278.15	C2	3.7051361885061658
ENSG00000110448.11	CD5	3.704381421809902
ENSG00000100600.15	LGMN	3.704318036238309
ENSG00000172794.20	RAB37	3.7011040846716443
ENSG00000081237.20	PTPRC	3.700909117199184
ENSG00000155465.18	SLC7A7	3.700673686319331
ENSG00000164176.13	EDIL3	3.6994762211686423
ENSG00000184347.14	SLIT3	3.6981891556587354
ENSG00000213949.9	ITGA1	3.6954057220544336
ENSG00000163453.11	IGFBP7	3.6940797035258983
ENSG00000179542.16	SLITRK4	3.6932855220285963
ENSG00000149256.15	TENM4	3.6909865222388154
ENSG00000241399.7	CD302	3.677260228174639
ENSG00000182782.7	HCAR2	3.6765971613018116
ENSG00000122641.11	INHBA	3.673969115080207
ENSG00000170271.11	FAXDC2	3.6710549287981156
ENSG00000113070.8	HBEGF	3.669975461459144
ENSG00000101825.8	MXRA5	3.6669460873527235
ENSG00000173898.13	SPTBN2	3.6669102707100016
ENSG00000142405.21	NLRP12	3.6664993422816865
ENSG00000104894.12	CD37	3.665824747720618
ENSG00000198851.9	CD3E	3.6618332497106225
ENSG00000185222.10	TCEAL9	3.658531454020277
ENSG00000091986.15	CCDC80	3.6522880130339614
ENSG00000162738.6	VANGL2	3.650598868399631
ENSG00000125148.7	MT2A	3.649826924632056
ENSG00000060982.15	BCAT1	3.649784794088825
ENSG00000163823.4	CCR1	3.6495293036955627
ENSG00000129538.14	RNASE1	3.6478131040493356
ENSG00000104918.8	RETN	3.6473408960944145
ENSG00000074964.17	ARHGEF10L	3.646378398277221
ENSG00000046604.13	DSG2	3.645657740074945
ENSG00000113263.12	ITK	3.644162477751529
ENSG00000171236.10	LRG1	3.643513737028032
ENSG00000173762.8	CD7	3.642349497261249
ENSG00000139219.19	COL2A1	3.6412161595938213
ENSG00000011422.12	PLAUR	3.6408464452473988
ENSG00000105851.11	PIK3CG	3.6405469779781705
ENSG00000107738.20	VSIR	3.6397980173132196
ENSG00000275993.2	SIK1B	3.639415978333714
ENSG00000185559.16	DLK1	3.6387957893283294
ENSG00000140090.17	SLC24A4	3.6384943173906947
ENSG00000189060.5	H1F0	3.6360329957398467
ENSG00000198336.9	MYL4	3.6351869604256803
ENSG00000126353.3	CCR7	3.6346435568265547
ENSG00000121068.14	TBX2	3.627301294678322
ENSG00000164100.9	NDST3	3.626988833496956
ENSG00000092621.12	PHGDH	3.6262173466841183
ENSG00000169398.19	PTK2	3.6256748902569216
ENSG00000120549.18	KIAA1217	3.6244305660640777
ENSG00000137693.14	YAP1	3.6225794672902842
ENSG00000187010.21	RHD	3.622467656641075
ENSG00000170801.10	HTRA3	3.6143215062300116
ENSG00000182871.16	COL18A1	3.613671756785598
ENSG00000148488.17	ST8SIA6	3.613034400998576
ENSG00000196586.15	MYO6	3.612665246665539
ENSG00000051128.19	HOMER3	3.606655258690558
ENSG00000248672.5	LY75-CD302	3.605665390576576
ENSG00000000971.15	CFH	3.6039837427180785
ENSG00000147138.2	GPR174	3.602891374119614
ENSG00000011028.14	AC080038.1	3.5983310492851572
ENSG00000233822.4	HIST1H2BN	3.596522307141608
ENSG00000107130.10	NCS1	3.5931158997460115
ENSG00000146192.15	FGD2	3.5924406928523416
ENSG00000120278.16	PLEKHG1	3.5873947575465213
ENSG00000175745.14	NR2F1	3.5843210170181905
ENSG00000160201.11	U2AF1	3.5837256718851553
ENSG00000101493.11	ZNF516	3.5833913914218605
ENSG00000113749.7	HRH2	3.5799851645016076
ENSG00000170345.10	FOS	3.5793974115158345
ENSG00000184588.18	PDE4B	3.5772876614369973
ENSG00000113758.13	DBN1	3.5756930173779966
ENSG00000102038.15	SMARCA1	3.5743507729369135
ENSG00000167995.16	BEST1	3.5734176603176215
ENSG00000110934.11	BIN2	3.5721550432126423
ENSG00000203747.11	FCGR3A	3.5721337262714634
ENSG00000151948.12	GLT1D1	3.5714801440840547
ENSG00000179104.9	TMTC2	3.5683877404082365
ENSG00000136040.9	PLXNC1	3.567279072079374
ENSG00000174837.15	ADGRE1	3.566965972314268
ENSG00000162576.16	MXRA8	3.566942426967549
ENSG00000136167.14	LCP1	3.5649847720158543
ENSG00000001617.12	SEMA3F	3.5641261625700413
ENSG00000166086.12	JAM3	3.5619705162707116
ENSG00000150938.10	CRIM1	3.5619386687822243
ENSG00000203618.5	GP1BB	3.5602223315079766
ENSG00000169575.4	VPREB1	3.5598248213728976
ENSG00000184613.10	NELL2	3.559775878234412
ENSG00000066735.14	KIF26A	3.558875159937846
ENSG00000147862.17	NFIB	3.556730287818542
ENSG00000162745.10	OLFML2B	3.55306821078406
ENSG00000082781.12	ITGB5	3.5508784869647236
ENSG00000182636.7	NDN	3.548538012308475
ENSG00000084110.11	HAL	3.5437914448391696
ENSG00000204420.10	MPIG6B	3.5432221989278587
ENSG00000204580.13	DDR1	3.542712756173559
ENSG00000160712.13	IL6R	3.5399049061851193
ENSG00000175183.10	CSRP2	3.538722178981391
ENSG00000152492.15	CCDC50	3.5379525847554176
ENSG00000173391.9	OLR1	3.5372149548303775
ENSG00000182963.10	GJC1	3.535283629843196
ENSG00000112182.15	BACH2	3.5347758973071897
ENSG00000135919.13	SERPINE2	3.5339401435580897
ENSG00000143382.14	ADAMTSL4	3.5309509006984405
ENSG00000134138.20	MEIS2	3.5308765408416725
ENSG00000058866.15	DGKG	3.5307484375751934
ENSG00000127955.17	GNAI1	3.5280566384609906
ENSG00000107485.18	GATA3	3.525711474365492
ENSG00000159618.16	ADGRG5	3.5257068163356022
ENSG00000145555.15	MYO10	3.5238033002360942
ENSG00000105974.12	CAV1	3.5221608095691375
ENSG00000109113.20	RAB34	3.520204214851861
ENSG00000124635.8	HIST1H2BJ	3.518339201209768
ENSG00000112799.9	LY86	3.5180621781864874
ENSG00000130592.15	LSP1	3.515920074514242
ENSG00000073712.15	FERMT2	3.51577366649335
ENSG00000137571.11	SLCO5A1	3.5140957150608383
ENSG00000188626.6	GOLGA8M	3.5139202124748423
ENSG00000106236.4	NPTX2	3.509886987257569
ENSG00000128016.6	ZFP36	3.5088747227082364
ENSG00000112290.13	WASF1	3.505230655162687
ENSG00000156535.15	CD109	3.504788312497682
ENSG00000073792.15	IGF2BP2	3.502893748494928
ENSG00000131724.11	IL13RA1	3.5028689706096916
ENSG00000136854.21	STXBP1	3.500952337164579
ENSG00000132334.16	PTPRE	3.5003054230354294
ENSG00000113083.14	LOX	3.499736836653847
ENSG00000169908.12	TM4SF1	3.49952689836964
ENSG00000134247.10	PTGFRN	3.4995035631055798
ENSG00000204482.10	LST1	3.497551100676659
ENSG00000122585.8	NPY	3.497175172640651
ENSG00000099284.14	H2AFY2	3.4959606409652646
ENSG00000128283.7	CDC42EP1	3.49474710994826
ENSG00000174705.13	SH3PXD2B	3.4939301804918563
ENSG00000160789.20	LMNA	3.492231540574823
ENSG00000183696.14	UPP1	3.4843855631966405
ENSG00000109501.13	WFS1	3.4827506858544566
ENSG00000100968.14	NFATC4	3.48014350845639
ENSG00000178498.16	DTX3	3.479058857616956
ENSG00000108679.13	LGALS3BP	3.478976014084714
ENSG00000100365.16	NCF4	3.477956191074899
ENSG00000154146.13	NRGN	3.4744947318247936
ENSG00000204681.11	GABBR1	3.4726268081760128
ENSG00000151474.23	FRMD4A	3.4724984867394606
ENSG00000136231.14	IGF2BP3	3.471684772937783
ENSG00000089199.10	CHGB	3.4705027806579367
ENSG00000088882.8	CPXM1	3.470431894870788
ENSG00000213402.3	PTPRCAP	3.470353078558639
ENSG00000218336.9	TENM3	3.47009159499963
ENSG00000185950.9	IRS2	3.4655376755897525
ENSG00000182378.14	PLCXD1	3.461052966488122
ENSG00000170571.12	EMB	3.4610352528863793
ENSG00000151967.18	SCHIP1	3.460685071660123
ENSG00000198734.11	F5	3.4606673860267634
ENSG00000116016.14	EPAS1	3.4534083620081217
ENSG00000074370.18	ATP2A3	3.4500083063764135
ENSG00000183018.9	AC118754.1	3.449572130567517
ENSG00000148926.10	ADM	3.4493082801568633
ENSG00000130775.16	THEMIS2	3.4489459891902103
ENSG00000136250.11	AOAH	3.4462099583827097
ENSG00000181218.5	HIST3H2A	3.445908936020919
ENSG00000088367.22	EPB41L1	3.4444879408198794
ENSG00000166527.8	CLEC4D	3.4420230539427967
ENSG00000157985.19	AGAP1	3.4402202268367894
ENSG00000152377.14	SPOCK1	3.4401245719074547
ENSG00000108551.5	RASD1	3.4383320274963927
ENSG00000136573.14	BLK	3.4357249032450445
ENSG00000180543.4	TSPYL5	3.435268086986889
ENSG00000147488.11	ST18	3.4345489739924973
ENSG00000139626.16	ITGB7	3.4337525328166896
ENSG00000163697.17	APBB2	3.4333931967599893
ENSG00000136237.19	RAPGEF5	3.431171281946629
ENSG00000143851.15	PTPN7	3.4307357543172263
ENSG00000254470.2	AP5B1	3.426394027039923
ENSG00000147394.18	ZNF185	3.425184786099117
ENSG00000145362.18	ANK2	3.425059945347116
ENSG00000138759.19	FRAS1	3.4232451939815305
ENSG00000143878.9	RHOB	3.421062340131805
ENSG00000140398.13	NEIL1	3.4207407249388866
ENSG00000006042.12	TMEM98	3.4186100987442156
ENSG00000175274.18	TP53I11	3.4127027479595977
ENSG00000101336.14	HCK	3.4122342338042357
