sample_id	sample_type	sjid	subject	source	UMAP1	UMAP2
201985320079_R06C01	Patient tumor	SJRHB003925_A2	SJHBBTXWS	SHCRH	5.1577086	-4.8390903
201985320079_R07C01	Patient tumor	SJRHB003925_A3	SJHBBTXWS	SHCRH	5.136845	-4.868835
201985320048_R06C01	Patient tumor	SJRHB013759_A3	SJHBBZ2KJ	SHCRH	1.6538017	5.413368
201985320048_R07C01	Patient tumor	SJRHB046156_A3	SJHBB3C3S	SHCRH	1.2998362	4.5775023
201985320048_R05C01	Patient tumor	SJRHB003925_D2	SJHBBTXWS	SHCRH	5.0580144	-4.672483
201985320079_R08C01	Patient tumor	SJRHB003925_R1	SJHBBTXWS	SHCRH	5.134293	-4.8976254
201985320110_R01C01	Patient tumor	SJRHB003925_R2	SJHBBTXWS	SHCRH	5.051333	-4.7950654
201533620004_R07C01	Patient tumor	SJRHB003940_D2	SJHBBBV8Q	SHCRH	4.629384	1.0950261
201533520048_R02C01	Patient tumor	SJRHB056117_D1	SJHBBWMFQ	SHCRH	4.7330666	-0.47613782
201533640024_R05C01	Patient tumor	SJRHB003959_D1	SJHBBBWT8	SHCRH	5.3912816	1.3294276
201533620039_R08C01	Patient tumor	SJRHB073051_D1	SJHBB5NQ7	SHCRH	0.123470046	4.1934357
201533640009_R04C01	Patient tumor	SJRHB073052_D1	SJHBB6KSD	SHCRH	0.65710825	2.8629
201533520026_R08C01	Patient tumor	SJRHB030310_R2	SJHBBBX7M	SHCRH	-1.0733125	3.0624976
201985320170_R07C01	Xenograft	SJRHB011_X	SJHBBBY6J	SHCRH	4.9518304	0.37756124
201533520026_R02C01	Patient tumor	SJRHB000026_R6	SJHBBBWN3	SHCRH	3.202354	-0.10585491
201533520040_R07C01	Patient tumor	SJRHB000912_R3	SJHBBBZ4F	SHCRH	6.7149863	0.65576744
201985320183_R02C01	Xenograft	SJRHB012_Z	SJHBBBZ4F	SHCRH	6.7504416	0.6418323
201533640009_R07C01	Patient tumor	SJRHB073053_M1	SJHBBXVMP	SHCRH	1.142977	3.8024817
201533640009_R02C01	Patient tumor	SJRHB010468_D2	SJHBBYF4N	SHCRH	-0.40940946	2.898519
201985320170_R06C01	Xenograft	SJRHB010468_X1	SJHBBYF4N	SHCRH	-1.2407448	3.5913303
201533620039_R06C01	Patient tumor	SJRHB000026_R7	SJHBBBWN3	SHCRH	5.459337	1.8985412
201985320183_R01C01	Xenograft	SJRHB000026_X1	SJHBBBWN3	SHCRH	5.47235	1.9829296
201533620012_R06C01	Patient tumor	SJRHB073054_D1	SJHBBZ232	SHCRH	5.2700005	0.38422623
201985320048_R08C01	Patient tumor	SJRHB010463_R1	SJHBBXMQ2	SHCRH	1.1325833	5.2625628
201533640009_R01C01	Patient tumor	SJRHB013757_M1	SJHBBZN8M	SHCRH	0.32689348	2.979157
201985320170_R05C01	Xenograft	SJRHB000026_X2	SJHBBBWN3	SHCRH	5.461237	1.991665
201985320079_R01C01	Patient tumor	SJRHB003959_R2	SJHBBBWT8	SHCRH	5.092208	0.5811749
201985320170_R04C01	Xenograft	SJRHB012405_X1	SJHBBYRJR	SHCRH	4.861636	0.7951315
201985320079_R02C01	Patient tumor	SJRHB015720_R1	SJHBBZHWD	SHCRH	5.0958214	-4.964591
201985320079_R03C01	Patient tumor	SJRHB013758_D3	SJHBB2BSH	SHCRH	5.4379015	-0.74356836
201533520040_R02C01	Patient tumor	SJRHB010463_R2	SJHBBXMQ2	SHCRH	1.1384691	5.2088885
201985320079_R04C01	Patient tumor	SJRHB073055_D1	SJHBB2GSC	SHCRH	-0.649607	4.9794
201533620039_R05C01	Patient tumor	SJRHB073056_D1	SJHBB2MHX	SHCRH	4.8635006	1.7126752
201533640046_R02C01	Patient tumor	SJRHB073058_R1	SJHBBZVGM	SHCRH	-0.19335029	4.5243263
201985320079_R05C01	Patient tumor	SJRHB013758_D4	SJHBB2BSH	SHCRH	5.4312167	-0.8038467
201985320170_R03C01	Xenograft	SJRHB015721_X1	SJHBB2W6B	SHCRH	3.7889602	0.011464922
201533620039_R03C01	Patient tumor	SJRHB073059_D1	SJHBB33DD	SHCRH	4.915019	0.14678234
201985320170_R08C01	Xenograft	SJRHB015720_X1	SJHBBZHWD	SHCRH	5.0543365	-5.0491495
201247470016_R02C01	Patient tumor	SJRHB046156_M1	SJHBB3C3S	SHCRH	-1.4892285	3.7574666
201247470019_R07C01	Patient tumor	SJRHB073060_D1	SJHBB3BRH	SHCRH	3.8975282	-0.7027384
201247490021_R03C01	Patient tumor	SJRHB030348_D2	SJHBB4PFV	SHCRH	4.51813	-0.7147426
201247470016_R01C01	Patient tumor	SJRHB073062_M1	SJHBB4SFR	SHCRH	0.9999742	2.7037544
201533520040_R05C01	Patient tumor	SJRHB073063_D1	SJHBJP6CN	SHCRH	4.133915	0.15700217
203271750144_R05C01	Patient tumor	SJRHB030765_R1	SJHBNQ3S4	SHCRH	-0.81632507	3.688026
201247490021_R06C01	Patient tumor	SJRHB073064_D1	SJHBNJ6BC	SHCRH	4.10567	-0.40552175
201172580053_R05C01	Patient tumor	SJRHB073065_D1	SJHBR6V96	SHCRH	-0.47572976	4.826275
201172580053_R03C01	Patient tumor	SJRHB056481_D1	SJHBBXDYH	SHCRH	3.316282	0.8873907
201247470019_R06C01	Patient tumor	SJRHB073067_D1	SJHBBX2QM	SHCRH	4.030585	1.4035698
201172580047_R05C01	Patient tumor	SJRHB073069_D1	SJHBR6T86	SHCRH	3.1828234	0.6757629
201172580053_R02C01	Patient tumor	SJRHB073072_D1	SJHBBZBK8	SHCRH	0.6712694	3.6350133
201172580047_R06C01	Patient tumor	SJRHB073073_M1	SJHBR6T64	SHCRH	0.63751143	3.9838364
201533640031_R04C01	Patient tumor	SJRHB073074_D1	SJHBR6T53	SHCRH	1.1525248	3.1949217
201533640050_R06C01	Patient tumor	SJRHB073075_D1	SJHBR6T42	SHCRH	0.9297605	2.3927722
201492570102_R02C01	Patient tumor	SJRHB073077_M1	SJHBR6T3Z	SHCRH	-1.0144799	3.8975365
201533640009_R05C01	Patient tumor	SJRHB073080_D1	SJHBR6TYW	SHCRH	-0.36157963	4.426062
201247490021_R05C01	Patient tumor	SJRHB030142_D3	SJHBB46YW	SHCRH	3.9511137	-0.08919259
201172580047_R04C01	Patient tumor	SJRHB073081_R1	SJHBB4FF4	SHCRH	2.2774613	0.806501
201247470019_R05C01	Patient tumor	SJRHB030348_D3	SJHBB4PFV	SHCRH	4.4921384	-0.73990846
201492570224_R07C01	Patient tumor	SJRHB073082_D1	SJHBB4SDQ	SHCRH	0.18820311	4.495722
201533640023_R06C01	Patient tumor	SJRHB073083_D1	SJHBB4T3C	SHCRH	0.63236594	4.264425
201492570224_R05C01	Patient tumor	SJRHB073085_D1	SJHBR6TWT	SHCRH	4.541638	1.1808524
201172580053_R06C01	Patient tumor	SJRHB073086_R1	SJHBNJ6JK	SHCRH	5.006635	-4.6855884
201172580047_R01C01	Patient tumor	SJRHB073087_R1	SJHBR6TVS	SHCRH	-0.6716973	3.9093251
201533640031_R03C01	Patient tumor	SJRHB073088_D1	SJHBB5577	SHCRH	3.3708897	-1.2273449
201533640031_R06C01	Patient tumor	SJRHB073090_D1	SJHBR6TTR	SHCRH	0.78251916	2.811405
201492570224_R08C01	Patient tumor	SJRHB073091_M1	SJHBJP69K	SHCRH	0.043516252	4.492297
201533640042_R04C01	Patient tumor	SJRHB073095_D1	SJHBR6TPM	SHCRH	-0.73560715	3.7717462
201533520001_R07C01	Patient tumor	SJRHB073096_D1	SJHBR6TNK	SHCRH	5.316447	-4.725741
201533640024_R03C01	Patient tumor	SJRHB073097_D1	SJHBR6TMJ	SHCRH	3.9571981	0.28175882
202163550088_R03C01	Patient tumor	SJRHB073098_D1	SJHBR6TC9	SHCRH	3.2253282	1.0350052
201533520026_R06C01	Patient tumor	SJRHB073099_D1	SJHBNJ568	SHCRH	4.262932	1.8255168
201533620059_R01C01	Patient tumor	SJRHB073100_D1	SJHBR6TKH	SHCRH	-1.5570982	3.2713513
201533640024_R07C01	Patient tumor	SJRHB073101_D1	SJHBR6TJG	SHCRH	3.3336203	0.5015935
201533520001_R04C01	Patient tumor	SJRHB073102_D1	SJHBR6TGD	SHCRH	5.2278633	-4.929475
201533520026_R07C01	Patient tumor	SJRHB073104_D1	SJHBR6TFC	SHCRH	5.2062163	-4.709357
201533520026_R05C01	Patient tumor	SJRHB073105_D1	SJHBR6TDB	SHCRH	2.573277	0.8956388
201533520001_R06C01	Patient tumor	SJRHB073106_D1	SJHBNJ546	SHCRH	2.6551485	0.42391634
201533520001_R08C01	Patient tumor	SJRHB073107_D1	SJHBR6SB9	SHCRH	3.179321	-0.7315498
201533520001_R03C01	Patient tumor	SJRHB073109_D1	SJHBR6S87	SHCRH	2.4618301	-1.4706278
201247490021_R02C01	Patient tumor	SJRHB073112_D1	SJHBR6RSS	SHCRH	3.1420395	-0.81983936
201533520001_R02C01	Patient tumor	SJRHB073113_D1	SJHBNJ6GH	SHCRH	5.2498827	-0.21289684
201533640024_R08C01	Patient tumor	SJRHB073114_R1	SJHBR6S54	SHCRH	0.8636277	2.1813347
201533620012_R08C01	Patient tumor	SJRHB073115_D1	SJHBR6S43	SHCRH	4.748706	-0.52681553
201492570102_R04C01	Patient tumor	SJRHB073117_D1	SJHBR6S2Z	SHCRH	-0.7138463	4.6859612
201533520040_R04C01	Patient tumor	SJRHB073119_D1	SJHBR6SZY	SHCRH	3.8855357	0.84220564
201533640024_R04C01	Patient tumor	SJRHB073120_D1	SJHBR6SWV	SHCRH	2.3082478	0.80540055
201533640042_R01C01	Patient tumor	SJRHB073121_D1	SJHBR6SXW	SHCRH	2.7038462	-1.1903573
201533620004_R03C01	Patient tumor	SJRHB073122_D1	SJHBR6SVT	SHCRH	5.014285	1.4156138
201247470019_R03C01	Patient tumor	SJRHB073123_D1	SJHBR6RXX	SHCRH	3.7470357	0.5115711
201533640031_R05C01	Patient tumor	SJRHB073124_D1	SJHBR6STS	SHCRH	5.012475	-4.494658
201533640009_R08C01	Patient tumor	SJRHB073125_D1	SJHBR6SSR	SHCRH	-0.33596355	3.470305
201533620012_R03C01	Patient tumor	SJRHB073126_D1	SJHBR6SRQ	SHCRH	4.966504	-0.8833674
201533640024_R02C01	Patient tumor	SJRHB073127_D1	SJHBNJ5XZ	SHCRH	0.42757916	2.9297454
201533620059_R04C01	Patient tumor	SJRHB073128_D1	SJHBR6SQP	SHCRH	-0.08045405	4.4928885
201533620059_R03C01	Patient tumor	SJRHB073129_D1	SJHBR6SPN	SHCRH	-0.74984354	4.7506995
201533620059_R06C01	Patient tumor	SJRHB073130_D1	SJHBR6SNM	SHCRH	0.075048395	4.307759
201533640046_R07C01	Patient tumor	SJRHB073131_D1	SJHBR6SMK	SHCRH	-0.44699895	4.2688575
201533640046_R08C01	Patient tumor	SJRHB073132_D1	SJHBR6SKJ	SHCRH	5.9726768	-0.44910216
201533520026_R04C01	Patient tumor	SJRHB073133_D1	SJHBNJ524	SHCRH	2.625766	-0.20567803
201247470019_R02C01	Patient tumor	SJRHB073134_D1	SJHBR6RWW	SHCRH	4.63187	0.23870604
201533640042_R05C01	Patient tumor	SJRHB073137_D1	SJHBR6SHG	SHCRH	3.7641833	0.73405373
201533640046_R03C01	Patient tumor	SJRHB073138_D1	SJHBR6SFD	SHCRH	1.0124437	3.61098
201533640046_R04C01	Patient tumor	SJRHB073139_D1	SJHBR6SGF	SHCRH	-0.24362102	4.6464577
201247470019_R01C01	Patient tumor	SJRHB073140_D1	SJHBR6RVV	SHCRH	5.1995144	-0.24953477
201247490021_R08C01	Patient tumor	SJRHB073141_D1	SJHBR6RTT	SHCRH	4.464831	-0.8433578
201533520040_R01C01	Patient tumor	SJRHB073143_D1	SJHBR6R99	SHCRH	-0.060951382	2.8460221
201533620039_R04C01	Patient tumor	SJRHB073144_D1	SJHBR6SCB	SHCRH	3.2252882	-0.53285176
201533640046_R05C01	Patient tumor	SJRHB073145_D1	SJHBR6R88	SHCRH	0.046462514	3.222206
201533620059_R07C01	Patient tumor	SJRHB073148_D1	SJHBR6R55	SHCRH	-0.13595147	4.459972
201533640046_R06C01	Patient tumor	SJRHB073149_D1	SJHBR6R44	SHCRH	0.5761299	3.8127337
201533520026_R03C01	Patient tumor	SJRHB073150_D1	SJHBR6R33	SHCRH	2.305798	-1.2564559
201533520040_R03C01	Patient tumor	SJRHB073151_D1	SJHBR6R22	SHCRH	2.6200142	0.33364594
201533640050_R03C01	Patient tumor	SJRHB073153_D1	SJHBBWS47	SHCRH	5.2802734	-4.7195144
201533640031_R02C01	Patient tumor	SJRHB073154_R1	SJHBBXN4D	SHCRH	0.79420793	4.020555
201533640023_R02C01	Patient tumor	SJRHB073154_D1	SJHBBXN4D	SHCRH	0.8409174	3.9624624
201492570224_R01C01	Patient tumor	SJRHB071787_D1	SJHBBYGP6	SHCRH	-0.5667236	3.1534874
201172580053_R04C01	Patient tumor	SJRHB011848_D1	SJHBBYRJR	SHCRH	5.648128	0.85329086
201533640042_R03C01	Patient tumor	SJRHB073155_D1	SJHBBZZQQ	SHCRH	5.2730565	0.71203166
201533640042_R06C01	Patient tumor	SJRHB073156_D1	SJHBBTY5Z	SHCRH	2.3190572	0.7636745
201533640050_R02C01	Patient tumor	SJRHB073157_D1	SJHBBZSGP	SHCRH	5.1864753	-4.87054
201492570224_R03C01	Patient tumor	SJRHB073159_M1	SJHBR6VD9	SHCRH	1.3333371	4.7016735
201533640042_R02C01	Patient tumor	SJRHB073160_D1	SJHBB45NM	SHCRH	1.868244	0.7615156
201492570224_R02C01	Patient tumor	SJRHB073161_D1	SJHBB4DPD	SHCRH	-0.69212115	4.4311004
201533640050_R05C01	Patient tumor	SJRHB063823_D1	SJHBJP68J	SHCRH	2.6635015	-1.6370239
201533640050_R07C01	Patient tumor	SJRHB030421_M1	SJHBJP6JT	SHCRH	0.89357895	2.9782307
201172580053_R01C01	Patient tumor	SJRHB030411_D2	SJHBJP6GR	SHCRH	4.240978	-0.5883569
204596820024_R02C01	Patient tumor	SJRHB030451_D1	SJHBJP6DP	SHCRH	3.0877054	-1.7982594
204596820024_R04C01	Patient tumor	SJRHB030421_D1	SJHBJP6JT	SHCRH	0.7806404	2.9985168
204596820024_R05C01	Patient tumor	SJRHB030495_D1	SJHBJP6KV	SHCRH	1.0905496	3.6090062
204596820024_R07C01	Patient tumor	SJRHB031244_D1	SJHBJP6NX	SHCRH	-1.354377	3.7028651
204596820035_R02C01	Patient tumor	SJRHB031059_D1	SJHBNB42X	SHCRH	3.447246	0.73801374
204596820035_R06C01	Patient tumor	SJRHB031084_D1	SJHBNKB53	SHCRH	4.933294	1.5805033
204596820107_R02C01	Patient tumor	SJRHB031412_D2	SJHBPJ4FH	SHCRH	4.229753	0.085104704
204596820107_R03C01	Patient tumor	SJRHB031519_D1	SJHBQVKPK	SHCRH	-0.05290682	3.2300797
204424040075_R04C01	Patient tumor	SJRHB030549_D1	SJHBKNRXK	SHCRH	2.3289077	-1.5725935
204424040075_R05C01	Patient tumor	SJRHB030549_D2	SJHBKNRXK	SHCRH	2.132108	0.17262797
201524770049_R02C01	Patient tumor	SJRHB049188_D1	SJHBB4KR9	SHCRH	3.5826962	-1.0784204
201524770049_R07C01	Patient tumor	SJRHB049189_D1	SJHBB4XTZ	SHCRH	2.7956784	-1.6737508
204076530042_R02C01	Patient tumor	SJRHB063825_R1	SJHBJP6MW	SHCRH	3.636855	-0.92973226
204076530042_R06C01	Patient tumor	SJRHB063830_D1	SJHBNQD22	SHCRH	4.6188755	0.5190643
204424030007_R06C01	Patient tumor	SJRHB031243_D1	SJHBNVG9C	SHCRH	3.0895715	-1.9736447
204424030049_R02C01	Patient tumor	SJRHB030142_D1	SJHBB46YW	SHCRH	3.230803	-1.5969208
204424030049_R05C01	Patient tumor	SJRHB030115_D1	SJHBB4M6P	SHCRH	3.6957378	-1.1174308
204424030060_R01C01	Patient tumor	SJRHB031244_D3	SJHBJP6NX	SHCRH	-1.3727732	3.7041252
204424030060_R02C01	Patient tumor	SJRHB030476_D2	SJHBJ2RXZ	SHCRH	-0.21446873	5.1520944
204424040112_R02C01	Patient tumor	SJRHB031117_D1	SJHBN6SDG	SHCRH	-0.45770997	3.0994165
204424040112_R06C01	Patient tumor	SJRHB031003_D1	SJHBN9NKW	SHCRH	0.16356811	4.714562
204551190040_R01C01	Patient tumor	SJRHB031257_D1	SJHBPXP3Y	SHCRH	4.9621377	0.12399299
204551190040_R03C01	Patient tumor	SJRHB031381_D1	SJHBPBZYX	SHCRH	5.2247095	-0.1283569
204551190047_R08C01	Patient tumor	SJRHB031848_D1	SJHBMXZ8W	SHCRH	0.54966825	4.4626107
204564460107_R02C01	Patient tumor	SJRHB012_S	SJHBBBZ4F	SHCRH	6.7044535	0.62689006
204564460107_R03C01	Patient tumor	SJRHB020_A	SJHBBB45C	SHCRH	4.989158	0.6650409
204564460107_R04C01	Patient tumor	SJRHB003920_A2	SJHBBB45C	SHCRH	4.9423647	0.7035114
204564460108_R01C01	Patient tumor	SJRHB023_D	SJHBBB4Z7	SHCRH	4.8049006	0.9432384
204848060057_R04C01	Patient tumor	SJRHB036_A	SJHBBBF63	SHCRH	-0.8085803	4.536014
204848060057_R06C01	Patient tumor	SJRHB038_R	SJHBBTD5K	SHCRH	-1.1660181	3.3600154
204848060057_R07C01	Patient tumor	SJRHB039_D	SJHBBBQWH	SHCRH	2.7137547	-1.6719649
204848060061_R01C01	Patient tumor	SJRHB041_D	SJHBBBZ7J	SHCRH	3.8854218	0.02767513
204848060061_R02C01	Patient tumor	SJRHB042_R	SJHBBBVN4	SHCRH	5.295306	-4.8758426
204848060061_R04C01	Patient tumor	SJRHB044_M	SJHBBBZV6	SHCRH	-1.6406765	3.2920406
204848060061_R06C01	Patient tumor	SJRHB046_D	SJHBBBBHH	SHCRH	3.1882954	-1.8709295
204848060063_R01C01	Patient tumor	SJRHB049_D	SJHBBBBVV	SHCRH	5.494031	-0.4494505
204848060063_R07C01	Patient tumor	SJRHB055_M	SJHBBDX8Q	SHCRH	3.371821	-1.6475728
204848060077_R01C01	Patient tumor	SJRHB057_R	SJHBBB4X5	SHCRH	4.6850495	-4.663876
204564460107_R05C01	Patient tumor	SJRHB021_D	SJHBBRYRJ	SHCRH	0.9175516	2.824418
204564460107_R06C01	Patient tumor	SJRHB003921_D2	SJHBBRYRJ	SHCRH	0.75115347	2.8623629
204564460107_R07C01	Patient tumor	SJRHB022_D	SJHBBB4W4	SHCRH	0.1311053	3.4252079
204564460107_R08C01	Patient tumor	SJRHB003922_R1	SJHBBB4W4	SHCRH	-0.055830657	3.4985123
204564460108_R03C01	Patient tumor	SJRHB024_D	SJHBBBGRM	SHCRH	0.9609647	2.7225199
204564460108_R04C01	Patient tumor	SJRHB003924_R1	SJHBBBGRM	SHCRH	0.3676145	3.1991851
204564460108_R05C01	Patient tumor	SJRHB003924_R2	SJHBBBGRM	SHCRH	-0.55056477	4.3976903
204848060038_R05C01	Patient tumor	SJRHB029_D	SJHBBSZVN	SHCRH	-0.7941402	3.441793
204848060038_R06C01	Patient tumor	SJRHB030_D	SJHBBB3T3	SHCRH	-0.6700021	4.037413
204848060057_R01C01	Patient tumor	SJRHB033_D	SJHBBBJKC	SHCRH	1.1328311	3.3240664
204848060057_R03C01	Patient tumor	SJRHB035_R	SJHBBB3Z8	SHCRH	-0.9086878	4.5585384
204848060063_R06C01	Patient tumor	SJRHB054_R	SJHBBB4MT	SHCRH	1.1319358	4.777504
204848060077_R02C01	Patient tumor	SJRHB058_D	SJHBBRD5H	SHCRH	1.5844933	2.0252514
204848060077_R04C01	Patient tumor	SJRHB060_D	SJHBBCV6P	SHCRH	3.0500674	-2.0239067
204551190057_R01C01	Patient tumor	SJRHB012_D	SJHBBBZ4F	SHCRH	6.1186733	0.47928044
204551190043_R08C01	Patient tumor	SJRHB011_D	SJHBBBY6J	SHCRH	5.252883	0.15406191
204564460049_R01C01	Patient tumor	SJNBL006087_D2	SJHBBVCVC	SHCRH	2.595399	-1.1682663
204564460049_R07C01	Patient tumor	SJRHB013_D	SJHBBBZKW	SHCRH	3.0908778	-1.9717175
204564460108_R02C01	Patient tumor	SJRHB003923_R1	SJHBBB4Z7	SHCRH	4.9609337	1.5005695
204848060038_R03C01	Patient tumor	SJRHB003927_D2	SJHBBBXS6	SHCRH	5.237799	0.08680757
204848060038_R04C01	Patient tumor	SJRHB028_D	SJHBBBFYV	SHCRH	4.7565603	1.4098676
204848060038_R07C01	Patient tumor	SJRHB031_D	SJHBBBHJC	SHCRH	3.5181804	-0.9270813
204848060038_R08C01	Patient tumor	SJRHB032_R	SJHBBRF6H	SHCRH	3.5235393	-1.4410383
204848060057_R05C01	Patient tumor	SJRHB037_D	SJHBBBQXJ	SHCRH	5.220002	0.5514377
204848060061_R05C01	Patient tumor	SJRHB045_D	SJHBBB29K	SHCRH	5.09567	-0.24407665
204848060061_R07C01	Patient tumor	SJRHB047_D	SJHBBBBJJ	SHCRH	5.663419	0.95288503
204848060061_R08C01	Patient tumor	SJRHB048_D	SJHBBBBNN	SHCRH	4.1214147	0.9753428
204848060063_R02C01	Patient tumor	SJRHB050_D	SJHBBBBYY	SHCRH	4.59751	-0.115742795
204848060063_R03C01	Patient tumor	SJRHB051_D	SJHBBPK47	SHCRH	5.0418587	-0.77888805
204848060063_R04C01	Patient tumor	SJRHB052_R	SJHBBQV84	SHCRH	3.0867634	-2.0074985
204848060063_R05C01	Patient tumor	SJRHB053_D	SJHBBQCDR	SHCRH	5.1063085	1.3182362
204848060063_R08C01	Patient tumor	SJRHB056_D	SJHBBBFQM	SHCRH	5.5183477	0.22131354
204848060077_R03C01	Patient tumor	SJRHB059_R	SJHBBBWT8	SHCRH	4.9941983	1.9396602
204848240090_R07C01	Patient tumor	SJRHB026_D	SJHBBBWN3	SHCRH	3.1876152	-1.5101902
204848240140_R02C01	Patient tumor	SJRHB010927_D1	SJHBBZNJW	SHCRH	5.8161106	0.4050075
204848240140_R03C01	Patient tumor	SJRHB010928_R1	SJHBBZP2C	SHCRH	6.1529164	0.9805944
204848060038_R02C01	Patient tumor	SJRHB027_D	SJHBBBXS6	SHCRH	5.3813963	0.2666509
204848060057_R02C01	Patient tumor	SJRHB034_D	SJHBBBJYR	SHCRH	2.369499	-1.6566523
204424030014_R05C01	Patient tumor	SJRHB031691_D2	SJHBQ56P8	SHCRH	3.5421672	-1.3179963
204551190121_R01C01	Patient tumor	SJRHB072509_D1	SJHBRQ8WX	SHCRH	2.5320044	-1.804966
204551190121_R02C01	Patient tumor	SJRHB072510_D1	SJHBRQ8XY	SHCRH	-0.07526507	4.6920023
204551190121_R03C01	Patient tumor	SJRHB072511_D1	SJHBRQ8YZ	SHCRH	4.5649667	0.32402664
204551190121_R04C01	Patient tumor	SJRHB072512_D1	SJHBRQ8Z2	SHCRH	2.966236	-1.884086
204551190121_R05C01	Patient tumor	SJRHB072513_D1	SJHBRQ823	SHCRH	5.0378046	0.93432593
204551190121_R06C01	Patient tumor	SJRHB072514_D1	SJHBRQ834	SHCRH	1.0208751	2.327193
204848240028_R01C01	Patient tumor	SJRHB003961_D2	SJHBKDVBM	SHCRH	4.421412	-0.22545893
204848240028_R02C01	Patient tumor	SJRHB072562_D1	SJHBSSFYV	SHCRH	-1.0270733	4.348409
204848240028_R03C01	Patient tumor	SJRHB003970_D2	SJHBKDV5F	SHCRH	5.361121	-0.045211032
204848240028_R04C01	Patient tumor	SJRHB072563_D1	SJHBSSF3Y	SHCRH	4.9670954	0.21051927
204848240028_R05C01	Patient tumor	SJRHB003977_D2	SJHBKDVFQ	SHCRH	5.338179	-0.34076774
204848240028_R06C01	Patient tumor	SJRHB003978_D2	SJHBKDTT5	SHCRH	5.3058467	-0.18790571
204848240028_R07C01	Patient tumor	SJRHB072564_D1	SJHBSSF4Z	SHCRH	-1.6189277	3.309546
204848240028_R08C01	Patient tumor	SJRHB003980_D2	SJHBKDTY9	SHCRH	5.5631895	0.1090614
204848240090_R01C01	Patient tumor	SJRHB072565_D1	SJHBSSF2X	SHCRH	-0.79239875	3.7324557
204848240090_R02C01	Patient tumor	SJRHB072566_D1	SJHBSSF85	SHCRH	4.37228	-0.79299766
204848240090_R03C01	Patient tumor	SJRHB003983_D2	SJHBKDTQ2	SHCRH	5.082648	1.14709
204848240090_R04C01	Patient tumor	SJRHB072567_D1	SJHBSSF63	SHCRH	-0.972836	4.4163103
204848240090_R05C01	Patient tumor	SJRHB072568_D1	SJHBSSF52	SHCRH	5.727063	-0.08286966
204848240090_R06C01	Patient tumor	SJRHB003986_D2	SJHBKDTV6	SHCRH	4.246003	-0.0380744
205125590003_R04C01	Patient tumor	SJRHB071453_D1	SJHBRJQ5J	SHCRH	3.1709483	1.1852791
205125590003_R05C01	Patient tumor	SJRHB071456_D1	SJHBRJR3F	SHCRH	3.168299	-0.7062839
205111140064_R07C01	Patient tumor	SJRHB072389_D1	SJHBS9WVS	SHCRH	5.365665	0.36529687
205125590001_R01C01	Patient tumor	SJRHB013757_D3	SJHBBZN8M	SHCRH	-0.18324018	2.789283
205125590001_R02C01	Patient tumor	SJRHB013759_A4	SJHBBZ2KJ	SHCRH	1.7329013	5.4525213
205125590001_R06C01	Patient tumor	SJRHB030705_D1	SJHBB5973	SHCRH	-0.11719984	5.1965976
205125590004_R05C01	Patient tumor	SJRHB071779_D1	SJHBQVXFY	SHCRH	5.2957606	1.6807525
205125590004_R06C01	Patient tumor	SJRHB071779_D2	SJHBQVXFY	SHCRH	5.5427203	1.7182733
205125590014_R07C01	Patient tumor	SJRHB071775_D1	SJHBNTNMG	SHCRH	1.0237855	2.8016274
205125590052_R04C01	Patient tumor	SJRHB030451_R1	SJHBJP6DP	SHCRH	5.8154187	-0.02159304
205125590052_R05C01	Patient tumor	SJRHB030680_R1	SJHBK3P7C	SHCRH	5.9141154	0.12099982
205125590053_R01C01	Patient tumor	SJRHB031691_D3	SJHBQ56P8	SHCRH	6.5658674	-1.0331283
205125590053_R02C01	Patient tumor	SJRHB031691_D4	SJHBQ56P8	SHCRH	6.5753284	-1.0205027
205125590053_R03C01	Patient tumor	SJRHB030550_R1	SJHBKNRVH	SHCRH	-0.9744606	4.733354
205125590064_R07C01	Cell line	SJRHB077796_C2	SJHBVK9QG	SHCRH	2.875394	5.0126333
205125590064_R08C01	Cell line	SJRHB077797_C2	SJHBVK9C4	SHCRH	2.175477	5.3008275
205125590065_R01C01	Cell line	SJRHB077798_C2	SJHBVK9WN	SHCRH	2.5873346	5.152541
205125590065_R02C01	Cell line	SJRHB077799_C2	SJHBVK92S	SHCRH	2.5657928	5.167402
205125590065_R03C01	Cell line	SJRHB077800_C2	SJHBVK992	SHCRH	2.645964	5.1294475
205125590065_R04C01	Cell line	SJRHB077801_C2	SJHBVK9RH	SHCRH	2.8839471	5.056335
205125590065_R05C01	Cell line	SJRHB077802_C2	SJHBVKB2R	SHCRH	2.6846728	5.098431
205125590065_R06C01	Cell line	SJRHB077803_C2	SJHBVKB3S	SHCRH	2.832211	4.710297
205125590065_R07C01	Cell line	SJRHB077804_C2	SJHBVKB8Y	SHCRH	2.8921223	5.0188947
205125590065_R08C01	Cell line	SJRHB077805_C2	SJHBVKBD4	SHCRH	2.9846194	4.973252
205128000010_R01C01	Cell line	SJRHB077806_C2	SJHBVKBF5	SHCRH	2.6571176	1.3226371
205128000010_R02C01	Cell line	SJRHB077807_C2	SJHBVKBH7	SHCRH	2.7146611	5.1261296
205128000010_R03C01	Cell line	SJRHB077808_C2	SJHBVKBK9	SHCRH	2.4664223	5.2038574
204972790054_R05C01	Xenograft	SJRHB071779_X2	SJHBQVXFY	SHCRH	5.6950946	1.7615106
204972790054_R06C01	Xenograft	SJRHB031412_X1	SJHBPJ4FH	SHCRH	4.422384	0.3378784
205030230069_R03C01	Xenograft	SJRHB031320_X1	SJHBNHK2N	SHCRH	-1.093774	3.3985524
205030230083_R03C01	Xenograft	SJRHB031691_X3	SJHBQ56P8	SHCRH	6.5886345	-1.0215935
205030230112_R03C01	Xenograft	SJRHB031691_X1	SJHBQ56P8	SHCRH	6.596552	-0.9987573
205030230112_R04C01	Xenograft	SJRHB031691_X2	SJHBQ56P8	SHCRH	6.5370374	-0.9737393
205030230112_R05C01	Xenograft	SJRHB071779_X1	SJHBQVXFY	SHCRH	5.329732	1.7937005
205030240005_R01C01	Xenograft	SJRHB030550_X1	SJHBKNRVH	SHCRH	-1.0358751	4.747343
205030240005_R06C01	Xenograft	SJRHB030476_X1	SJHBJ2RXZ	SHCRH	-0.31561273	5.1865373
205030240070_R03C01	Xenograft	SJRHB071775_X1	SJHBNTNMG	SHCRH	-0.61725485	4.9254093
205030240070_R04C01	Xenograft	SJRHB030549_X1	SJHBKNRXK	SHCRH	2.1102164	0.26244473
205111140017_R04C01	Xenograft	SJRHB030451_X1	SJHBJP6DP	SHCRH	5.774519	-0.08708796
205111140023_R04C01	Xenograft	SJRHB031117_X1	SJHBN6SDG	SHCRH	-1.1628145	4.111252
205111140023_R05C01	Xenograft	SJRHB030680_X1	SJHBK3P7C	SHCRH	5.8803577	0.07650156
205091240163_R05C01	Xenograft	SJRHB049188_X1	SJHBB4KR9	SHCRH	4.1086464	-0.2915255
205091240163_R08C01	Xenograft	SJRHB049189_X1	SJHBB4XTZ	SHCRH	5.9939632	-0.21231839
205111140011_R04C01	Xenograft	SJRHB063823_X1	SJHBJP68J	SHCRH	3.8000445	-0.73109543
205111140060_R02C01	Xenograft	SJRHB030705_X1	SJHBB5973	SHCRH	0.09409678	5.313513
205111140060_R05C01	Xenograft	SJRHB030765_X1	SJHBNQ3S4	SHCRH	-0.85944116	3.7035284
205111140060_R06C01	Xenograft	SJRHB063831_X1	SJHBNT6MX	SHCRH	1.5237122	5.2155843
205030240070_R06C01	Xenograft	SJRHB030730_X1	SJHBMK29J	SHCRH	4.2075696	0.66521925
204564460105_R08C01	Patient tumor	SJRHB011_E	SJHBBBY6J	SHCRH	5.406097	0.0024576064
205437180135_R06C01	Patient tumor	SJRHB030787_D3	SJHBB4R3F	SHCRH	0.8753257	4.3857803
204963470042_R02C01	Patient tumor	SJNBL043213_D1	 SJHBB3H9V	SHCRH	2.5696952	-1.8244717
202253650033_R07C01	Xenograft	SJRHB063825_X1	SJHBJP6MW	SHCRH	4.3718524	-0.6458347
202253670058_R03C01	Xenograft	SJRHB012_X	SJHBBBZ4F	SHCRH	6.2257977	0.42604187
202253670058_R07C01	Xenograft	SJRHB013_X	SJHBBBZKW	SHCRH	5.8023024	0.47795755
202292330033_R08C01	Xenograft	SJRHB010463_X16	SJHBBXMQ2	SHCRH	1.2387995	5.3229647
202292330042_R01C01	Xenograft	SJRHB010927_X1	SJHBBZNJW	SHCRH	5.8024116	0.4423271
202292330042_R03C01	Xenograft	SJRHB010928_X1	SJHBBZP2C	SHCRH	6.1818895	0.9507467
202292330098_R06C01	Xenograft	SJRHB013759_X1	SJHBBZ2KJ	SHCRH	1.6342438	5.4328656
202292330116_R06C01	Xenograft	SJRHB011_Y	SJHBBBY6J	SHCRH	5.178827	0.09401465
205854150061_R02C01	Cell line	SJRHB079267_C1	SJHBVNCTK	TTU	0.6173218	4.741202
205854150061_R03C01	Cell line	SJRHB079268_C1	SJHBVNCSJ	TTU	5.866578	1.2701854
205854150061_R05C01	Cell line	SJRHB079270_C1	SJHBVNCVM	TTU	4.1828794	-0.44408724
205854150061_R06C01	Cell line	SJRHB079271_C1	SJHBVNCND	TTU	1.0324816	3.7826807
206137480001_R02C01	Xenograft	SJRHB013758_X1	SJHBB2BSH	SJCRH	5.445833	-0.84348226
206137480001_R05C01	Xenograft	SJRHB013758_X2	SJHBB2BSH	SJCRH	5.3953447	-0.7622578
206137480002_R05C01	Xenograft	SJRHB013759_X14	SJHBBZ2KJ	SJCRH	1.6835873	5.455122
206137480002_R06C01	Xenograft	SJRHB013759_X15	SJHBBZ2KJ	SJCRH	1.7026789	5.4499927
206137480027_R05C01	Xenograft	SJRHB046156_X1	SJHBB3C3S	SJCRH	1.2964219	4.6311846
206137480027_R06C01	Xenograft	SJRHB046156_X2	SJHBB3C3S	SJCRH	1.3116294	4.6240788
206137480083_R04C01	Xenograft	SJRHB063830_X1	SJHBNQD22	SJCRH	4.6305485	0.53063524
206137480083_R05C01	Xenograft	SJRHB030787_X1	SJHBB4R3F	SJCRH	0.7304071	4.783313
206137480127_R01C01	Xenograft	SJRHB013757_X2	SJHBBZN8M	SJCRH	-1.4659041	3.5295367
206137480137_R02C01	Xenograft	SJRHB012_Y	SJHBBBZ4F	SJCRH	6.779854	0.6374863
206139120155_R01C01	Patient tumor	SJRHB073091_D1	SJHBJP69K	SJCRH	-0.23776637	2.8141723
206139120155_R07C01	Patient tumor	SJRHB031412_D3	SJHBPJ4FH	SJCRH	4.33936	0.26685148
206139120155_R08C01	Patient tumor	SJRHB032170_D2	SJHBRFK9Q	SJCRH	3.068801	-0.5101069
206139120156_R01C01	Patient tumor	SJRHB030858_R1	SJHBNYVG8	SJCRH	-0.2882338	2.8224337
206139120156_R02C01	Patient tumor	SJRHB032306_D2	SJHBSS3QY	SJCRH	0.7766125	2.6808584
206139120156_R04C01	Patient tumor	SJRHB075847_D1	SJHBTH2JH	SJCRH	2.325016	-1.666688
206139130056_R07C01	Patient tumor	SJRHB000026_R1	SJHBBBWN3	SJCRH	5.2975464	1.9052322
206139130056_R08C01	Patient tumor	SJRHB015721_R2	SJHBB2W6B	SJCRH	3.6217997	-0.22473094
206139130068_R01C01	Patient tumor	SJRHB015720_R3	SJHBBZHWD	SJCRH	4.920175	-4.2870097
206139130068_R02C01	Patient tumor	SJRHB030730_D1	SJHBMK29J	SJCRH	3.98303	0.63444483
206144080040_R02C01	Patient tumor	SJRHB077152_D1	SJHBVW759	SJCRH	3.4483616	1.1155561
206144080040_R03C01	Patient tumor	SJRHB031402_D1	SJHBSP8RQ	SJCRH	3.9989026	-0.5474397
206144080040_R05C01	Patient tumor	SJRHB077153_D1	SJHBVW8BF	SJCRH	3.8301785	0.36027613
206144080040_R07C01	Patient tumor	SJRHB077155_D1	SJHBVW8FJ	SJCRH	4.980474	-4.906243
206144080040_R08C01	Patient tumor	SJRHB077156_D1	SJHBVW8HM	SJCRH	5.013455	-0.94067925
206144080100_R01C01	Patient tumor	SJRHB077157_D1	SJHBVW8KP	SJCRH	5.1072593	-4.8251715
206144080100_R02C01	Patient tumor	SJRHB077158_D1	SJHBVW8NR	SJCRH	-0.8856383	3.4469864
206144080100_R03C01	Patient tumor	SJRHB077159_R1	SJHBVW8QT	SJCRH	2.3333964	-1.2489061
206144080100_R04C01	Patient tumor	SJRHB077160_D1	SJHBVW8SW	SJCRH	-0.60584366	3.1732585
206144080128_R05C01	Patient tumor	SJRHB077183_D1	SJHBVYQC3	SJCRH	-0.8906928	3.2545035
206144080128_R06C01	Patient tumor	SJRHB077184_D1	SJHBVYQF5	SJCRH	2.8619733	0.44409472
206144080128_R07C01	Patient tumor	SJRHB077185_D1	SJHBVYQH7	SJCRH	0.12672058	3.5329573
206144080128_R08C01	Patient tumor	SJRHB077186_D1	SJHBVYQK9	SJCRH	-0.16195033	4.024139
206144080143_R01C01	Patient tumor	SJRHB077187_D1	SJHBVYRPC	SJCRH	-0.11455729	3.857233
206144080143_R02C01	Patient tumor	SJRHB077188_D1	SJHBVYRRF	SJCRH	0.09650197	4.305221
206144080143_R03C01	Patient tumor	SJRHB077189_D1	SJHBVYRTH	SJCRH	2.449755	-0.5691865
206144080143_R04C01	Patient tumor	SJRHB077190_D1	SJHBVYRWK	SJCRH	2.8907125	0.49598777
206144080143_R05C01	Patient tumor	SJRHB077191_D1	SJHBVYRYN	SJCRH	5.3493204	0.53702366
206144080143_R06C01	Patient tumor	SJRHB077192_D1	SJHBVYR2Q	SJCRH	-0.2951728	4.3620195
206144080143_R07C01	Patient tumor	SJRHB077193_D1	SJHBVYR4S	SJCRH	5.2691183	-0.59774214
206350360110_R01C01	Cell line	SJRHB077612_C1	SJHBV9VC8	SJCRH	2.7566397	1.4413298
206350360134_R08C01	Patient tumor	SJRHB077367_D1	SJHBV9XYS	UTHSCSA	5.466561	-0.10837161
206382220036_R03C01	Patient tumor	SJRHB013759_D1	SJHBBZ2KJ	SJCRH	1.5872122	5.322687
206382220036_R08C01	Patient tumor	SJRHB031412_D2	SJHBNHK2N	SJCRH	2.6476774	-1.8648671
206382220044_R06C01	Patient tumor	SJRHB012_R	SJHBBBZ4F	SJCRH	6.726506	0.6033581
206351500133_R06C01	Cell line	SJRHB077868_C2	SJHBVK93T	TTU	2.7206297	5.063734
206351500162_R02C01	Cell line	SJRHB077888_C2	SJHBVKJ8R	TTU	3.1654277	4.800279
206382220040_R02C01	Cell line	SJRHB077896_C2	SJHBVKJN5	TTU	2.217673	5.277953
206382220159_R04C01	Cell line	SJRHB077938_C2	SJHBVKPYB	TTU	2.6006145	5.175186
206382220159_R08C01	Cell line	SJRHB077942_C2	SJHBVKP5H	TTU	3.5168066	-1.4626161
206350360106_R01C01	Patient tumor	SJRHB077243_D1	SJHBVW7QV	SJCRH	3.5291893	0.1781723
206350360106_R03C01	Patient tumor	SJRHB077245_D1	SJHBVW7VZ	SJCRH	1.6305951	2.0040548
206350360106_R05C01	Patient tumor	SJRHB077247_D1	SJHBVW7Z5	SJCRH	-1.4494257	3.4814084
206359150008_R01C01	Patient tumor	SJRHB077255_D1	SJHBVYPJ9	SJCRH	3.8063443	0.43287584
206359150008_R02C01	Patient tumor	SJRHB077256_D1	SJHBVYQNC	SJCRH	-0.21483317	4.0400977
206359150008_R03C01	Patient tumor	SJRHB077257_D1	SJHBVYQQF	SJCRH	3.0202112	-0.6777975
206359150008_R04C01	Patient tumor	SJRHB077258_D1	SJHBVYQSH	SJCRH	3.9519827	0.108637355
206359150008_R06C01	Patient tumor	SJRHB077260_D1	SJHBVYQXN	SJCRH	4.856726	-0.49537513
206359150008_R07C01	Patient tumor	SJRHB077261_D1	SJHBVYQZQ	SJCRH	3.673384	1.3406509
206359150008_R08C01	Patient tumor	SJRHB077262_D1	SJHBVYQ3S	SJCRH	-0.8076774	4.8262234
206359150015_R01C01	Patient tumor	SJRHB077263_D1	SJHBVYQ5V	SJCRH	4.935317	1.0302858
206359150015_R02C01	Patient tumor	SJRHB077264_D1	SJHBVYQ7X	SJCRH	-0.8489787	4.792571
206359150015_R03C01	Patient tumor	SJRHB077265_D1	SJHBVYQ9Z	SJCRH	5.6601996	1.3040507
206359150015_R04C01	Patient tumor	SJRHB077266_D1	SJHBVYR6V	SJCRH	4.9157887	1.7162402
206359150015_R05C01	Patient tumor	SJRHB077267_D1	SJHBVYR8X	SJCRH	0.20069419	2.9709768
206359150015_R08C01	Patient tumor	SJRHB031210_R1	SJHBPT4YB	SJCRH	0.876647	4.488937
206359150054_R02C01	Patient tumor	SJRHB077270_D1	SJHBB5SCQ	SJCRH	3.3088481	0.019729972
206359150054_R04C01	Patient tumor	SJRHB077271_D1	SJHBVYSYM	SJCRH	5.2033753	-4.8105845
206359150054_R05C01	Patient tumor	SJRHB077272_D1	SJHBR9RQT	SJCRH	4.6762204	0.6902182
206359150054_R06C01	Patient tumor	SJRHB077273_D1	SJHBVYS3Q	SJCRH	4.4444766	1.1403917
206359150054_R07C01	Patient tumor	SJRHB077274_D1	SJHBVYS5S	SJCRH	3.1131933	0.74307287
206359150054_R08C01	Patient tumor	SJRHB073024_D1	SJHBR6YG8	SJCRH	2.854368	0.27379414
206375080011_R01C01	Patient tumor	SJRHB077275_D1	SJHBVYS8W	SJCRH	2.9519134	-0.13843587
206375080031_R02C01	Patient tumor	SJRHB077282_D1	SJHBV2RH8	SJCRH	-0.060713608	3.0675473
206375080031_R03C01	Patient tumor	SJRHB076775_D1	SJHBTQNWG	SJCRH	2.7586465	-0.9831933
206375080031_R05C01	Patient tumor	SJRHB077284_D1	SJHBV2SQF	SJCRH	4.9961777	-0.983022
206375080031_R06C01	Patient tumor	SJRHB006087_D1	SJHBBVCVC	SJCRH	2.4948707	-0.7781957
206375080031_R08C01	Patient tumor	SJRHB077285_D1	SJHBV2SVK	SJCRH	4.959459	-4.4127
206375080042_R01C01	Patient tumor	SJRHB077286_D1	SJHBV2SXN	SJCRH	0.038939603	3.729445
206375080042_R02C01	Patient tumor	SJRHB077287_D1	SJHBV2SZQ	SJCRH	-0.23573264	3.0291722
206375080042_R03C01	Patient tumor	SJRHB077288_D1	SJHBV2S3S	SJCRH	3.3226976	-0.76061
206375080042_R06C01	Patient tumor	SJRHB056258_D1	SJHBBT9VD	SJCRH	2.282234	-0.9509566
206375080044_R01C01	Patient tumor	SJRHB077154_D2	SJHBB4QYC	SJCRH	3.5557845	-0.48163784
206375080044_R02C01	Patient tumor	SJRHB077660_D1	SJHBV2QZS	SJCRH	3.3444185	0.77141523
206375080044_R06C01	Patient tumor	SJRHB013759_R1	SJHBBZ2KJ	SJCRH	1.6568313	5.448915
206375080044_R07C01	Patient tumor	SJRHB030049_D1	SJHBB3H9V	SJCRH	2.7788603	-0.1427108
206375080053_R01C01	Patient tumor	SJRHB077665_D1	SJHBV2RSJ	SJCRH	4.7983384	-4.7461796
206375080053_R02C01	Patient tumor	SJRHB077666_R1	SJHBV2RVM	SJCRH	6.1139207	1.0572926
206375080053_R03C01	Patient tumor	SJRHB077667_D1	SJHBV2RXP	SJCRH	0.09536923	2.7051241
206375080053_R04C01	Patient tumor	SJRHB077668_D1	SJHBV2RZR	SJCRH	4.738607	-4.8122554
206375080053_R06C01	Patient tumor	SJRHB077670_D1	SJHBV2R5W	SJCRH	1.2012615	2.9767408
206375080053_R07C01	Patient tumor	SJRHB077671_D1	SJHBV2R7Y	SJCRH	5.070076	1.7101911
206375080053_R08C01	Patient tumor	SJRHB077672_R1	SJHBBZK3H	SJCRH	4.9624133	-0.45445204
206375080054_R01C01	Patient tumor	SJRHB077673_D1	SJHBB32MN	SJCRH	3.6751122	0.8806646
206375080054_R02C01	Patient tumor	SJRHB077674_D1	SJHBB3VBJ	SJCRH	4.870759	-0.9620457
206375080054_R03C01	Patient tumor	SJRHB077675_D1	SJHBB3N9Q	SJCRH	4.7881746	-0.72354305
206375080054_R04C01	Patient tumor	SJRHB077716_D1	SJHBJ2QZ4	SJCRH	5.5491385	0.9950722
206375080054_R05C01	Patient tumor	SJRHB077676_D1	SJHBV4KGG	SJCRH	5.093089	0.85302514
206375080054_R06C01	Patient tumor	SJRHB077677_D1	SJHBV4KJJ	SJCRH	-0.016774688	4.7818723
206375080054_R08C01	Patient tumor	SJRHB031412_D4	SJHBPJ4FH	SJCRH	4.322016	0.3069447
206375080055_R01C01	Patient tumor	SJRHB077679_D1	SJHBPMJ5V	SJCRH	4.974389	0.91729784
206375080055_R02C01	Patient tumor	SJRHB030944_D2	SJHBN7GJY	SJCRH	2.3129041	-1.6064888
206375080055_R03C01	Patient tumor	SJRHB077680_D1	SJHBV4MMK	SJCRH	2.412838	0.6732877
206375080055_R04C01	Patient tumor	SJRHB077681_D1	SJHBR6Y6Y	SJCRH	2.9908192	0.95217365
206375080055_R05C01	Patient tumor	SJRHB077682_D1	SJHBV4MQP	SJCRH	-0.8566485	3.616237
206375080055_R06C01	Patient tumor	SJRHB077683_D1	SJHBV4MSR	SJCRH	-0.28705823	3.2145903
206375080056_R01C01	Patient tumor	SJRHB077686_D1	SJHBV4MZY	SJCRH	4.298908	1.2293445
206375080056_R02C01	Patient tumor	SJRHB077687_D1	SJHBV4M32	SJCRH	2.8284976	-0.88571846
206375080056_R03C01	Patient tumor	SJRHB077688_D1	SJHBV4M54	SJCRH	4.6928315	0.7192383
206375080056_R05C01	Patient tumor	SJRHB030549_R1	SJHBKNRXK	SJCRH	2.1070795	0.114820585
206375080056_R07C01	Patient tumor	SJRHB077690_R1	SJHBB3JBV	SJCRH	4.485897	1.8850067
206375080056_R08C01	Patient tumor	SJRHB077690_R2	SJHBB3JBV	SJCRH	4.603866	1.9440676
206375080058_R06C01	Patient tumor	SJRHB032029_R1	SJHBNV57M	SJCRH	6.3613605	0.89112574
206375080058_R08C01	Patient tumor	SJRHB031210_D2	SJHBPT4YB	SJCRH	0.28617522	4.746568
206375080068_R01C01	Patient tumor	SJRHB030898_D2	SJHBN6WSR	SJCRH	5.1397266	1.1850101
206375080068_R02C01	Patient tumor	SJRHB031147_D2	SJHBPRFHG	SJCRH	5.516392	-0.48267257
206375080068_R03C01	Patient tumor	SJRHB032029_D4	SJHBNV57M	SJCRH	4.845605	-0.6465572
206375080068_R05C01	Patient tumor	SJRHB077691_D1	SJHBQ9RY4	SJCRH	2.3920505	-1.6126229
206375080068_R06C01	Patient tumor	SJRHB031654_R1	SJHBQW67J	SJCRH	5.757287	0.8724425
206375080068_R07C01	Patient tumor	SJRHB077692_D1	SJHBTYZ7P	SJCRH	4.130714	-0.92946213
206375080068_R08C01	Patient tumor	SJRHB077693_D1	SJHBTWXXD	SJCRH	1.115635	3.578202
206382220117_R02C01	Patient tumor	SJRHB077694_D1	SJHBBNTD7	SJCRH	0.29129148	3.493175
206382220117_R03C01	Patient tumor	SJRHB077695_D1	SJHBBNP32	SJCRH	2.144163	0.83699846
206382220117_R04C01	Patient tumor	SJRHB077694_D2	SJHBBNTD7	SJCRH	-0.04611732	3.8472486
206382220117_R05C01	Patient tumor	SJRHB077696_R1	SJHBBNWQG	SJCRH	5.388259	1.6047293
206382220117_R06C01	Patient tumor	SJRHB003948_D2	SJHBBBBNN	SJCRH	3.8772411	1.1686699
206382220117_R07C01	Patient tumor	SJRHB044167_D1	SJHBBGY5N	SJCRH	-1.3754879	3.254907
206382220117_R08C01	Patient tumor	SJRHB003906_D2	SJHBBBF85	SJCRH	3.3770502	0.5659522
206382220119_R01C01	Patient tumor	SJRHB077697_D1	SJHBBNN99	SJCRH	2.4972138	0.54219157
206382220119_R02C01	Patient tumor	SJRHB019589_D1	SJHBBGMVQ	SJCRH	3.191131	0.9851148
206382220119_R04C01	Patient tumor	SJRHB041684_D1	SJHBBCFWT	SJCRH	3.0939975	0.73168695
206382220119_R05C01	Patient tumor	SJRHB041685_D1	SJHBBCGC8	SJCRH	2.4921284	-0.4365873
206382220119_R06C01	Patient tumor	SJRHB077699_D1	SJHBBNWF6	SJCRH	2.5296323	-0.6199726
206382220119_R07C01	Patient tumor	SJRHB041684_D2	SJHBBCFWT	SJCRH	3.095976	0.09838139
206382220119_R08C01	Patient tumor	SJRHB032248_D2	SJHBR4XZR	SJCRH	5.6570945	0.77988875
206382220134_R01C01	Patient tumor	SJRHB077700_D1	SJHBV8T2X	SJCRH	-0.96986526	4.6173797
206382220134_R02C01	Patient tumor	SJRHB077701_D1	SJHBV8T4Z	SJCRH	5.080542	0.005541756
206382220134_R04C01	Patient tumor	SJRHB077702_D1	SJHBV8T74	SJCRH	1.6087283	2.0226514
206382220134_R06C01	Patient tumor	SJRHB077704_D1	SJHBV8TC8	SJCRH	2.2635021	-1.557615
206382220134_R07C01	Patient tumor	SJRHB077705_D1	SJHBV8VGB	SJCRH	5.146777	1.7310525
206382220134_R08C01	Patient tumor	SJRHB077706_D1	SJHBV8VJD	SJCRH	5.7769547	-0.20058762
206382220178_R01C01	Patient tumor	SJRHB077707_D1	SJHBV8VMG	SJCRH	0.012631453	2.878548
206382220178_R02C01	Patient tumor	SJRHB077708_D1	SJHBV8VPJ	SJCRH	4.783757	1.2685161
206382220178_R03C01	Patient tumor	SJRHB073152_D2	SJHBR6RJJ	SJCRH	5.098537	0.021897024
206382220178_R05C01	Patient tumor	SJRHB077710_D1	SJHBV8VVQ	SJCRH	5.0836077	-4.4433665
206382220178_R06C01	Patient tumor	SJRHB077711_D1	SJHBV8VXS	SJCRH	4.7968464	-4.7706776
206382220178_R07C01	Patient tumor	SJRHB077712_D1	SJHBV8VZV	SJCRH	-0.04419464	4.9598193
206375080058_R02C01	Patient tumor	SJRHB003942_A1	SJHBBBVN4	SJCRH	5.340547	-4.777754
205062740141_R03C01	Patient tumor	SJRHB079418_D1	SJHBTXNXQ	SJCRH	3.1335723	-0.77504003
205089030079_R02C01	Patient tumor	SJRHB031848_R1	SJHBMXZ8W	SJCRH	1.0204885	4.6763086
205125590054_R03C01	Patient tumor	SJRHB079418_D2	SJHBTXNXQ	SJCRH	3.064882	-0.78737223
205772280127_R07C01	Patient tumor	SJRHB079428_D1	SJHBV2HNN	SJCRH	5.223117	-0.37174642
206103060004_R01C01	Patient tumor	SJRHB079442_D1	SJHBVNS2C	SJCRH	2.6608262	-0.0018658824
206103060040_R04C01	Patient tumor	SJRHB079445_D1	SJHBTR9MK	SJCRH	3.8138788	-0.634292
206154070147_R02C01	Patient tumor	SJRHB079452_D1	SJHBVNRZC	SJCRH	0.8961353	2.9616055
206154070147_R04C01	Patient tumor	SJRHB030858_R2	SJHBNYVG8	SJCRH	-1.5189056	3.2010908
206154070063_R02C01	Patient tumor	SJRHB030549_R2	SJHBKNRXK	SJCRH	2.1035662	0.19576517
206154070063_R03C01	Patient tumor	SJRHB031244_R1	SJHBJP6NX	SJCRH	-1.4362663	3.7870288
206154070063_R04C01	Patient tumor	SJRHB079457_D1	SJHBR845V	SJCRH	5.9079833	-0.13856855
206154070063_R07C01	Patient tumor	SJRHB077680_D1	SJHBV4MMK	SJCRH	2.41881	0.63509417
206154070111_R05C01	Patient tumor	SJRHB079464_D1	SJHBMQBTX	SJCRH	5.19901	-0.9327611
206154070111_R07C01	Patient tumor	SJRHB030421_R1	SJHBJP6JT	SJCRH	0.6484398	3.2013967
206250280175_R02C01	Patient tumor	SJRHB077691_D2	SJHBQ9RY4	SJCRH	2.466209	-1.6766278
206430120146_R07C01	Patient tumor	SJRHB079685_D1	SJHBV7XKB	SJCRH	3.9971166	1.4051334
206430120147_R03C01	Patient tumor	SJRHB079480_D1	SJHBVCBS9	SJCRH	-0.2333432	4.5890355
206154070146_R06C01	Patient tumor	SJRHB030549_R3	SJHBKNRXK	SJCRH	2.1213527	0.15531123
206154070147_R06C01	Patient tumor	SJRHB030646_D2	SJHBJ2RFH	SJCRH	2.755001	-0.29776746
206154070111_R06C01	Patient tumor	SJRHB030814_D3	SJHBNS75D	SJCRH	-0.3168643	4.5643463
206250280175_R03C01	Patient tumor	SJRHB031244_D2	SJHBJP6NX	SJCRH	-1.471625	3.6423645
206154070147_R05C01	Patient tumor	SJRHB032010_D2	SJHBR5H6D	SJCRH	4.3482122	-0.79411566
206154070146_R07C01	Patient tumor	SJRHB032029_R2	SJHBNV57M	SJCRH	6.460617	0.8437204
206113360104_R07C01	Patient tumor	SJRHB032248_D3	SJHBR4XZR	SJCRH	3.224486	-1.3907276
205138640043_R07C01	Patient tumor	SJRHB032408_D2	SJHBS9ZHB	SJCRH	1.595023	2.020215
205772280127_R08C01	Patient tumor	SJRHB033007_D2	SJHBTJ54Z	SJCRH	-1.0305053	4.576006
205852220069_R04C01	Patient tumor	SJRHB033095_D2	SJHBTNNHZ	SJCRH	4.920075	1.4736553
206430120104_R02C01	Patient tumor	SJRHB033483_D2	SJHBV9FJV	SJCRH	4.4152284	0.8170351
206103060004_R03C01	Patient tumor	SJRHB032627_R1	SJHBSMGVJ	SJCRH	6.277064	0.9799015
205852220042_R05C01	Patient tumor	SJRHB033063_R1	SJHBT27R3	SJCRH	6.2999964	0.83873796
206154070072_R06C01	Patient tumor	SJRHB033063_R2	SJHBT27R3	SJCRH	6.3011155	0.7010312
206535560014_R01C01	Patient tumor	SJRHB077713_D1	SJHBV8V3X	SJCRH	4.6870365	-0.2287772
206535560014_R03C01	Patient tumor	SJRHB030552_D2	SJHBKNR3Q	SJCRH	5.2070827	-0.27861127
206535560014_R04C01	Patient tumor	SJRHB077715_D1	SJHBKNR6T	SJCRH	4.782269	-0.86931336
206535560014_R05C01	Patient tumor	SJRHB063830_D2	SJHBNQD22	SJCRH	4.59387	0.5668168
206535560014_R06C01	Patient tumor	SJRHB079348_D1	SJHBNXZ5R	SJCRH	3.3809154	1.2311647
206535560014_R07C01	Patient tumor	SJRHB031117_D2	SJHBN6SDG	SJCRH	-1.359951	3.884334
206535560014_R08C01	Patient tumor	SJRHB030480_D3	SJHBJ2RRT	SJCRH	0.07280406	4.710863
206535560031_R01C01	Patient tumor	SJRHB079349_D1	SJHBN6XTR	SJCRH	4.771577	1.629981
206535560031_R02C01	Patient tumor	SJRHB079350_D1	SJHBNFJ2M	SJCRH	4.6400614	-0.49049
206535560031_R03C01	Patient tumor	SJRHB079351_D1	SJHBQR7FK	SJCRH	4.6671057	-0.22192788
206535560031_R04C01	Patient tumor	SJRHB031615_D2	SJHBQY4YF	SJCRH	4.9997973	-0.7143266
206535560031_R05C01	Patient tumor	SJRHB079352_D1	SJHBQ3K58	SJCRH	0.43451852	4.068141
206535560031_R06C01	Patient tumor	SJRHB030445_D3	SJHBJ2Z2V	SJCRH	0.08896856	4.3352656
206535560031_R07C01	Patient tumor	SJRHB079353_D1	SJHBJP67H	SJCRH	5.3039055	0.889924
206535560031_R08C01	Patient tumor	SJRHB079354_D1	SJHBJP66G	SJCRH	4.7361493	1.0546744
206535560043_R01C01	Patient tumor	SJRHB049189_D3	SJHBB4XTZ	SJCRH	5.949211	-0.40066594
206535560043_R02C01	Patient tumor	SJRHB079355_D1	SJHBB4PR6	SJCRH	2.9993908	-0.4764636
206535560043_R03C01	Patient tumor	SJRHB079356_D1	SJHBB4PYD	SJCRH	5.031512	-0.5000858
206535560043_R05C01	Patient tumor	SJRHB079358_D1	SJHBB28VN	SJCRH	4.45488	0.74288756
206535560048_R02C01	Patient tumor	SJRHB003936_R1	SJHBBBF63	SJCRH	-0.6594197	4.9995584
206535560048_R03C01	Patient tumor	SJRHB003936_R2	SJHBBBF63	SJCRH	-0.37169987	5.0344853
206535560048_R04C01	Patient tumor	SJRHB079360_D1	SJHBV83QC	SJCRH	0.040825002	3.7595592
206535560048_R05C01	Patient tumor	SJRHB003931_R1	SJHBBBHJC	SJCRH	2.764367	-0.23278639
206535560048_R06C01	Patient tumor	SJRHB079361_R1	SJHBBSXSN	SJCRH	4.4068108	1.833821
206535560048_R07C01	Patient tumor	SJRHB000008_D1	SJHBBBHZT	SJCRH	-0.08322739	4.808233
206535560048_R08C01	Patient tumor	SJRHB003957_R2	SJHBBB4X5	SJCRH	4.611072	-4.62483
206537460067_R01C01	Patient tumor	SJRHB079362_R1	SJHBV832P	SJCRH	5.0619106	-0.8974707
206537460067_R02C01	Patient tumor	SJRHB079363_D1	SJHBV834R	SJCRH	4.3380885	1.8107368
206537460067_R03C01	Patient tumor	SJRHB079364_D1	SJHBV836T	SJCRH	-0.001258615	3.7012832
206537460067_R05C01	Patient tumor	SJRHB044165_D1	SJHBBTTVV	SJCRH	4.905635	1.8293943
206537460067_R06C01	Patient tumor	SJRHB003938_D1	SJHBBTD5K	SJCRH	-0.933026	3.0926785
206537460067_R07C01	Patient tumor	SJRHB079366_R1	SJHBBSGCP	SJCRH	-0.74640477	5.041256
206537460067_R08C01	Patient tumor	SJRHB079367_R1	SJHBBTWPM	SJCRH	5.324544	-4.8076534
206537460070_R01C01	Patient tumor	SJRHB003903_D2	SJHBBBXDS	SJCRH	4.269462	1.0206695
206537460070_R02C01	Patient tumor	SJRHB079368_R1	SJHBBTY95	SJCRH	0.0074941255	2.6487172
206537460070_R03C01	Patient tumor	SJRHB079366_R2	SJHBBSGCP	SJCRH	-0.8798725	4.9480968
206537460070_R04C01	Patient tumor	SJRHB003922_R2	SJHBBB4W4	SJCRH	-0.27623188	3.5569735
206537460070_R06C01	Patient tumor	SJRHB079370_D1	SJHBBW96S	SJCRH	5.090389	1.5312436
206537460070_R07C01	Patient tumor	SJRHB056117_D2	SJHBBWMFQ	SJCRH	2.7456987	-1.4934224
206537460070_R08C01	Patient tumor	SJRHB079371_D1	SJHBB6B4Y	SJCRH	-1.5103765	3.1144443
206537460080_R01C01	Patient tumor	SJRHB006087_R1	SJHBBVCVC	SJCRH	2.533636	-0.94665337
206537460080_R02C01	Patient tumor	SJRHB079372_R1	SJHBB5Y6C	SJCRH	0.1712116	4.0137677
206537460080_R03C01	Patient tumor	SJRHB079373_R1	SJHBBXJFT	SJCRH	5.2041516	1.7398012
206537460080_R04C01	Patient tumor	SJRHB079374_D1	SJHBBXJP3	SJCRH	2.5401754	-1.4439405
206537460080_R05C01	Patient tumor	SJRHB006087_R2	SJHBBVCVC	SJCRH	2.635591	-0.8374569
206537460080_R06C01	Patient tumor	SJRHB012405_D2	SJHBBYRJR	SJCRH	5.6004906	0.9322831
206537460080_R07C01	Patient tumor	SJRHB071787_R1	SJHBBYGP6	SJCRH	-0.6865514	3.2872577
206537460080_R08C01	Patient tumor	SJRHB079375_D1	SJHBB2NW9	SJCRH	3.6834981	-0.69378877
206537460083_R01C01	Patient tumor	SJRHB079376_D1	SJHBB2WW2	SJCRH	4.7466846	1.7722723
206537460083_R02C01	Patient tumor	SJRHB031003_R1	SJHBN9NKW	SJCRH	1.1723162	2.968128
206537460083_R03C01	Patient tumor	SJRHB077692_D2	SJHBTYZ7P	SJCRH	3.5230048	-0.7697057
206537460083_R04C01	Patient tumor	SJRHB079377_R1	SJHBBKJMN	SJCRH	4.8452134	1.7338912
206537460083_R05C01	Patient tumor	SJRHB079378_D1	SJHBBMRVQ	SJCRH	2.8850477	0.67841995
206537460084_R02C01	Patient tumor	SJRHB079381_R1	SJHBBKCMT	SJCRH	-0.11552818	3.8791125
206537460084_R04C01	Patient tumor	SJRHB079383_D1	SJHBBMCNW	SJCRH	3.6933706	1.2725846
206537460084_R06C01	Patient tumor	SJRHB079384_D1	SJHBBMV6X	SJCRH	2.5253787	-0.77448255
206537460084_R07C01	Patient tumor	SJRHB079385_D1	SJHBBMQQM	SJCRH	2.5372252	0.96743965
206537460084_R08C01	Patient tumor	SJRHB079386_D1	SJHBBMKVW	SJCRH	2.3046446	0.42954448
206537460085_R02C01	Patient tumor	SJRHB019588_D1	SJHBBFG54	SJCRH	3.6102397	1.1066133
206537460085_R03C01	Patient tumor	SJRHB079387_D1	SJHBBNNTT	SJCRH	2.3756258	0.6963454
206537460085_R07C01	Patient tumor	SJRHB079389_D1	SJHBBMVRH	SJCRH	-0.10235219	3.8670113
206537460085_R08C01	Patient tumor	SJRHB046149_R1	SJHBBTNJQ	SJCRH	2.64771	-1.3529902
206537460099_R01C01	Patient tumor	SJRHB079403_D1	SJHBBTDZF	SJCRH	3.0794563	0.3862211
206537460099_R02C01	Patient tumor	SJRHB079404_D1	SJHBBTMSZ	SJCRH	0.9121104	3.5375257
206537460099_R03C01	Patient tumor	SJRHB003909_D2	SJHBBBNM9	SJCRH	0.8523477	3.3772879
206537460099_R04C01	Patient tumor	SJRHB003910_D2	SJHBBBKD5	SJCRH	-1.4941112	3.328803
206537460099_R05C01	Patient tumor	SJRHB079405_D1	SJHBBV7WJ	SJCRH	2.683994	-0.13205273
206537460099_R06C01	Patient tumor	SJRHB079372_D1	SJHBB5Y6C	SJCRH	0.24322459	3.4123404
206535560073_R01C01	Patient tumor	SJRHB079707_D1	SJHBJ2ZYS	SJCRH	5.0949373	-0.767295
206535560073_R02C01	Patient tumor	SJRHB030732_D1	SJHBB3VKS	SJCRH	2.619839	-1.1556607
206535560073_R03C01	Patient tumor	SJRHB079708_D1	SJHBB3T3B	SJCRH	3.6849558	-0.7030941
206535560073_R04C01	Patient tumor	SJRHB079709_D1	SJHBQ2WQG	SJCRH	5.0161176	-0.14969514
206535560073_R05C01	Patient tumor	SJRHB079710_D1	SJHBRRFFB	SJCRH	-0.05549467	4.9698496
206535560073_R06C01	Patient tumor	SJRHB032471_D2	SJHBQMYY7	SJCRH	0.7701559	3.9043405
206535560073_R07C01	Patient tumor	SJRHB031691_D6	SJHBQ56P8	SJCRH	6.557939	-1.0047327
206535560073_R08C01	Patient tumor	SJRHB079711_D1	SJHBB3JXG	SJCRH	2.2444637	-1.487487
206544450100_R01C01	Patient tumor	SJRHB079712_D1	SJHBJP6BM	SJCRH	4.4504523	1.9084047
206544450100_R02C01	Patient tumor	SJRHB079713_D1	SJHBP2ZJ7	SJCRH	5.223162	-0.37140197
206544450100_R03C01	Patient tumor	SJRHB030814_D2	SJHBNS75D	SJCRH	-0.36939466	4.6296415
206544450100_R04C01	Patient tumor	SJRHB079714_R1	SJHBJ2Y2W	SJCRH	3.7973607	-1.2200025
206544450100_R05C01	Patient tumor	SJRHB030550_D3	SJHBKNRVH	SJCRH	-0.9046001	4.724195
206544450100_R06C01	Patient tumor	SJRHB079714_D1	SJHBJP6FQ	SJCRH	5.172922	0.91866857
