sample_id	batch	diagnosis	UMAP1	UMAP2
TARGET-10-PAKSWW-03A-02R	1	ALL	6.2682786	2.2896683
TARGET-10-PAMXHJ-09A-01R	1	ALL	6.2424583	1.5312778
TARGET-10-PAMXSP-09A-01R	1	ALL	6.0924063	1.5132093
TARGET-10-PANATY-09B-01R	1	ALL	8.406192	4.23747
TARGET-10-PANCVR-03A-01R	1	ALL	5.4976716	2.72086
TARGET-10-PANCVR-04A-02R	1	ALL	5.427246	2.670287
TARGET-10-PANDBX-09B-01R	1	ALL	8.334134	4.3601775
TARGET-10-PANDWE-03A-02R	1	ALL	6.677246	2.2590628
TARGET-10-PANEUH-09A-01R	1	ALL	6.2650523	1.4337273
TARGET-10-PANFNZ-03A-01R	1	ALL	7.837995	2.6073332
TARGET-10-PANGIF-03A-01R	1	ALL	3.824402	2.7623558
TARGET-10-PANIEU-03A-01R	1	ALL	6.217101	2.596116
TARGET-10-PANJPG-09A-01R	1	ALL	7.80809	2.6069903
TARGET-10-PANJWJ-09A-01R	1	ALL	6.4041367	2.2608624
TARGET-10-PANKAK-04A-02R	1	ALL	6.277996	2.712453
TARGET-10-PANKAK-09A-01R	1	ALL	6.380626	2.8020716
TARGET-10-PANKAK-09A-02R	1	ALL	8.247316	4.215444
TARGET-10-PANKGK-09A-01R	1	ALL	7.846785	2.6529298
TARGET-10-PANKMB-09A-02R	1	ALL	6.651244	2.01639
TARGET-10-PANKRG-03A-02R	1	ALL	6.3918524	1.5480963
TARGET-10-PANLIC-09A-01R	1	ALL	6.768562	2.0544734
TARGET-10-PANLIC-09A-02R	1	ALL	8.426627	4.05609
TARGET-10-PANPJI-09A-01R	1	ALL	7.854123	2.649589
TARGET-10-PANRDC-03A-01R	1	ALL	7.831898	2.6748583
TARGET-10-PANRDC-03A-02R	1	ALL	9.118034	4.1518574
TARGET-10-PANRWG-09A-01R	1	ALL	7.637455	2.546706
TARGET-10-PANRYM-09A-01R	1	ALL	6.4719577	1.4806608
TARGET-10-PANSBK-03B-01R	1	ALL	8.400093	4.2631416
TARGET-10-PANSBR-09A-01R	1	ALL	6.305235	2.5824282
TARGET-10-PANSDA-04A-02R	1	ALL	6.549443	2.0021856
TARGET-10-PANSDA-09A-02R	1	ALL	6.664473	2.5003836
TARGET-10-PANSHK-04A-02R	1	ALL	5.461797	3.7111714
TARGET-10-PANSHK-09A-01R	1	ALL	5.3952403	3.786993
TARGET-10-PANSIA-09A-02R	1	ALL	6.3327265	1.4329796
TARGET-10-PANSPW-09A-01R	1	ALL	6.171114	2.7256207
TARGET-10-PANSUL-09A-01R	1	ALL	5.4041567	3.8022676
TARGET-10-PANSXG-09A-02R	1	ALL	6.088087	1.497006
TARGET-10-PANTSM-04A-02R	1	ALL	8.433668	4.054062
TARGET-10-PANTSM-09A-01R	1	ALL	6.585486	2.6653473
TARGET-10-PANUHA-09A-01R	1	ALL	5.372831	3.8489065
TARGET-10-PANUSN-03A-01R	1	ALL	5.5277896	3.5191767
TARGET-10-PANUSN-04A-01R	1	ALL	5.5005193	1.8641316
TARGET-10-PANUUF-09A-02R	1	ALL	7.81087	2.6214976
TARGET-10-PANWEZ-09B-01R	1	ALL	8.289635	4.3110657
TARGET-10-PANWHJ-09A-01R	1	ALL	5.977873	1.3980101
TARGET-10-PANWHW-09A-01R	1	ALL	6.937051	2.282565
TARGET-10-PANWHW-09A-02R	1	ALL	8.537296	3.9418738
TARGET-10-PANWVW-09A-01R	1	ALL	6.2147903	1.6217304
TARGET-10-PANWYH-09A-02R	1	ALL	6.002747	2.132834
TARGET-10-PANWYH-09B-01R	1	ALL	8.474284	4.227426
TARGET-10-PANXDB-03A-01R	1	ALL	6.4519496	2.8001518
TARGET-10-PANXDR-09A-01R	1	ALL	6.4309087	2.5613089
TARGET-10-PANXPE-04A-01R	1	ALL	6.3962646	1.2731699
TARGET-10-PANYEJ-09A-01R	1	ALL	6.177987	1.5154582
TARGET-10-PANYGB-04A-01R	1	ALL	5.385465	2.663952
TARGET-10-PANYYV-04A-01R	1	ALL	6.3860426	1.2605269
TARGET-10-PANYZE-09A-01R	1	ALL	6.6837926	1.8660438
TARGET-10-PANZPJ-09A-02R	1	ALL	6.4354725	2.7670493
TARGET-10-PANZXZ-03A-02R	1	ALL	7.7724695	2.622521
TARGET-10-PAPACP-04A-02R	1	ALL	6.404855	1.3357391
TARGET-10-PAPAGK-04A-01R	1	ALL	5.546722	2.3685608
TARGET-10-PAPAGK-09A-01R	1	ALL	5.6127334	2.5320761
TARGET-10-PAPAIZ-09A-01R	1	ALL	6.4424314	1.1671258
TARGET-10-PAPBCI-09A-01R	1	ALL	6.346314	1.9873171
TARGET-10-PAPBFN-09A-01R	1	ALL	6.102093	1.3776188
TARGET-10-PAPBZK-09A-01R	1	ALL	5.722505	1.968955
TARGET-10-PAPDJM-04A-01R	1	ALL	6.54555	1.1303291
TARGET-10-PAPDKJ-09A-01R	1	ALL	5.3599997	3.8104997
TARGET-10-PAPDUV-04A-02R	1	ALL	8.256485	3.995597
TARGET-10-PAPDUV-09A-02R	1	ALL	6.5966387	1.8489723
TARGET-10-PAPEAB-04A-01R	1	ALL	6.45822	1.2232019
TARGET-10-PAPECF-04A-01R	1	ALL	5.4041953	3.890769
TARGET-10-PAPECF-09A-01R	1	ALL	5.3767595	3.8459084
TARGET-10-PAPEFH-04A-01R	1	ALL	6.0122023	1.8672005
TARGET-10-PAPEJN-04A-01R	1	ALL	5.359307	3.8713076
TARGET-10-PAPEJN-09A-01R	1	ALL	5.288261	3.8748047
TARGET-10-PAPESW-09A-02R	1	ALL	6.4488616	1.2994442
TARGET-10-PAPEWB-09A-01R	1	ALL	6.105792	2.4046173
TARGET-10-PAPFWH-09A-01R	1	ALL	6.72412	2.2149072
TARGET-10-PAPFXN-09A-01R	1	ALL	6.413984	1.3997296
TARGET-10-PAPGFP-04A-01R	1	ALL	5.0032253	2.1617875
TARGET-10-PAPGFP-09A-02R	1	ALL	5.052467	2.1288128
TARGET-10-PAPGGT-03A-01R	1	ALL	6.0783033	2.7540507
TARGET-10-PAPGNC-03A-02R	1	ALL	6.7191615	2.2820385
TARGET-10-PAPGYC-09A-01R	1	ALL	6.4510603	1.8177142
TARGET-10-PAPHEK-03A-01R	1	ALL	6.7663474	2.2924373
TARGET-10-PAPHGD-09A-01R	1	ALL	5.9232216	2.5972042
TARGET-10-PAPHJF-04A-01R	1	ALL	3.9085393	2.67249
TARGET-10-PAPHJF-09A-01R	1	ALL	3.9099832	2.6947722
TARGET-10-PAPHMH-09A-02R	1	ALL	7.12464	2.043701
TARGET-10-PAPHPX-03B-01R	1	ALL	8.36616	4.329683
TARGET-10-PAPHYN-09B-01R	1	ALL	8.322148	4.3272996
TARGET-10-PAPHZT-09B-01R	1	ALL	8.296257	4.2487283
TARGET-10-PAPIGX-09A-02R	1	ALL	7.7727795	2.5787342
TARGET-10-PAPIJM-09A-01R	1	ALL	6.117188	1.4627037
TARGET-10-PAPIJM-09A-02R	1	ALL	8.321764	4.1104345
TARGET-10-PAPIRZ-09A-01R	1	ALL	5.4644136	2.516018
TARGET-10-PAPISG-04A-01R	2	ALL	6.6297736	2.153266
TARGET-10-PAPJHB-04A-02R	2	ALL	6.6912246	1.7656057
TARGET-10-PAPJHB-09A-01R	2	ALL	6.688347	1.8690848
TARGET-10-PAPJHR-09A-01R	2	ALL	5.523996	3.5608654
TARGET-10-PAPJIB-04A-01R	2	ALL	6.3125725	1.2179003
TARGET-10-PAPJIB-09A-01R	2	ALL	6.275502	1.2414358
TARGET-10-PAPJXI-04A-01R	2	ALL	6.550826	1.8098971
TARGET-10-PAPJXI-09A-01R	2	ALL	6.4126945	1.7891271
TARGET-10-PAPKNC-09A-01R	2	ALL	5.835108	2.6515603
TARGET-10-PAPLDL-03A-01R	2	ALL	5.813402	2.3599257
TARGET-10-PAPLDL-04A-01R	2	ALL	6.357188	1.7266644
TARGET-10-PAPLDM-04A-01R	2	ALL	6.4739122	1.295888
TARGET-10-PAPLTZ-04A-01R	2	ALL	5.327355	3.91327
TARGET-10-PAPLTZ-09A-01R	2	ALL	5.365291	3.8411252
TARGET-10-PAPLUG-09A-01R	2	ALL	5.4949117	3.6300552
TARGET-10-PAPMFI-04A-02R	2	ALL	5.382112	3.9342535
TARGET-10-PAPMVB-04A-02R	2	ALL	5.436572	3.8626
TARGET-10-PAPMVB-09A-02R	2	ALL	5.389258	3.932165
TARGET-10-PAPMYD-03A-01R	2	ALL	3.9107203	2.7457078
TARGET-10-PAPNFY-03A-02R	2	ALL	6.0004377	1.386096
TARGET-10-PAPNFY-04A-02R	2	ALL	5.8855367	1.3276124
TARGET-10-PAPNMY-04A-02R	2	ALL	5.81662	1.6058185
TARGET-10-PAPNMY-09A-01R	2	ALL	6.046144	1.5433784
TARGET-10-PAPNNX-09A-01R	2	ALL	7.792839	2.635851
TARGET-10-PAPNNX-09A-02R	2	ALL	8.8497305	3.9660823
TARGET-10-PAPPGN-04A-02R	2	ALL	5.843999	2.4621983
TARGET-10-PAPRCS-04A-01R	2	ALL	5.9138703	2.1359823
TARGET-10-PAPRCS-09A-01R	2	ALL	6.141726	2.2281418
TARGET-10-PAPRFE-09A-01R	2	ALL	3.8284316	2.8009813
TARGET-10-PAPSPG-04A-02R	2	ALL	8.246806	4.002807
TARGET-10-PAPSPN-04A-01R	2	ALL	6.0591354	2.136365
TARGET-10-PAPSPN-09A-01R	2	ALL	6.284387	2.3094034
TARGET-10-PAPTLM-09A-01R	2	ALL	3.8575015	2.771375
TARGET-10-PAPVTA-04A-01R	2	ALL	5.8444138	1.2751222
TARGET-10-PAPVTA-09A-01R	2	ALL	5.9432926	1.368266
TARGET-10-PAPVTA-09A-02R	2	ALL	8.340367	4.017087
TARGET-10-PAPZNK-04A-01R	2	ALL	5.3263755	2.6033678
TARGET-10-PAPZNK-09A-01R	2	ALL	5.340359	2.6063507
TARGET-10-PAPZST-04A-01R	2	ALL	5.4940877	1.8944842
TARGET-10-PAPZST-09A-01R	2	ALL	6.3838005	2.1756203
TARGET-10-PARAKF-09A-01R	2	ALL	5.3276534	3.8825378
TARGET-10-PARARJ-09A-01R	2	ALL	5.971026	2.4380555
TARGET-10-PARASZ-09A-01R	2	ALL	15.336753	8.835743
TARGET-10-PARAYM-09A-01R	2	ALL	15.916542	8.734648
TARGET-10-PARBRK-04A-01R	2	ALL	6.499949	1.2281121
TARGET-10-PARBVI-09A-01R	2	ALL	6.819768	2.295711
TARGET-10-PARBVI-09A-02R	2	ALL	8.388852	3.855331
TARGET-10-PARCHB-03A-02R	2	ALL	5.7769747	1.7541047
TARGET-10-PARCVM-03A-01R	2	ALL	15.027685	9.357009
TARGET-10-PARDWE-03A-01R	2	ALL	6.2850003	2.7265146
TARGET-10-PAREGZ-09A-01R	2	ALL	14.242004	6.5876327
TARGET-10-PARFDL-09A-01R	2	ALL	15.31531	7.2215314
TARGET-10-PARFIH-09A-01R	2	ALL	15.599475	7.2671857
TARGET-10-PARFLV-04A-02R	2	ALL	6.3163204	2.6191676
TARGET-10-PARFLV-09A-01R	2	ALL	6.2373815	2.3554795
TARGET-10-PARFPJ-09A-01R	2	ALL	15.457661	8.283778
TARGET-10-PARFTR-04A-01R	2	ALL	3.8815467	2.7699845
TARGET-10-PARFTR-09A-01R	2	ALL	3.8387127	2.7821584
TARGET-10-PARFXJ-09A-01R	2	ALL	14.250557	7.204807
TARGET-10-PARGFL-09A-01R	2	ALL	14.772646	6.7096686
TARGET-10-PARGFV-04A-01R	2	ALL	5.932182	1.2944087
TARGET-10-PARGHW-04A-01R	2	ALL	6.5140505	2.2428827
TARGET-10-PARGML-03A-02R	2	ALL	5.2390924	1.9866683
TARGET-10-PARGVZ-04A-01R	2	ALL	6.533727	1.2653997
TARGET-10-PARHBI-09A-01R	2	ALL	13.834746	7.106549
TARGET-10-PARHBT-09A-01R	2	ALL	15.146798	8.700093
TARGET-10-PARHES-09A-01R	2	ALL	14.191456	6.919716
TARGET-10-PARIAD-03A-01R	2	ALL	3.8891544	2.7354944
TARGET-10-PARIAD-04A-01R	2	ALL	3.9319212	2.686797
TARGET-10-PARIYD-09A-01R	2	ALL	14.255955	6.880168
TARGET-10-PARIZN-09A-01R	2	ALL	14.714368	7.555682
TARGET-10-PARJAY-09A-01R	2	ALL	15.370993	8.563283
TARGET-10-PARJNX-09A-01R	2	ALL	15.277102	8.8444
TARGET-10-PARJPL-09A-01R	2	ALL	16.553978	8.854195
TARGET-10-PARJSR-09A-01R	2	ALL	5.978927	1.6797183
TARGET-10-PARJXW-09A-01R	2	ALL	16.409336	8.867463
TARGET-10-PARJZZ-04A-01R	2	ALL	5.700707	2.2846458
TARGET-10-PARKLK-09A-01R	2	ALL	15.990515	8.741763
TARGET-10-PARLAF-04A-01R	2	ALL	5.4506726	3.813706
TARGET-10-PARLAF-09A-01R	2	ALL	5.3829694	3.8495126
TARGET-10-PARLEK-03A-01R	2	ALL	7.205048	2.0851154
TARGET-10-PARLJA-09A-01R	2	ALL	14.027848	7.2186155
TARGET-10-PARLST-09A-01R	2	ALL	15.348842	8.441762
TARGET-10-PARMFF-09A-01R	2	ALL	15.407166	8.309337
TARGET-10-PARMIH-09A-01R	2	ALL	15.900591	8.594107
TARGET-10-PARMKK-09A-01R	2	ALL	15.416575	9.507089
TARGET-10-PARMKM-03A-01R	2	ALL	15.6749	9.291765
TARGET-10-PARMMV-09A-01R	2	ALL	16.024698	8.490744
TARGET-10-PARMRF-09A-01R	2	ALL	14.960938	8.828527
TARGET-10-PARMSP-04A-01R	2	ALL	5.974294	1.5649132
TARGET-10-PARMSP-09A-01R	2	ALL	5.8727117	1.4129064
TARGET-10-PARMUC-03A-01R	3	ALL	15.109823	8.73715
TARGET-10-PARMWH-09A-01R	3	ALL	14.650004	6.597386
TARGET-10-PARMXF-03A-01R	3	ALL	3.86255	2.7830126
TARGET-10-PARMXF-04A-01R	3	ALL	5.2503414	1.9585291
TARGET-10-PARNBN-09A-01R	3	ALL	14.960998	8.797137
TARGET-10-PARNEH-09A-01R	3	ALL	14.1303005	6.8979526
TARGET-10-PARNJB-09A-01R	3	ALL	12.593219	6.769304
TARGET-10-PARNMF-03A-02R	3	ALL	5.278179	3.901489
TARGET-10-PARNMF-04A-01R	3	ALL	5.3071127	3.848869
TARGET-10-PARNMV-09A-01R	3	ALL	15.082759	9.612497
TARGET-10-PARNSH-03A-01R	3	ALL	7.74412	2.5466259
TARGET-10-PARNSP-09A-01R	3	ALL	16.19352	7.5647345
TARGET-10-PARNXJ-09A-01R	3	ALL	16.082859	8.84928
TARGET-10-PARPET-09A-01R	3	ALL	16.291006	7.8591924
TARGET-10-PARPHB-09A-01R	3	ALL	15.060756	9.69615
TARGET-10-PARPNM-09A-01R	3	ALL	5.3683968	2.6281219
TARGET-10-PARPRW-04A-01R	3	ALL	5.005881	2.1517432
TARGET-10-PARPUL-09A-01R	3	ALL	16.251457	8.2243805
TARGET-10-PARPYJ-09A-01R	3	ALL	14.517623	6.6501
TARGET-10-PARPZJ-03A-02R	3	ALL	5.4606557	3.6646576
TARGET-10-PARRKK-09A-01R	3	ALL	15.093796	8.811644
TARGET-10-PARSET-09A-01R	3	ALL	11.5896635	6.8570824
TARGET-10-PARSGC-03A-02R	3	ALL	5.8205805	1.5023737
TARGET-10-PARSJG-09A-01R	3	ALL	14.957777	8.900925
TARGET-10-PARSNX-09A-01R	3	ALL	16.386374	8.508357
TARGET-10-PARSZH-09A-01R	3	ALL	6.032611	1.7014868
TARGET-10-PARTBP-09A-01R	3	ALL	15.40923	7.600867
TARGET-10-PARTJL-09A-02R	3	ALL	5.508558	1.8405931
TARGET-10-PARTKL-09A-02R	3	ALL	6.388255	1.134448
TARGET-10-PARTLY-09A-01R	3	ALL	10.820545	6.5644426
TARGET-10-PARTPW-09A-01R	3	ALL	15.001403	6.7023907
TARGET-10-PARUBK-03A-01R	3	ALL	7.25972	2.120085
TARGET-10-PARUEU-09A-01R	3	ALL	14.482428	6.7435727
TARGET-10-PARUGP-09A-01R	3	ALL	3.959979	2.738896
TARGET-10-PARUKW-09A-01R	3	ALL	12.810361	6.8977327
TARGET-10-PARUYU-03B-01R	3	ALL	8.4052305	4.2347565
TARGET-10-PARVEI-09A-01R	3	ALL	15.256016	8.807802
TARGET-10-PARVHY-09A-01R	3	ALL	14.870095	9.369689
TARGET-10-PARVMR-09A-01R	3	ALL	16.10772	8.420245
TARGET-10-PARVWD-09A-01R	3	ALL	5.6657887	2.5850744
TARGET-10-PARWDM-09B-01R	3	ALL	15.344347	8.72408
TARGET-10-PARWID-09A-01R	3	ALL	14.652509	7.499357
TARGET-10-PARWLP-09A-01R	3	ALL	14.825899	9.042785
TARGET-10-PARWMF-09A-01R	3	ALL	13.92254	7.1058793
TARGET-10-PARWNW-09A-01R	3	ALL	16.064304	8.567892
TARGET-10-PARWVN-03A-01R	3	ALL	3.995002	2.7487297
TARGET-10-PARXHT-03A-01R	3	ALL	15.069579	8.824574
TARGET-10-PARXLS-09A-01R	3	ALL	15.64077	7.2401576
TARGET-10-PARXMC-04A-02R	3	ALL	5.451859	3.9400115
TARGET-10-PARXMC-09A-01R	3	ALL	5.499314	3.863866
TARGET-10-PARXMV-03A-01R	3	ALL	15.220977	7.127402
TARGET-10-PARXVS-09A-01R	3	ALL	14.985863	9.329937
TARGET-10-PARYGI-03A-01R	3	ALL	15.421416	7.3459363
TARGET-10-PASCIU-03A-01R	3	ALL	5.7392817	2.7028203
TARGET-10-PASCIU-03A-02R	3	ALL	8.369652	4.258723
TARGET-10-PASDYK-03A-02R	3	ALL	6.3879695	1.371886
TARGET-10-PASFHR-09A-01R	3	ALL	14.99925	9.646283
TARGET-10-PASFKA-09A-01R	3	ALL	15.5676985	8.429814
TARGET-10-PASFLK-09A-01R	3	ALL	12.1205435	6.9704294
TARGET-10-PASFXA-03A-01R	3	ALL	4.0524435	2.6675625
TARGET-10-PASFXA-04A-01R	3	ALL	4.0621195	2.6406143
TARGET-10-PASFXA-04A-02R	3	ALL	8.209	4.183718
TARGET-10-PASGFH-09A-01R	3	ALL	13.001829	7.1450124
TARGET-10-PASHDV-09A-01R	3	ALL	14.976815	7.0832057
TARGET-10-PASHNK-09A-01R	3	ALL	14.875794	6.7233505
TARGET-10-PASHUI-04A-02R	3	ALL	5.867263	1.474275
TARGET-10-PASHUI-09A-02R	3	ALL	6.2309084	1.6991569
TARGET-10-PASHUP-09A-01R	3	ALL	16.329529	8.788915
TARGET-10-PASHXL-09A-01R	3	ALL	16.256035	9.157071
TARGET-10-PASIIY-09A-01R	3	ALL	14.94731	6.778795
TARGET-10-PASILW-09A-01R	3	ALL	16.129805	8.990398
TARGET-10-PASINX-09A-01R	3	ALL	15.918369	8.431959
TARGET-10-PASJJR-09A-01R	3	ALL	12.355667	7.005151
TARGET-10-PASJLN-09A-01R	3	ALL	15.457027	7.1104045
TARGET-10-PASJMK-09A-01R	3	ALL	14.946428	8.079085
TARGET-10-PASJYI-09A-01R	3	ALL	11.676307	6.9248543
TARGET-10-PASKAD-09A-01R	3	ALL	15.978578	8.858768
TARGET-10-PASKAY-04A-01R	3	ALL	3.9128754	2.7120936
TARGET-10-PASKAY-09A-01R	3	ALL	3.9133127	2.7317665
TARGET-10-PASKCL-09B-01R	3	ALL	15.283457	7.469713
TARGET-10-PASKGG-09A-01R	3	ALL	14.90583	8.905799
TARGET-10-PASKHT-03A-02R	3	ALL	4.095298	2.6137621
TARGET-10-PASKIC-09A-01R	3	ALL	15.238444	9.593177
TARGET-10-PASKRN-03A-01R	3	ALL	15.494027	8.209254
TARGET-10-PASKSY-09A-01R	3	ALL	12.909831	7.022397
TARGET-10-PASKTG-09A-01R	3	ALL	15.420253	9.5689535
TARGET-10-PASKXN-09A-01R	3	ALL	15.206642	7.6796865
TARGET-10-PASLAB-09A-01R	4	ALL	15.8875265	9.388482
TARGET-10-PASLBB-09A-01R	4	ALL	14.213557	6.8605437
TARGET-10-PASLZM-40A-01R	4	ALL	3.8398216	2.759875
TARGET-10-PASMHF-09A-01R	4	ALL	15.508282	9.579866
TARGET-10-PASMIC-09A-01R	4	ALL	15.175897	9.002054
TARGET-10-PASMNV-09A-01R	4	ALL	16.425934	8.531905
TARGET-10-PASNEH-09A-01R	4	ALL	15.1618185	9.496471
TARGET-10-PASNTZ-09A-01R	4	ALL	12.853774	6.9762845
TARGET-10-PASPBU-09A-01R	4	ALL	16.34932	8.71189
TARGET-10-PASPDS-09A-01R	4	ALL	16.342543	8.535542
TARGET-10-PASPPN-09A-01R	4	ALL	14.3786335	6.7860756
TARGET-10-PASRCV-09A-01R	4	ALL	15.743858	9.058491
TARGET-10-PASRMM-09A-01R	4	ALL	16.19158	7.6406465
TARGET-10-PASSEF-09A-01R	4	ALL	16.201393	8.99148
TARGET-10-PASSHC-09A-01R	4	ALL	15.580477	7.1407237
TARGET-10-PASSPP-09A-01R	4	ALL	15.785059	8.97763
TARGET-10-PASSRP-09A-01R	4	ALL	15.154872	9.630964
TARGET-10-PASSSR-09A-01R	4	ALL	16.477331	8.599303
TARGET-10-PASSXJ-03A-01R	4	ALL	5.623277	2.1236029
TARGET-10-PASSZA-09A-01R	4	ALL	16.486938	8.713481
TARGET-10-PASTDU-09A-01R	4	ALL	13.922952	6.977996
TARGET-10-PASTHE-09A-01R	4	ALL	15.1437	7.785827
TARGET-10-PASTLP-09A-01R	4	ALL	14.140153	6.9762115
TARGET-10-PASTPT-09A-01R	4	ALL	15.32711	8.2109165
TARGET-10-PASTXU-09A-01R	4	ALL	16.255907	9.146583
TARGET-10-PASUBW-09A-01R	4	ALL	4.8403335	2.684684
TARGET-10-PASUGC-09A-01R	4	ALL	15.218507	7.4524684
TARGET-10-PASUIN-09A-01R	4	ALL	16.269201	7.6658497
TARGET-10-PASUSV-09A-01R	4	ALL	16.192001	8.690345
TARGET-10-PASVIN-09A-01R	4	ALL	15.566258	8.255864
TARGET-10-PASVPZ-09A-01R	4	ALL	15.018908	9.035323
TARGET-10-PASWFN-09A-01R	4	ALL	13.178564	7.058733
TARGET-10-PASWNU-09A-01R	4	ALL	14.660896	7.6916833
TARGET-10-PASWSR-09A-01R	4	ALL	16.142519	9.089005
TARGET-10-PASWXB-09A-01R	4	ALL	15.607725	8.117352
TARGET-10-PASWXZ-09A-01R	4	ALL	14.621533	7.7297616
TARGET-10-PASWZJ-09A-01R	4	ALL	15.254766	8.484804
TARGET-10-PASXIL-09A-01R	4	ALL	15.107277	6.729942
TARGET-10-PASXLT-09A-01R	4	ALL	14.353148	6.812705
TARGET-10-PASXLZ-09A-01R	4	ALL	15.488493	7.3492126
TARGET-10-PASXMF-09A-01R	4	ALL	15.890172	8.600077
TARGET-10-PASXSI-09A-01R	4	ALL	16.27196	8.811326
TARGET-10-PASXUC-09A-01R	4	ALL	16.156034	9.20458
TARGET-10-PASXUU-09A-01R	4	ALL	15.065832	9.428369
TARGET-10-PASYAJ-09A-01R	4	ALL	15.262266	9.385315
TARGET-10-PASYCN-09A-01R	4	ALL	13.284853	7.335385
TARGET-10-PASYGM-03A-02R	4	ALL	4.0135045	2.6669574
TARGET-10-PASYHN-09A-01R	4	ALL	15.23235	9.701373
TARGET-10-PASYIS-09A-01R	4	ALL	14.455894	6.6357355
TARGET-10-PASYSJ-09A-01R	4	ALL	16.437695	8.390317
TARGET-10-PASYWF-03A-01R	4	ALL	16.204985	8.869699
TARGET-10-PASZEW-09A-01R	4	ALL	15.219552	7.0355773
TARGET-10-PASZIY-09A-01R	4	ALL	13.798036	7.4151607
TARGET-10-PASZJW-03A-01R	4	ALL	15.055846	9.574355
TARGET-10-PATALJ-09A-01R	4	ALL	13.546224	7.4973397
TARGET-10-PATAXS-09A-01R	4	ALL	15.720218	8.200469
TARGET-10-PATAYT-09A-01R	4	ALL	14.615365	7.676601
TARGET-10-PATBDJ-09A-01R	4	ALL	15.258648	9.377345
TARGET-10-PATBDK-09A-01R	4	ALL	16.362413	8.333874
TARGET-10-PATBGC-09A-01R	4	ALL	12.117622	6.5792456
TARGET-10-PATBNT-09A-01R	4	ALL	15.791717	8.6869955
TARGET-10-PATBRV-09A-01R	4	ALL	14.60663	7.743748
TARGET-10-PATBTX-09A-01R	4	ALL	16.146786	8.559099
TARGET-10-PATBYK-09A-01R	4	ALL	15.347018	7.529929
TARGET-10-PATCDM-09A-01R	4	ALL	14.899677	9.124079
TARGET-10-PATCDZ-09A-01R	4	ALL	14.993446	6.711971
TARGET-10-PATCKV-09A-01R	4	ALL	12.931884	7.066531
TARGET-10-PATCNI-09A-01R	4	ALL	15.71545	9.18451
TARGET-10-PATCTI-04A-01R	4	ALL	3.9289808	2.7301226
TARGET-10-PATCTI-09A-01R	4	ALL	3.8749754	2.702483
TARGET-10-PATCUK-09A-01R	4	ALL	16.350044	8.584593
TARGET-10-PATCZN-09A-01R	4	ALL	16.1846	8.889941
TARGET-10-PATDBU-09A-01R	4	ALL	15.119383	9.669714
TARGET-10-PATDDZ-09A-01R	4	ALL	16.357182	9.132953
TARGET-10-PATDFE-09A-01R	4	ALL	14.633272	7.768061
TARGET-10-PATDGZ-09A-01R	4	ALL	16.34232	7.7498183
TARGET-10-PATDKT-09A-01R	4	ALL	14.596538	7.229066
TARGET-10-PATDLG-09A-01R	4	ALL	15.439473	7.406661
TARGET-10-PATDMN-09A-01R	4	ALL	14.750243	6.765719
TARGET-10-PATDRC-03A-01R	4	ALL	13.339633	7.4058013
TARGET-10-PATEAK-09A-01R	4	ALL	16.38749	8.998183
TARGET-10-PATEFF-09A-01R	4	ALL	16.457516	8.385369
TARGET-10-PATEHZ-03A-01R	4	ALL	15.113746	9.636008
TARGET-10-PATEIT-09A-01R	4	ALL	15.335413	9.622134
TARGET-10-PATEMI-09A-01R	5	ALL	11.9634495	6.505017
TARGET-10-PATENL-09A-01R	5	ALL	15.544285	9.596472
TARGET-10-PATEVL-09A-01R	5	ALL	15.440779	7.7837954
TARGET-10-PATEYS-09A-01R	5	ALL	15.11329	9.665044
TARGET-10-PATFJD-09A-01R	5	ALL	15.259064	7.9537644
TARGET-10-PATFJP-09A-01R	5	ALL	16.237223	8.61865
TARGET-10-PATFRM-09A-01R	5	ALL	10.8823185	6.617299
TARGET-10-PATFVG-09A-01R	5	ALL	15.488361	7.3671904
TARGET-10-PATFWF-09A-01R	5	ALL	12.826274	6.963354
TARGET-10-PATFYZ-09A-01R	5	ALL	15.389576	7.2623715
TARGET-10-PATGBY-09A-01R	5	ALL	15.37975	6.9825015
TARGET-10-PATGKE-09A-01R	5	ALL	16.310678	8.451857
TARGET-10-PATGLV-09A-01R	5	ALL	14.114929	6.931637
TARGET-10-PATGMP-09A-01R	5	ALL	15.705986	8.38998
TARGET-10-PATGVX-09A-01R	5	ALL	13.921871	7.006434
TARGET-10-PATGWP-09A-01R	5	ALL	12.818619	6.9377284
TARGET-10-PATGXS-09A-01R	5	ALL	14.399175	6.6332116
TARGET-10-PATGYH-09A-01R	5	ALL	15.361662	9.226545
TARGET-10-PATGZA-09A-01R	5	ALL	11.908889	6.395007
TARGET-10-PATHBG-09A-01R	5	ALL	12.725548	6.7528315
TARGET-10-PATHFE-09A-01R	5	ALL	16.286726	7.628159
TARGET-10-PATHGY-09A-01R	5	ALL	15.951652	7.4604025
TARGET-10-PATHJF-09A-01R	5	ALL	12.290901	6.5942264
TARGET-10-PATHRF-09A-01R	5	ALL	16.13047	8.626691
TARGET-10-PATHWV-09A-01R	5	ALL	14.778632	6.7140865
TARGET-10-PATIBE-09A-01R	5	ALL	15.68638	9.064126
TARGET-10-PATIKN-03A-01R	5	ALL	14.964756	9.539275
TARGET-10-PATITB-09A-01R	5	ALL	14.906846	7.2547765
TARGET-10-PATITY-09A-01R	5	ALL	15.720718	7.1781425
TARGET-10-PATJBC-09A-01R	5	ALL	14.70582	6.6419144
TARGET-10-PATJLT-09A-01R	5	ALL	14.962918	9.203924
TARGET-10-PATJZK-09A-01R	5	ALL	14.670527	7.7266936
TARGET-10-PATKGP-09A-01R	5	ALL	15.29037	7.677858
TARGET-10-PATKVD-09A-01R	5	ALL	16.28159	8.651192
TARGET-10-PATKWU-09A-01R	5	ALL	16.246307	7.6217318
TARGET-10-PATKYI-09A-01R	5	ALL	13.191834	7.042759
TARGET-10-PATLGU-09A-01R	5	ALL	14.121544	7.021941
TARGET-10-PATLHH-09A-01R	5	ALL	14.773298	9.020263
TARGET-10-PATLHS-09A-01R	5	ALL	15.09105	7.1128297
TARGET-10-PATLMA-03A-01R	5	ALL	14.6007395	7.7135954
TARGET-10-PATLNS-09A-01R	5	ALL	15.354869	8.381997
TARGET-10-PATLNZ-09A-01R	5	ALL	15.434595	8.240836
TARGET-10-PATLPN-03A-01R	5	ALL	16.553082	8.763154
TARGET-10-PATLRZ-09A-01R	5	ALL	15.307512	7.048472
TARGET-10-PATMAF-09A-01R	5	ALL	12.984446	6.892309
TARGET-10-PATMRE-09A-01R	5	ALL	13.5654125	7.0836444
TARGET-10-PATMTV-09A-01R	5	ALL	14.816872	8.121462
TARGET-10-PATMVH-09A-01R	5	ALL	16.315126	8.857272
TARGET-10-PATMXN-09A-01R	5	ALL	13.502597	7.0729694
TARGET-10-PATMYZ-09A-01R	5	ALL	13.902029	6.965772
TARGET-10-PATNAM-09A-01R	5	ALL	15.578486	9.530644
TARGET-10-PATNIA-09A-01R	5	ALL	15.4043	9.4925
TARGET-10-PATPDA-09A-01R	5	ALL	16.462025	8.463919
TARGET-10-PATPGE-09A-01R	5	ALL	15.330177	7.537399
TARGET-10-PATPWF-03A-01R	5	ALL	15.281024	9.761158
TARGET-10-PATRAB-09A-01R	5	ALL	16.12066	9.122688
TARGET-10-PATRGV-09A-01R	5	ALL	15.912072	8.790011
TARGET-10-PATRHL-09A-01R	5	ALL	15.3695135	6.971783
TARGET-10-PATRNA-09A-01R	5	ALL	16.491611	8.56215
TARGET-10-PATRUN-09A-01R	5	ALL	15.282462	6.893835
TARGET-10-PATRXL-09A-01R	5	ALL	15.256814	6.9260592
TARGET-10-PATSDS-03A-01R	5	ALL	16.5381	8.772863
TARGET-10-PATSIL-09A-01R	5	ALL	15.138148	9.687808
TARGET-10-PATSIY-09A-01R	5	ALL	14.576247	7.006097
TARGET-10-PATSLH-09A-01R	5	ALL	16.428745	8.173392
TARGET-10-PATTEE-03A-02R	5	ALL	5.3610826	2.632383
TARGET-10-PATTHR-09A-01R	5	ALL	12.915062	7.1099925
TARGET-10-PATVDA-03A-01R	5	ALL	15.241756	8.303546
TARGET-10-PATWHB-09A-01R	5	ALL	14.3879795	6.6235137
TARGET-10-PATWIJ-09A-01R	5	ALL	15.252445	6.8597813
TARGET-10-PATWJU-09A-01R	5	ALL	15.500436	7.0869837
TARGET-10-PATWNL-09A-01R	5	ALL	16.293247	7.8835807
TARGET-10-PATWXC-09A-01R	5	ALL	16.473108	8.379602
TARGET-10-PATWYL-09A-01R	5	ALL	14.998576	9.1627
TARGET-10-PATWYZ-09A-01R	5	ALL	16.272366	7.654742
TARGET-10-PATXAL-09A-01R	5	ALL	14.91557	7.460639
TARGET-10-PATXKW-03A-01R	5	ALL	11.69807	6.8567853
TARGET-10-PATXNK-09A-01R	5	ALL	15.237239	9.726167
TARGET-10-PATXNR-09A-01R	5	ALL	16.08131	9.235593
TARGET-10-PATXSK-09A-01R	5	ALL	15.253053	6.873238
TARGET-10-PATYCH-09A-01R	5	ALL	16.353651	8.344389
TARGET-10-PATYJK-09A-01R	5	ALL	12.772641	6.97342
TARGET-10-PATYMP-09A-01R	5	ALL	16.54165	8.498225
TARGET-10-PATYWV-09A-01R	5	ALL	15.302716	9.704266
TARGET-10-PATZFF-09A-01R	5	ALL	16.294819	7.7656665
TARGET-10-PATZSL-09A-01R	5	ALL	16.271864	9.049891
TARGET-10-PATZVD-09A-01R	5	ALL	15.304167	7.522562
TARGET-10-PATZWA-03A-01R	5	ALL	14.616529	7.523945
TARGET-10-PATZYC-09A-01R	5	ALL	14.593402	7.721035
TARGET-10-PATZYR-03A-01R	5	ALL	16.317032	7.69713
TARGET-10-PAUACG-09A-01R	5	ALL	14.162065	6.8180313
TARGET-10-PAUAFN-09A-01R	5	ALL	16.476288	8.818969
TARGET-10-PAUAJA-09A-01R	5	ALL	13.15754	6.8876944
TARGET-10-PAUAYB-09A-01R	5	ALL	14.859327	6.687769
TARGET-10-PAUAZV-09A-01R	5	ALL	16.373655	8.294913
TARGET-10-PAUBCB-09A-01R	5	ALL	16.430597	8.5090275
TARGET-10-PAUBCT-09A-01R	5	ALL	15.524323	8.074554
TARGET-10-PAUBLL-09A-01R	5	ALL	15.041528	8.003088
TARGET-10-PAUBPY-09A-01R	6	ALL	13.253591	7.115627
TARGET-10-PAUBRD-09A-01R	6	ALL	15.153711	9.721877
TARGET-10-PAUBTC-09A-01R	6	ALL	16.298819	8.062296
TARGET-10-PAUBXP-09A-01R	6	ALL	15.22406	9.726707
TARGET-10-PAUCDC-09A-01R	6	ALL	14.9939	9.594191
TARGET-10-PAUCDY-09A-01R	6	ALL	11.579244	6.93508
TARGET-15-SJMPAL003414-04A-01R	6	MPAL	13.955831	6.7481046
TARGET-15-SJMPAL004013-04A-01R	6	MPAL	8.381821	4.3854136
TARGET-15-SJMPAL005001-04A-01R	6	MPAL	10.852215	6.4067926
TARGET-15-SJMPAL011914-09B-01R	6	MPAL	11.404991	6.8427052
TARGET-15-SJMPAL012417-09A-01R	6	MPAL	10.96143	6.4459987
TARGET-15-SJMPAL012418-09A-01R	6	MPAL	10.816318	6.4041247
TARGET-15-SJMPAL012419-09A-01R	6	MPAL	8.903665	4.5078807
TARGET-15-SJMPAL012419-09B-01R	6	MPAL	8.85784	4.5488467
TARGET-15-SJMPAL012420-09A-01R	6	MPAL	11.235703	6.5624995
TARGET-15-SJMPAL012421-09B-01R	6	MPAL	11.587657	6.5118284
TARGET-15-SJMPAL012422-09A-01R	6	MPAL	9.234344	4.335275
TARGET-15-SJMPAL012425-09A-01R	6	MPAL	9.0982065	4.1907907
TARGET-15-SJMPAL016340-09A-01R	6	MPAL	12.346113	6.971508
TARGET-15-SJMPAL016342-09A-01R	6	MPAL	10.85985	6.3079705
TARGET-15-SJMPAL016342-09B-01R	6	MPAL	10.745984	6.218865
TARGET-15-SJMPAL016343-09A-01R	6	MPAL	11.069879	6.2915325
TARGET-15-SJMPAL016344-09A-01R	6	MPAL	13.806742	6.6532536
TARGET-15-SJMPAL016447-09A-01R	6	MPAL	11.531413	6.5945377
TARGET-15-SJMPAL016448-09A-01R	6	MPAL	8.418552	4.312202
TARGET-15-SJMPAL017973-09A-01R	6	MPAL	9.322123	4.900029
TARGET-15-SJMPAL017975-03A-01R	6	MPAL	10.787966	6.1587954
TARGET-15-SJMPAL017975-03B-01R	6	MPAL	10.784332	6.1088576
TARGET-15-SJMPAL017977-09A-01R	6	MPAL	10.227298	5.4681997
TARGET-15-SJMPAL017978-09A-01R	6	MPAL	11.858233	6.411141
TARGET-15-SJMPAL017981-03A-01R	6	MPAL	9.638606	4.826361
TARGET-15-SJMPAL019076-04B-01R	6	MPAL	8.514523	4.295259
TARGET-15-SJMPAL040024-09A-01R	6	MPAL	9.378513	4.5050993
TARGET-15-SJMPAL040025-09A-01R	6	MPAL	9.05455	4.1705937
TARGET-15-SJMPAL040025-09B-01R	6	MPAL	9.020459	4.1450996
TARGET-15-SJMPAL040026-09A-01R	6	MPAL	9.618823	4.7781477
TARGET-15-SJMPAL040027-09A-01R	6	MPAL	11.6408	6.642478
TARGET-15-SJMPAL040028-04A-01R	6	MPAL	9.3951845	4.4499354
TARGET-15-SJMPAL040028-04B-01R	6	MPAL	9.372723	4.4796915
TARGET-15-SJMPAL040030-09A-01R	6	MPAL	11.338411	6.5075154
TARGET-15-SJMPAL040031-09A-01R	6	MPAL	9.438228	4.5202265
TARGET-15-SJMPAL040033-09A-01R	6	MPAL	8.945371	4.0825043
TARGET-15-SJMPAL040034-09A-01R	6	MPAL	9.375233	4.468473
TARGET-15-SJMPAL040035-03A-01R	6	MPAL	9.876806	5.033463
TARGET-15-SJMPAL040036-03A-01R	6	MPAL	10.35302	5.6243987
TARGET-15-SJMPAL040036-03B-01R	6	MPAL	10.303733	5.5974174
TARGET-15-SJMPAL040037-09A-01R	6	MPAL	10.853984	6.5432096
TARGET-15-SJMPAL040037-09B-01R	6	MPAL	10.792846	6.559966
TARGET-15-SJMPAL040038-09A-01R	6	MPAL	8.302628	4.2925086
TARGET-15-SJMPAL040038-09B-01R	6	MPAL	8.479041	4.3054295
TARGET-15-SJMPAL040039-09A-01R	6	MPAL	9.53567	4.7288585
TARGET-15-SJMPAL040039-09B-01R	6	MPAL	9.576057	4.8217154
TARGET-15-SJMPAL040459-09A-01R	6	MPAL	11.356793	6.5599666
TARGET-15-SJMPAL040459-09B-01R	6	MPAL	11.376714	6.616213
TARGET-15-SJMPAL041117-09A-01R	6	MPAL	8.834711	4.5155478
TARGET-15-SJMPAL041117-09B-01R	6	MPAL	8.855686	4.5647097
TARGET-15-SJMPAL041118-09A-01R	6	MPAL	9.222556	4.375104
TARGET-15-SJMPAL041119-09A-01R	6	MPAL	10.627148	6.0724254
TARGET-15-SJMPAL041119-09B-01R	6	MPAL	10.491726	5.951603
TARGET-15-SJMPAL041120-09A-01R	6	MPAL	11.641748	6.271392
TARGET-15-SJMPAL041120-09B-01R	6	MPAL	11.662046	6.2586427
TARGET-15-SJMPAL041122-09A-01R	6	MPAL	9.697055	4.8559895
TARGET-15-SJMPAL042787-09A-01R	6	MPAL	12.149202	6.580655
TARGET-15-SJMPAL042787-09B-01R	6	MPAL	12.101973	6.5661864
TARGET-15-SJMPAL042791-09A-01R	6	MPAL	11.521875	6.55942
TARGET-15-SJMPAL042791-09B-01R	6	MPAL	11.544753	6.601838
TARGET-15-SJMPAL042792-09A-01R	6	MPAL	11.341138	6.586479
TARGET-15-SJMPAL042793-09A-01R	6	MPAL	11.268127	6.618417
TARGET-15-SJMPAL042793-09B-01R	6	MPAL	11.341379	6.667551
TARGET-15-SJMPAL042794-09A-01R	6	MPAL	11.592237	6.913364
TARGET-15-SJMPAL042794-09B-01R	6	MPAL	11.578935	6.898559
TARGET-15-SJMPAL042796-09A-01R	6	MPAL	11.157631	6.212916
TARGET-15-SJMPAL042797-09A-01R	6	MPAL	11.849146	6.375329
TARGET-15-SJMPAL042798-09A-01R	6	MPAL	10.585564	6.049887
TARGET-15-SJMPAL042798-09B-01R	6	MPAL	10.469805	5.933167
TARGET-15-SJMPAL042799-09A-01R	6	MPAL	13.825593	6.977185
TARGET-15-SJMPAL042799-09B-01R	6	MPAL	13.788769	6.8707876
TARGET-15-SJMPAL042801-09A-01R	6	MPAL	11.603348	6.609564
TARGET-15-SJMPAL042801-09B-01R	6	MPAL	11.713361	6.634146
TARGET-15-SJMPAL042943-09A-01R	6	MPAL	9.710629	4.873048
TARGET-15-SJMPAL042946-04B-01R	6	MPAL	12.082278	6.5675797
TARGET-15-SJMPAL042946-09A-01R	6	MPAL	12.19134	6.62151
TARGET-15-SJMPAL042946-09B-01R	6	MPAL	12.104421	6.526138
TARGET-15-SJMPAL043505-09B-01R	6	MPAL	11.816661	6.387395
TARGET-15-SJMPAL043506-04B-01R	6	MPAL	8.979311	4.1431127
TARGET-15-SJMPAL043507-04B-01R	6	MPAL	10.451688	5.9234605
TARGET-15-SJMPAL043508-09B-01R	6	MPAL	8.947626	4.154028
TARGET-15-SJMPAL043509-04A-01R	6	MPAL	11.338451	6.7941933
TARGET-15-SJMPAL043510-09A-01R	6	MPAL	11.717368	6.282438
TARGET-15-SJMPAL043511-09B-01R	6	MPAL	10.377559	5.714622
TARGET-15-SJMPAL043512-09B-01R	6	MPAL	8.993775	4.1323304
TARGET-15-SJMPAL043513-04B-01R	6	MPAL	8.472284	4.2214103
TARGET-15-SJMPAL043514-09A-01R	6	MPAL	11.752887	6.3143163
TARGET-15-SJMPAL043767-09B-01R	6	MPAL	9.735756	5.0714145
TARGET-15-SJMPAL043768-09B-01R	7	MPAL	11.696512	6.2761974
TARGET-15-SJMPAL043769-03B-01R	7	MPAL	11.7321	6.2283053
TARGET-15-SJMPAL043770-09B-01R	7	MPAL	10.728167	5.872525
TARGET-15-SJMPAL043771-09B-01R	7	MPAL	10.370977	5.631365
TARGET-15-SJMPAL043772-04B-01R	7	MPAL	11.721154	6.3222394
TARGET-15-SJMPAL043773-03B-01R	7	MPAL	11.63249	6.211826
TARGET-15-SJMPAL043773-40A-01R	7	MPAL	11.348657	6.1874533
TARGET-15-SJMPAL043774-09B-01R	7	MPAL	9.743981	4.9611273
TARGET-15-SJMPAL043775-09B-01R	7	MPAL	9.2294	4.807041
TARGET-15-SJMPAL044948-09A-01R	7	MPAL	11.109848	6.165361
TARGET-15-SJMPAL044949-09A-01R	7	MPAL	14.737061	6.6838384
TARGET-15-SJMPAL044950-09A-01R	7	MPAL	9.704227	4.86076
TARGET-15-SJMPAL044953-09A-01R	7	MPAL	11.375261	6.839402
TARGET-15-SJMPAL046466-09A-01R	7	MPAL	9.274768	4.2992415
TARGET-15-SJMPAL046467-09A-01R	7	MPAL	9.117728	4.203272
TARGET-15-SJMPAL046468-09A-01R	7	MPAL	9.591362	4.742252
TARGET-15-SJMPAL046469-09A-01R	7	MPAL	9.285999	4.8837585
TARGET-15-SJMPAL046470-09A-01R	7	MPAL	8.383076	4.059724
TARGET-15-SJMPAL046471-09A-01R	7	MPAL	10.731362	6.198993
TARGET-15-SJMPAL046472-09A-01R	7	MPAL	9.381117	4.429227
TARGET-20-SJAML003320-09A-02R	7	AML	10.353024	5.4888663
TARGET-20-SJAML003322-09A-02R	7	AML	10.400843	5.4593725
TARGET-20-SJAML007112-09A-02R	7	AML	10.795756	6.139797
TARGET-20-SJAML007113-09A-02R	7	AML	10.89561	6.2545075
TARGET-20-SJAML016570-09A-02R	7	AML	10.330184	5.5514417
TARGET-20-SJAML040268-09A-03R	7	AML	10.803403	6.1231713
TARGET-20-SJAML045734-09A-01R	7	AML	10.360644	5.5347075
TARGET-20-SJAML045735-09A-01R	7	AML	10.829228	6.16792
TARGET-20-SJAML045736-09A-01R	7	AML	10.370948	5.4820976
TARGET-20-SJAML045737-09A-01R	7	AML	11.156508	6.625704
TARGET-20-SJAML045738-09A-01R	7	AML	11.045118	6.2354884
TARGET-20-SJAML045739-09A-01R	7	AML	10.986008	6.1560445
TARGET-20-SJAML045740-09A-01R	7	AML	10.917246	6.1879463
TARGET-20-SJAML045741-09A-01R	7	AML	10.868305	6.184568
TARGET-20-SJAML045742-09A-01R	7	AML	10.530773	5.644485
TARGET-50-CAAAAB-01A-01R	7	WT	-7.225192	17.08488
TARGET-50-CAAAAC-01A-01R	7	WT	-7.2204766	16.826067
TARGET-50-CAAAAH-01A-01R	7	WT	-7.9282136	17.200424
TARGET-50-CAAAAJ-01A-01R	7	WT	-7.576808	18.005882
TARGET-50-CAAAAL-01A-01R	7	WT	-7.122116	16.63059
TARGET-50-CAAAAM-01A-01R	7	WT	-7.9975877	18.216516
TARGET-50-CAAAAO-01A-01R	7	WT	-7.119569	16.725956
TARGET-50-CAAAAP-01A-01R	7	WT	-7.608836	17.104784
TARGET-50-CAAAAQ-01A-01R	7	WT	-7.2318454	17.358686
TARGET-50-CAAAAQ-11A-01R	7	WT	1.3040323	25.078362
TARGET-50-CAAAAR-01A-01R	7	WT	-7.8013196	18.099434
TARGET-50-CAAAAR-11A-01R	7	WT	1.3238176	25.098286
TARGET-50-CAAAAS-01A-01R	7	WT	-7.110254	17.48667
TARGET-50-PADXAY-01A-01R	7	WT	-7.809115	17.000895
TARGET-50-PADZUB-01A-01R	7	WT	-7.1317296	17.208235
TARGET-50-PAEAFB-01A-01R	7	WT	-7.6222425	17.28731
TARGET-50-PAEBXA-01A-01R	7	WT	-7.445598	17.670639
TARGET-50-PAECJB-01A-01R	7	WT	-7.6809664	17.935665
TARGET-50-PAJLIP-01A-01R	7	WT	-6.955616	17.442987
TARGET-50-PAJLKC-01A-01R	7	WT	-7.2535257	16.834969
TARGET-50-PAJLKR-01A-01R	7	WT	-7.191924	16.898903
TARGET-50-PAJLLF-01A-01R	7	WT	-7.268474	17.438835
TARGET-50-PAJLNJ-01A-01R	7	WT	-7.559258	17.931122
TARGET-50-PAJLPX-01A-01R	7	WT	-7.605261	17.503357
TARGET-50-PAJLSP-01A-01R	7	WT	-7.6464543	16.915464
TARGET-50-PAJLTH-01A-01R	7	WT	-7.447513	16.85982
TARGET-50-PAJLTI-01A-01R	7	WT	-7.8004894	17.591248
TARGET-50-PAJLUJ-06A-01R	7	WT	-7.8124194	18.156986
TARGET-50-PAJLWT-01A-01R	7	WT	-7.5407495	17.302324
TARGET-50-PAJMEL-01A-01R	7	WT	-7.9078083	18.205744
TARGET-50-PAJMEN-01A-01R	7	WT	-7.288213	16.69992
TARGET-50-PAJMEP-01A-01R	7	WT	-7.590123	17.150265
TARGET-50-PAJMFU-01A-01R	7	WT	-7.0704503	16.631409
TARGET-50-PAJMFY-01A-01R	7	WT	-7.2664804	16.577108
TARGET-50-PAJMIZ-01A-01R	7	WT	-7.125687	16.699928
TARGET-50-PAJMJT-01A-01R	7	WT	-7.5716634	17.974714
TARGET-50-PAJMKI-01A-01R	7	WT	-7.7274647	16.9125
TARGET-50-PAJMKJ-01A-01R	7	WT	-7.281554	17.59649
TARGET-50-PAJMKN-01A-01R	7	WT	-6.877108	17.18175
TARGET-50-PAJMLI-01A-01R	7	WT	-7.807158	17.481592
TARGET-50-PAJMLZ-01A-01R	7	WT	-7.556214	16.819292
TARGET-50-PAJMMY-01A-01R	7	WT	-7.4472713	17.334463
TARGET-50-PAJMRL-01A-01R	7	WT	-7.463321	16.66451
TARGET-50-PAJMSE-01A-01R	7	WT	-7.0818167	16.620869
TARGET-50-PAJMUF-01A-01R	7	WT	-7.6267586	17.691341
TARGET-50-PAJMVC-01A-01R	7	WT	-8.110159	17.681868
TARGET-50-PAJMVU-01A-01R	7	WT	-7.3247004	16.61387
TARGET-50-PAJMXF-01A-01R	7	WT	-7.407053	16.680086
TARGET-50-PAJNAA-01A-01R	7	WT	-6.8692484	17.252756
TARGET-50-PAJNAV-01A-01R	7	WT	-6.911681	17.206394
TARGET-50-PAJNBN-01A-01R	7	WT	-7.466915	16.590694
TARGET-50-PAJNCC-01A-01R	7	WT	-7.1060834	17.455423
TARGET-50-PAJNCJ-01A-01R	7	WT	-7.213762	17.345827
TARGET-50-PAJNCZ-01A-01R	7	WT	-7.7264094	17.40372
TARGET-50-PAJNDU-01A-01R	7	WT	-7.9595895	17.239347
TARGET-50-PAJNEC-01A-01R	7	WT	-7.881525	17.136225
TARGET-50-PAJNGH-01A-01R	7	WT	-7.6633873	16.905615
TARGET-50-PAJNGH-02A-01R	7	WT	-7.6776495	17.231878
TARGET-50-PAJNJJ-01A-01R	7	WT	-6.9531503	17.1602
TARGET-50-PAJNLT-01A-01R	7	WT	-7.057024	17.081463
TARGET-50-PAJNNC-01A-01R	7	WT	-7.546939	17.506014
TARGET-50-PAJNNR-01A-01R	7	WT	-7.2194757	17.386961
TARGET-50-PAJNRH-01A-01R	7	WT	-7.032789	16.985294
TARGET-50-PAJNRL-01A-01R	7	WT	-7.318059	17.067421
TARGET-50-PAJNRL-11A-01R	7	WT	1.337154	25.11156
TARGET-50-PAJNSL-01A-01R	8	WT	-7.0541368	17.149826
TARGET-50-PAJNSL-11A-01R	8	WT	1.3561602	25.13054
TARGET-50-PAJNTJ-01A-01R	8	WT	-7.549876	17.38429
TARGET-50-PAJNTJ-02A-01R	8	WT	-7.4648	17.295149
TARGET-50-PAJNUP-01A-01R	8	WT	-7.9505296	18.187305
TARGET-50-PAJNUS-01A-01R	8	WT	-7.643313	18.045773
TARGET-50-PAJNVE-01A-01R	8	WT	-6.979981	17.426266
TARGET-50-PAJNVX-01A-01R	8	WT	-7.9818316	18.204407
TARGET-50-PAJNYT-01A-02R	8	WT	-7.9600487	18.100027
TARGET-50-PAJNZI-01A-01R	8	WT	-6.9881277	17.239054
TARGET-50-PAJNZK-01A-01R	8	WT	-6.9399834	17.436073
TARGET-50-PAJNZS-01A-01R	8	WT	-7.11978	17.583258
TARGET-50-PAJNZU-01A-01R	8	WT	-7.631723	18.035406
TARGET-50-PAJPAR-01A-01R	8	WT	-6.942798	17.412355
TARGET-50-PAJPAU-01A-01R	8	WT	-7.2264504	16.655811
TARGET-50-PAJPCM-01A-01R	8	WT	-7.071113	17.391731
TARGET-50-PAJPDC-01A-01R	8	WT	-7.322948	17.622917
TARGET-50-PAJPDC-02A-01R	8	WT	-7.4289255	17.884348
TARGET-50-PAJPDN-01A-01R	8	WT	-8.024227	17.870207
TARGET-50-PAJPEW-01A-01R	8	WT	-7.8957467	17.77465
TARGET-50-PAJPGY-01A-01R	8	WT	-7.423942	17.723476
TARGET-50-PAJPHA-01A-01R	8	WT	-7.7541127	17.766338
TARGET-50-PAJPHA-11A-01R	8	WT	1.3169398	25.091364
TARGET-50-PAKECR-01A-01R	8	WT	-7.8915195	18.148224
TARGET-50-PAKFME-01A-01R	8	WT	-7.633756	17.90615
TARGET-50-PAKFYV-01A-01R	8	WT	-6.998124	17.086065
TARGET-50-PAKGED-01A-01R	8	WT	-8.013877	17.230629
TARGET-50-PAKGMU-01A-01R	8	WT	-7.1158485	17.40019
TARGET-50-PAKGZX-01A-01R	8	WT	-7.7259526	17.693342
TARGET-50-PAKJGM-01A-01R	8	WT	-7.6294127	16.956944
TARGET-50-PAKKNS-01A-01R	8	WT	-7.437506	17.196362
TARGET-50-PAKKSE-01A-01R	8	WT	-7.944604	18.18434
TARGET-50-PAKMSV-01A-01R	8	WT	-7.7470293	17.148922
TARGET-50-PAKMUB-01A-02R	8	WT	-7.7663035	18.045479
TARGET-50-PAKNAL-01A-01R	8	WT	-7.914764	18.125988
TARGET-50-PAKNRX-01A-01R	8	WT	-7.2259235	17.239958
TARGET-50-PAKNTW-01A-02R	8	WT	-7.798079	17.055756
TARGET-50-PAKNXS-01A-01R	8	WT	-6.8967834	17.345345
TARGET-50-PAKPDF-01A-01R	8	WT	-7.280426	17.359303
TARGET-50-PAKRCC-01A-02R	8	WT	-7.420991	16.600779
TARGET-50-PAKRVH-01A-01R	8	WT	-7.8416686	17.048756
TARGET-50-PAKRZW-01A-01R	8	WT	-7.95137	18.18746
TARGET-50-PAKSCC-01A-01R	8	WT	-7.283823	17.279438
TARGET-50-PAKSDG-01A-01R	8	WT	-7.629979	16.807608
TARGET-50-PAKUIT-01A-01R	8	WT	-6.992455	17.33532
TARGET-50-PAKULH-01A-02R	8	WT	-7.162875	16.917828
TARGET-50-PAKVET-01A-01R	8	WT	-6.8203673	17.212214
TARGET-50-PAKWPM-01A-01R	8	WT	-7.734109	17.430117
TARGET-50-PAKXWB-01A-01R	8	WT	-7.26423	17.697344
TARGET-50-PAKXXF-01A-01R	8	WT	-7.723752	17.315487
TARGET-50-PAKYFC-01A-01R	8	WT	-7.602136	17.94491
TARGET-50-PAKYLT-01A-01R	8	WT	-7.9375334	18.208094
TARGET-50-PAKZER-01A-01R	8	WT	-7.541874	17.877508
TARGET-50-PAKZFK-01A-01R	8	WT	-7.1542025	17.276953
TARGET-50-PAKZHF-01A-01R	8	WT	-7.6930466	17.508123
TARGET-50-PALDTE-01A-01R	8	WT	-7.4730377	16.61982
TARGET-50-PALDWP-01A-01R	8	WT	-7.5926414	16.777817
TARGET-50-PALERC-01A-01R	8	WT	-7.069499	17.31175
TARGET-50-PALEZT-01A-01R	8	WT	-7.119672	16.84374
TARGET-50-PALFME-01A-01R	8	WT	-7.6044497	16.792683
TARGET-50-PALFME-02A-01R	8	WT	-7.5493054	16.659435
TARGET-50-PALFRD-01A-01R	8	WT	-7.3273664	17.033003
TARGET-50-PALGAZ-01A-01R	8	WT	-7.142733	17.637178
TARGET-50-PALGLU-01A-01R	8	WT	-7.462338	17.711874
TARGET-50-PALGVY-01A-01R	8	WT	-7.2508783	17.291977
TARGET-50-PALJIP-01A-01R	8	WT	-7.1209292	17.10401
TARGET-50-PALJIP-02A-01R	8	WT	-7.1500072	17.154758
TARGET-50-PALKCW-01A-01R	8	WT	-7.5885296	16.942337
TARGET-50-PALKRS-01A-01R	8	WT	-8.060635	17.681566
TARGET-50-PALLFB-01A-01R	8	WT	-7.549892	16.925875
TARGET-51-PAEALX-01A-01R	8	CCSK	-9.376998	5.1989517
TARGET-51-PAJLIV-01A-01R	8	CCSK	-9.39248	5.183911
TARGET-51-PAJLWU-01A-01R	8	CCSK	-9.342154	5.2341485
TARGET-51-PAJMFS-01A-01R	8	CCSK	-9.319823	5.256449
TARGET-51-PAJMNM-01A-01R	8	CCSK	-9.427915	5.148453
TARGET-51-PAJNCV-01A-01R	8	CCSK	-9.377763	5.198503
TARGET-51-PAJPFB-01A-01R	8	CCSK	-9.391774	5.185036
TARGET-51-PAKWMM-01A-01R	8	CCSK	-9.391141	5.18531
TARGET-51-PALEIR-01A-01R	8	CCSK	-9.424374	5.152158
TARGET-51-PALFEF-01A-01R	8	CCSK	-9.390411	5.186208
TARGET-51-PALFYG-01A-01R	8	CCSK	-9.394173	5.182555
TARGET-51-PALKEI-01A-01R	8	CCSK	-9.358512	5.218681
TARGET-51-PALLXV-01A-01R	8	CCSK	-9.328547	5.2488093
TARGET-52-PADYZI-01A-01R	8	RT	-5.22618	4.5629964
TARGET-52-PAEHIP-01A-01R	8	RT	-5.8062162	4.4348426
TARGET-52-PAJLRA-01A-01R	8	RT	-5.2274656	4.5970244
TARGET-52-PAJLWM-01A-01R	8	RT	-5.10363	4.460812
TARGET-52-PAJMRB-01A-01R	8	RT	-5.7341022	4.230871
TARGET-52-PAJNFP-01A-01R	8	RT	-5.261666	4.490119
TARGET-52-PAJPHJ-01A-01R	8	RT	-5.162397	4.487423
TARGET-52-PAKHTL-01A-01R	8	RT	-5.1332	4.4180856
TARGET-52-PAKLYZ-01A-01R	8	RT	-0.6159779	-5.563421
TARGET-52-PAKTCT-01A-01R	8	RT	-5.834627	4.503595
TARGET-52-PARECB-01A-01R	8	RT	-5.1629887	4.384045
TARGET-52-PAREWI-01A-02R	8	RT	-5.113286	4.341403
TARGET-52-PARIRN-01A-01R	8	RT	-5.3902225	4.36797
TARGET-52-PARKKN-01A-01R	8	RT	-5.7255654	4.218925
TARGET-52-PARPFY-01A-01R	8	RT	-5.3451266	4.2309585
TARGET-52-PARPFY-11A-01R	8	RT	1.337483	25.112097
TARGET-52-PARRCL-01A-01R	8	RT	-5.535572	4.1756997
TARGET-52-PARTKH-01A-01R	9	RT	-5.5456305	4.192468
TARGET-52-PARUGK-01A-01R	9	RT	-5.370713	4.156884
TARGET-52-PARZBI-01A-02R	9	RT	-5.9313173	4.4719753
TARGET-52-PARZBI-11A-01R	9	RT	1.334542	25.108936
TARGET-52-PARZRH-01A-02R	9	RT	-5.5608735	4.2874274
TARGET-52-PASABD-01A-01R	9	RT	-5.962877	4.375275
TARGET-52-PASAMZ-01A-01R	9	RT	-5.7612014	4.4252124
TARGET-52-PASCDH-01A-01R	9	RT	-5.913376	4.398455
TARGET-52-PASDLA-01A-01R	9	RT	-5.795668	4.4456606
TARGET-52-PASDLA-11A-01R	9	RT	1.298191	25.07265
TARGET-52-PASGCL-01A-02R	9	RT	-5.3590016	4.488103
TARGET-52-PASGGN-01A-01R	9	RT	-5.843619	4.3015327
TARGET-52-PASILR-01A-01R	9	RT	-5.1930757	4.5440154
TARGET-52-PASNED-01A-01R	9	RT	-5.4206147	4.6192265
TARGET-52-PASRHU-01A-02R	9	RT	-5.954451	4.514628
TARGET-52-PASVDP-01A-01R	9	RT	-6.013243	4.3485403
TARGET-52-PASWZZ-01A-01R	9	RT	-5.471548	4.6765633
TARGET-52-PASXGF-01A-01R	9	RT	-5.2171087	4.4481473
TARGET-52-PASXNA-01A-01R	9	RT	-5.3117714	4.6313057
TARGET-52-PASXNA-11A-01R	9	RT	1.3513706	25.125914
TARGET-52-PASYNF-01A-01R	9	RT	-5.3435054	4.626075
TARGET-52-PASZYE-01A-01R	9	RT	-5.384191	4.1186957
TARGET-52-PATAFT-01A-01R	9	RT	-5.885564	4.267811
TARGET-52-PATBLF-01A-01R	9	RT	-5.9515896	4.3120546
TARGET-52-PATDVL-01A-01R	9	RT	-5.982662	4.4502892
TARGET-52-PATENH-01A-01R	9	RT	-5.6033382	4.2308745
TARGET-52-PATFXW-01A-01R	9	RT	-5.396002	4.5565724
TARGET-52-PATFZZ-01A-01R	9	RT	-5.4116826	4.6749835
TARGET-52-PATXEE-01A-01R	9	RT	-5.772458	4.275249
TARGET-52-PATXKA-01A-01R	9	RT	-5.9077806	4.2165694
TARGET-52-PAUCGJ-01A-01R	9	RT	-5.401631	4.245556
TARGET-52-PAUDPV-01A-01R	9	RT	-5.2529764	4.504254
TARGET-52-PAUDPV-11A-01R	9	RT	1.3156621	25.090132
TARGET-52-PAUEKW-01A-01R	9	RT	-5.778203	4.404343
TARGET-52-PAUFVP-01A-01R	9	RT	-5.9599137	4.4577894
TARGET-52-PAUGYZ-01A-01R	9	RT	-5.812765	4.373626
TARGET-52-PAUHAZ-01A-01R	9	RT	-5.864282	4.4078903
TARGET-52-PAUNPA-01A-01R	9	RT	-5.286762	4.353299
TARGET-52-PAVCKS-01A-01R	9	RT	-5.8948135	4.409883
TARGET-52-PAVDPR-01A-01R	9	RT	-5.2669687	4.3203964
TARGET-52-PAVITI-01A-01R	9	RT	-5.4991174	4.2445097
TARGET-52-PAVVIT-01A-01R	9	RT	-5.3463397	4.722476
TARGET-52-PAWFBL-01A-01R	9	RT	-5.786889	4.532975
TARGET-52-PAWFWK-01A-01R	9	RT	-5.9828615	4.454134
TARGET-10-PAKHZT-03A-01R	1	ALL	6.477399	2.8838546
TARGET-10-PAKKCA-03A-01R	1	ALL	6.5504007	2.8422093
TARGET-10-PAKKXB-03A-01R	1	ALL	6.888031	2.496728
TARGET-10-PAKSWW-04A-01R	1	ALL	5.2867913	1.9360445
TARGET-10-PAKTAL-03A-01R	1	ALL	6.7061014	2.646425
TARGET-10-PAKVKK-03A-01R	1	ALL	6.5385203	2.8124437
TARGET-10-PAKYEP-03A-01R	1	ALL	6.493916	2.9386866
TARGET-10-PALJDL-09A-01R	1	ALL	6.5315037	2.842224
TARGET-10-PAMDRM-09A-01R	1	ALL	6.502892	2.839793
TARGET-10-PANKDT-03A-01R	1	ALL	7.7242403	2.5212965
TARGET-10-PANNGL-09A-01R	1	ALL	6.705512	2.6891878
TARGET-10-PANSFD-09A-01R	1	ALL	6.307978	2.781721
TARGET-10-PANTSM-04A-01R	1	ALL	6.5591326	2.5308955
TARGET-10-PANWFB-09A-01R	1	ALL	7.7610574	2.5748014
TARGET-10-PANYGB-09A-01R	1	ALL	5.331742	2.6173317
TARGET-10-PANZPJ-04A-01R	1	ALL	6.2232585	2.111193
TARGET-10-PAPBES-03A-01R	1	ALL	6.374889	1.4369568
TARGET-10-PAPBSY-09A-01R	1	ALL	3.9752703	2.788744
TARGET-10-PAPCUR-09A-01R	1	ALL	5.2932873	1.9938908
TARGET-10-PAPCVZ-04A-01R	1	ALL	6.4957933	1.4414485
TARGET-10-PAPDUF-09A-01R	1	ALL	6.3055105	1.3358953
TARGET-10-PAPDUV-04A-01R	1	ALL	6.624861	1.8750747
TARGET-10-PAPDWT-04A-01R	1	ALL	6.516986	1.3312584
TARGET-10-PAPEFH-09A-01R	1	ALL	6.033214	1.8176659
TARGET-10-PAPHZT-09A-01R	1	ALL	5.80982	2.389414
TARGET-10-PAPIJB-04A-01R	1	ALL	6.52647	1.1195202
TARGET-10-PAPNNX-04A-01R	1	ALL	7.711316	2.548703
TARGET-10-PAPSPG-04A-01R	1	ALL	5.902364	1.9971069
TARGET-10-PARACA-09A-01R	1	ALL	3.9017396	2.700756
TARGET-10-PARAKF-04A-01R	1	ALL	5.518113	4.0192394
TARGET-10-PARBRK-09A-01R	1	ALL	6.4394517	1.2029352
TARGET-10-PARBVI-04A-01R	1	ALL	6.7348595	2.0643585
TARGET-10-PARJSR-04A-02R	1	ALL	5.9377737	1.6968946
TARGET-10-PARJZZ-09A-01R	1	ALL	5.7039413	2.2747247
TARGET-10-PARPRW-09A-01R	1	ALL	4.9741364	2.196109
TARGET-10-PASEVJ-09B-01R	1	ALL	6.6952653	2.1089408
TARGET-15-SJMPAL011911-03A-01R	1	MPAL	11.382935	6.84238
TARGET-15-SJMPAL011912-09A-01R	1	MPAL	11.040552	6.709935
TARGET-15-SJMPAL011913-09A-01R	1	MPAL	11.438942	6.860908
TARGET-15-SJMPAL011914-09A-01R	1	MPAL	11.367129	6.8156466
TARGET-15-SJMPAL011915-09A-01R	1	MPAL	11.347616	6.7407775
TARGET-15-SJMPAL022667-09A-01R	1	MPAL	10.956892	6.76396
TARGET-30-PAIFXV-01A-01R	1	NBL	1.3332769	-5.2599926
TARGET-30-PAIPGU-01A-01R	1	NBL	1.0366629	-4.8095794
TARGET-30-PAISNS-01A-01R	1	NBL	0.6355588	-4.968316
TARGET-30-PAITCI-01A-01R	1	NBL	0.92909193	-5.146091
TARGET-30-PAITEG-01A-01R	1	NBL	1.8451309	-5.76368
TARGET-30-PAIVHE-01A-01R	1	NBL	1.1534667	-5.013414
TARGET-30-PAIXIF-01A-01R	1	NBL	1.8694221	-5.6283116
TARGET-30-PAKYZS-01A-01R	1	NBL	1.2568902	-5.3497753
TARGET-30-PAKZRH-01A-01R	1	NBL	0.2071996	-5.513877
TARGET-30-PALBFW-01A-01R	1	NBL	0.72923696	-5.0953155
TARGET-30-PALCBW-01A-01R	1	NBL	1.869389	-5.624015
TARGET-30-PALETP-01A-01R	1	NBL	0.67133176	-4.3273892
TARGET-30-PALEVG-01A-01R	1	NBL	0.5817315	-5.325451
TARGET-30-PALIIN-01A-01R	1	NBL	0.9063701	-4.449902
TARGET-30-PALKUC-01A-01R	1	NBL	1.4265597	-5.877189
TARGET-30-PALNVP-01A-01R	1	NBL	0.32339543	-5.5385885
TARGET-30-PALTEG-01A-01R	1	NBL	1.1160219	-4.74205
TARGET-30-PALUYS-01A-01R	1	NBL	0.4337045	-4.782879
TARGET-30-PALVKK-01A-01R	1	NBL	1.655279	-5.5243516
TARGET-30-PALWVJ-01A-01R	1	NBL	0.9294477	-5.2121806
TARGET-30-PALXTB-01A-01R	1	NBL	0.5775306	-5.1936193
TARGET-30-PALZZV-01A-01R	1	NBL	-0.78711915	-5.5613804
TARGET-30-PAMBMJ-01A-01R	1	NBL	0.94109464	-5.6203184
TARGET-30-PAMEZH-01A-01R	1	NBL	0.9333578	-5.3529367
TARGET-30-PAMMXF-01A-01R	1	NBL	-0.5578836	-5.5842204
TARGET-30-PAMNLH-01A-01R	1	NBL	0.076060496	-4.797786
TARGET-30-PAMVRA-01A-01R	1	NBL	0.21277328	-4.6557717
TARGET-30-PAMYCE-01A-01R	1	NBL	0.98614305	-5.274294
TARGET-30-PAMZGT-01A-01R	1	NBL	1.2686998	-5.7200785
TARGET-30-PAMZMG-01A-01R	1	NBL	-0.68041146	-5.5558147
TARGET-30-PANBJH-01A-01R	1	NBL	0.12667094	-4.7407703
TARGET-30-PANBMJ-01A-01R	1	NBL	1.0293456	-4.7448277
TARGET-30-PANBSP-01A-01R	1	NBL	-0.41286433	-5.5092707
TARGET-30-PANGXK-01A-01R	1	NBL	1.971013	-5.7008724
TARGET-30-PANJLH-01A-01R	1	NBL	1.3243084	-5.7808156
TARGET-30-PANKFE-01A-01R	1	NBL	1.8929294	-5.6382084
TARGET-30-PANLET-01A-01R	1	NBL	0.46289894	-4.418665
TARGET-30-PANNMS-01A-01R	1	NBL	0.4898647	-4.433974
TARGET-30-PANRHJ-01A-01R	1	NBL	0.7280328	-5.5100427
TARGET-30-PANRRW-01A-01R	1	NBL	0.65684557	-4.936147
TARGET-30-PANRVJ-01A-01R	1	NBL	1.1248958	-5.5996222
TARGET-30-PANSBN-01A-01R	1	NBL	2.027129	-5.7867947
TARGET-30-PANUIF-01A-01R	1	NBL	0.88359886	-5.6192136
TARGET-30-PANUKV-01A-01R	1	NBL	-0.76682264	-5.5983186
TARGET-30-PANWRR-01A-01R	1	NBL	-0.21018748	-5.468955
TARGET-30-PANXJL-01A-01R	1	NBL	1.9499207	-5.7304296
TARGET-30-PANYGR-01A-01R	1	NBL	0.059348986	-5.265984
TARGET-30-PANZPV-01A-01R	1	NBL	1.2198043	-5.319135
TARGET-30-PANZRV-01A-01R	1	NBL	0.1822969	-5.7028394
TARGET-30-PANZVU-01A-01R	1	NBL	1.0319105	-4.8259068
TARGET-30-PAPBGH-01A-01R	1	NBL	-0.41962355	-5.567195
TARGET-30-PAPBJE-01A-01R	1	NBL	1.2297052	-5.819878
TARGET-30-PAPBZI-01A-01R	1	NBL	-0.46119913	-5.4364147
TARGET-30-PAPCTS-01A-01R	1	NBL	-0.73542625	-5.6294703
TARGET-30-PAPEAV-01A-01R	1	NBL	0.040878512	-5.2772193
TARGET-30-PAPEFE-01A-01R	1	NBL	1.0542194	-4.542836
TARGET-30-PAPHPE-01A-01R	2	NBL	0.3580114	-5.0479093
TARGET-30-PAPICY-01A-01R	2	NBL	0.28031483	-5.534017
TARGET-30-PAPKWN-01A-01R	2	NBL	1.2831252	-5.721702
TARGET-30-PAPKXS-01A-01R	2	NBL	0.30336457	-4.4838824
TARGET-30-PAPLSD-01A-01R	2	NBL	0.9532347	-5.0164704
TARGET-30-PAPTAN-01A-01R	2	NBL	1.7281818	-5.626922
TARGET-30-PAPTCR-01A-01R	2	NBL	1.9333624	-5.6978707
TARGET-30-PAPTDH-01A-01R	2	NBL	1.0891879	-5.6363535
TARGET-30-PAPTFZ-01A-01R	2	NBL	-0.74981934	-5.6194015
TARGET-30-PAPTLV-01A-01R	2	NBL	1.3095623	-5.727864
TARGET-30-PAPUAR-01A-01R	2	NBL	0.77952975	-4.3631654
TARGET-30-PAPUEB-01A-01R	2	NBL	0.77750075	-4.3061585
TARGET-30-PAPUNH-01A-01R	2	NBL	-0.63452977	-5.7116
TARGET-30-PAPUWY-01A-01R	2	NBL	1.0674537	-4.669903
TARGET-30-PAPVEB-04A-01R	2	NBL	-0.22444081	-5.1573505
TARGET-30-PAPVFD-01A-01R	2	NBL	0.48051974	-4.433377
TARGET-30-PAPVRN-01A-01R	2	NBL	0.8119164	-5.143197
TARGET-30-PAPVXS-01A-01R	2	NBL	0.9577907	-4.7323933
TARGET-30-PAPZYP-01A-01R	2	NBL	1.30604	-5.735344
TARGET-30-PAPZYZ-01A-01R	2	NBL	1.4556919	-5.828263
TARGET-30-PARACM-01A-01R	2	NBL	1.2265037	-4.917776
TARGET-30-PARACS-01A-01R	2	NBL	0.8144101	-4.7238398
TARGET-30-PARAMT-01A-01R	2	NBL	0.0138855595	-5.6451845
TARGET-30-PARBAJ-01A-01R	2	NBL	0.9262852	-5.6411858
TARGET-30-PARBAJ-02A-01R	2	NBL	0.5791873	-5.5764146
TARGET-30-PARBGP-01A-01R	2	NBL	0.5667841	-4.314194
TARGET-30-PARDCK-01A-01R	2	NBL	0.27063704	-5.0626097
TARGET-30-PARDIW-01A-01R	2	NBL	0.6411302	-4.4367
TARGET-30-PARFRE-01A-01R	2	NBL	0.26531422	-5.602489
TARGET-30-PARFWB-01A-01R	2	NBL	0.47619662	-4.497111
TARGET-30-PARGKK-01A-01R	2	NBL	0.29753926	-5.4646935
TARGET-30-PARHAM-01A-01R	2	NBL	0.42175376	-5.5559225
TARGET-30-PARHAM-02A-01R	2	NBL	0.46321926	-5.449792
TARGET-30-PARJVP-01A-01R	2	NBL	0.2246443	-5.6525574
TARGET-30-PARKGJ-01A-01R	2	NBL	1.5542822	-5.7261724
TARGET-30-PARNNC-01A-01R	2	NBL	1.1267821	-5.008566
TARGET-30-PARSBI-01A-01R	2	NBL	1.1799555	-4.8704376
TARGET-30-PARVLK-01A-01R	2	NBL	0.49334455	-5.6342006
TARGET-30-PARYNK-01A-01R	2	NBL	0.40509158	-4.4560604
TARGET-30-PARZCJ-01A-01R	2	NBL	1.0778608	-5.3826914
TARGET-30-PARZHA-01A-01R	2	NBL	0.1736895	-5.6295156
TARGET-30-PARZIP-01A-01R	2	NBL	0.4974676	-4.5613737
TARGET-30-PASCFC-01A-01R	2	NBL	0.23454602	-5.619707
TARGET-30-PASCTR-01A-01R	2	NBL	0.47272363	-5.6022067
TARGET-30-PASEGA-01A-01R	2	NBL	0.5246833	-5.2346687
TARGET-30-PASFGG-01A-01R	2	NBL	1.0167422	-4.468625
TARGET-30-PASFIC-01A-01R	2	NBL	0.976548	-5.6623983
TARGET-30-PASGAP-01A-01R	2	NBL	1.3963511	-5.331095
TARGET-30-PASGAP-02A-01R	2	NBL	1.274881	-5.6435504
TARGET-30-PASGUT-01A-01R	2	NBL	0.33134866	-4.508611
TARGET-30-PASHFA-01A-01R	2	NBL	1.149841	-4.6135015
TARGET-30-PASJZC-01A-01R	2	NBL	0.82566535	-5.480864
TARGET-30-PASMDM-01A-01R	2	NBL	0.82080704	-5.4614425
TARGET-30-PASMJG-01A-01R	2	NBL	1.9205049	-5.6699953
TARGET-30-PASMNT-01A-01R	2	NBL	0.14937183	-4.632578
TARGET-30-PASNEF-01A-01R	2	NBL	0.25901636	-4.556705
TARGET-30-PASNML-01A-01R	2	NBL	0.115997314	-5.663829
TARGET-30-PASNPG-01A-01R	2	NBL	0.35195082	-5.570005
TARGET-30-PASNPG-02A-01R	2	NBL	0.9620548	-5.6070075
TARGET-30-PASNZU-01A-01R	2	NBL	-0.72639257	-5.5669227
TARGET-30-PASPBZ-01A-01R	2	NBL	0.02977982	-5.661447
TARGET-30-PASPER-01A-01R	2	NBL	-0.0012525673	-5.3368497
TARGET-30-PASRFS-01A-01R	2	NBL	0.7426835	-4.272981
TARGET-30-PASSRN-01A-01R	2	NBL	1.0054528	-5.747318
TARGET-30-PASSRS-01A-01R	2	NBL	-0.17292736	-5.4458714
TARGET-30-PASSWW-01A-01R	2	NBL	0.010211406	-5.7540636
TARGET-30-PASTCN-01A-01R	2	NBL	0.8235921	-4.5691857
TARGET-30-PASTKC-01A-01R	2	NBL	1.3208989	-5.2318573
TARGET-30-PASUCB-01A-01R	2	NBL	-0.74160624	-5.5755634
TARGET-30-PASUML-01A-01R	2	NBL	0.31169614	-5.7103925
TARGET-30-PASUYG-01A-01R	2	NBL	-0.7280101	-5.5611796
TARGET-30-PASVRU-01A-01R	2	NBL	-0.69493335	-5.636067
TARGET-30-PASWFB-01A-01R	2	NBL	-0.7200208	-5.589778
TARGET-30-PASWIJ-01A-01R	2	NBL	0.99410886	-4.594112
TARGET-30-PASWVY-01A-01R	2	NBL	0.26674974	-4.5162616
TARGET-30-PASWYR-01A-01R	2	NBL	-0.7001324	-5.611296
TARGET-30-PASXGP-01A-01R	2	NBL	0.11073712	-4.83219
TARGET-30-PASXHE-01A-01R	2	NBL	0.58199656	-4.695798
TARGET-30-PASXIE-01A-01R	2	NBL	-0.8116481	-5.584317
TARGET-30-PASXRG-01A-01R	2	NBL	-0.6468457	-5.489002
TARGET-30-PASXRJ-01A-01R	2	NBL	0.87608945	-4.3865223
TARGET-30-PASYPX-01A-01R	2	NBL	0.6679334	-4.284314
TARGET-30-PASZKE-01A-01R	2	NBL	0.14893994	-5.6880827
TARGET-30-PASZPI-01A-01R	2	NBL	1.095582	-4.5749903
TARGET-30-PATAYJ-01A-01R	2	NBL	0.802898	-5.335367
TARGET-30-PATBMM-01A-01R	2	NBL	0.19543478	-4.8792953
TARGET-30-PATCFL-01A-01R	2	NBL	0.23242757	-4.8831162
TARGET-30-PATDWN-01A-01R	2	NBL	-0.29352337	-5.5997305
TARGET-30-PATDXC-01A-01R	2	NBL	1.1283892	-4.5857677
TARGET-30-PATDXG-01A-01R	2	NBL	-0.7605718	-5.556089
TARGET-30-PATEKG-01A-01R	2	NBL	1.8630003	-5.5955544
TARGET-30-PATEPF-01A-01R	2	NBL	0.13575104	-4.640649
TARGET-30-PATESI-01A-01R	2	NBL	-0.7278497	-5.6333838
TARGET-30-PATFCY-01A-01R	2	NBL	0.08911397	-5.625181
TARGET-30-PATFXV-01A-01R	2	NBL	-0.54775685	-5.525782
TARGET-30-PATGJU-01A-01R	2	NBL	0.7996571	-5.5662127
TARGET-30-PATGLU-01A-01R	2	NBL	0.832659	-4.7709837
TARGET-30-PATHKB-01A-01R	2	NBL	0.049531117	-5.744053
TARGET-30-PATHVK-01A-01R	2	NBL	0.021535473	-5.3426666
TARGET-30-PATINJ-01A-01R	2	NBL	0.48616958	-4.5363626
TARGET-30-PATNKP-02A-01R	3	NBL	-0.08630212	-5.5745316
TARGET-30-PATYIL-01A-01R	3	NBL	0.0036852804	-5.5582848
TARGET-30-PATYIL-02A-01R	3	NBL	0.037627287	-5.573117
TARGET-30-PAUDDK-01A-01R	3	NBL	1.034731	-5.5669804
TARGET-30-PAUDDK-02A-01R	3	NBL	0.5450578	-5.332822
TARGET-40-0A4HLD-01A-01R	3	OS	1.5971838	19.593668
TARGET-40-0A4HMC-01A-01R	3	OS	1.9685571	19.340754
TARGET-40-0A4HX8-01A-01R	3	OS	1.6433593	19.404898
TARGET-40-0A4HXS-01A-01R	3	OS	1.2158304	19.328373
TARGET-40-0A4HY5-01A-01R	3	OS	1.1966406	19.293564
TARGET-40-0A4I0Q-01A-01R	3	OS	1.2430048	19.171923
TARGET-40-0A4I0W-01A-01R	3	OS	1.4333211	18.99501
TARGET-40-0A4I3S-01A-01R	3	OS	1.3434026	19.299156
TARGET-40-0A4I42-01A-01R	3	OS	2.2532043	19.869724
TARGET-40-0A4I48-01A-01R	3	OS	1.952934	19.222258
TARGET-40-0A4I4E-01A-01R	3	OS	1.1472542	19.332071
TARGET-40-0A4I4M-01A-01R	3	OS	1.9887949	19.26744
TARGET-40-0A4I4O-01A-01R	3	OS	1.7075627	19.36136
TARGET-40-0A4I5B-01A-01R	3	OS	2.0518808	19.370356
TARGET-40-0A4I65-01A-01R	3	OS	1.5627252	19.471094
TARGET-40-0A4I6O-01A-01R	3	OS	1.2765025	19.042723
TARGET-40-0A4I8U-01A-01R	3	OS	1.5796953	19.35313
TARGET-40-0A4I9K-01A-01R	3	OS	1.6589842	19.312237
TARGET-40-PAKFVX-01A-01R	3	OS	1.8981748	19.80554
TARGET-40-PAKUZU-01A-01R	3	OS	1.9117907	19.625843
TARGET-40-PAKXLD-01A-01R	3	OS	1.0516337	19.208628
TARGET-40-PAKZZK-01A-01R	3	OS	1.8358611	19.494535
TARGET-40-PALECC-01A-01R	3	OS	1.8668927	19.483822
TARGET-40-PALFYN-01A-01R	3	OS	1.5823138	18.957512
TARGET-40-PALHRL-01A-01R	3	OS	2.0352256	19.527876
TARGET-40-PALKDP-01A-01R	3	OS	2.0348248	19.730602
TARGET-40-PALKGN-01A-01R	3	OS	2.0021062	19.268959
TARGET-40-PALWWX-01A-01R	3	OS	1.4224592	18.946234
TARGET-40-PALZGU-01A-01R	3	OS	1.9807422	19.565865
TARGET-40-PAMEKS-01A-01R	3	OS	1.3910965	18.93636
TARGET-40-PAMHLF-01A-01R	3	OS	1.3212959	19.299425
TARGET-40-PAMHYN-01A-01R	3	OS	1.8662863	19.538591
TARGET-40-PAMJXS-01A-01R	3	OS	1.7607077	19.595387
TARGET-40-PAMLKS-01A-01R	3	OS	2.2204924	19.790266
TARGET-40-PAMRHD-01A-01R	3	OS	2.1067035	19.77189
TARGET-40-PAMTCM-01A-01R	3	OS	1.2246945	19.17466
TARGET-40-PAMYYJ-01A-01R	3	OS	1.5232697	19.501972
TARGET-40-PANGPE-01A-01R	3	OS	1.4573076	19.333563
TARGET-40-PANGRW-01A-01R	3	OS	1.3752018	19.362293
TARGET-40-PANMIG-01A-01R	3	OS	1.2267107	19.126165
TARGET-40-PANPUM-01A-01R	3	OS	1.2649108	19.385805
TARGET-40-PANSEN-01A-01R	3	OS	1.328248	19.037518
TARGET-40-PANVJJ-01A-01R	3	OS	1.4068469	18.853504
TARGET-40-PANXSC-01A-01R	3	OS	2.11467	19.43222
TARGET-40-PANZHX-01A-01R	3	OS	1.8083789	19.169273
TARGET-40-PANZZJ-01A-01R	3	OS	1.3392439	19.287626
TARGET-40-PAPFLB-01A-01R	3	OS	1.6753156	19.59805
TARGET-40-PAPIJR-01A-01R	3	OS	1.9407248	19.273876
TARGET-40-PAPKWD-01A-01R	3	OS	2.2309754	19.886518
TARGET-40-PAPNVD-01A-01R	3	OS	2.2319365	19.858864
TARGET-40-PAPWWC-01A-01R	3	OS	2.0935943	19.73871
TARGET-40-PAPXGT-01A-01R	3	OS	2.063592	19.46171
TARGET-40-PARBGW-01A-01R	3	OS	2.2264676	19.86159
TARGET-40-PARDAX-01A-01R	3	OS	2.2230663	19.870726
TARGET-40-PARFTG-01A-01R	3	OS	2.0665812	19.68914
TARGET-40-PARGTM-01A-01R	3	OS	1.7709571	19.628708
TARGET-40-PARJXU-01A-01R	3	OS	1.2525615	19.117651
TARGET-40-PARKAF-01A-01R	3	OS	1.8942817	19.74024
TARGET-40-PASEBY-01A-01R	3	OS	1.918903	19.519596
TARGET-40-PASEFS-01A-01R	3	OS	-8.01095	18.208883
TARGET-40-PASFCV-01A-01R	3	OS	1.4997424	18.884296
TARGET-40-PASKZZ-01A-01R	3	OS	1.2312021	19.155285
TARGET-40-PASNZV-01A-01R	3	OS	2.1937385	19.823633
TARGET-40-PASRNE-01A-01R	3	OS	2.0811481	19.72265
TARGET-40-PASSLM-01A-01R	3	OS	1.4413247	19.46528
TARGET-40-PASUUH-01A-01R	3	OS	2.1852384	19.551037
TARGET-40-PASYUK-01A-01R	3	OS	1.7916534	19.042181
TARGET-40-PATAWV-01A-01R	3	OS	1.4897438	18.849834
TARGET-40-PATEEM-01A-01R	3	OS	1.7485607	19.523046
TARGET-40-PATJVI-01A-01R	3	OS	1.5389804	18.939535
TARGET-40-PATKSS-01A-01R	3	OS	1.0953515	19.295094
TARGET-40-PATMIF-01A-01R	3	OS	1.8975679	19.143028
TARGET-40-PATMPU-01A-01R	3	OS	2.210267	19.896885
TARGET-40-PATMXR-01A-01R	3	OS	2.2557428	19.87794
TARGET-40-PATPBS-01A-01R	3	OS	1.575616	19.502546
TARGET-40-PATUXZ-01A-01R	3	OS	2.3095055	19.94444
TARGET-40-PAUBIT-01A-01R	3	OS	1.4304056	18.899994
TARGET-40-PAUTWB-01A-01R	3	OS	2.0164313	19.353765
TARGET-40-PAUTYB-01A-01R	3	OS	2.1659172	19.784777
TARGET-40-PAUUML-01A-01R	3	OS	1.1551063	19.28713
TARGET-40-PAUVUL-01A-01R	3	OS	2.265389	19.943243
TARGET-40-PAUXPZ-01A-01R	3	OS	1.7548159	19.592999
TARGET-40-PAUYTT-01A-01R	3	OS	1.60047	19.421371
TARGET-40-PAVALD-01A-01R	3	OS	1.0244927	19.353252
TARGET-40-PAVCLP-01A-01R	3	OS	1.7983646	19.196188
TARGET-40-PAVDTY-01A-01R	3	OS	1.9258678	19.49333
TARGET-40-PAVECB-01A-01R	3	OS	1.3989596	18.904182
TARGET-50-PALKCW-11A-01R	3	WT	1.3462652	25.121428
TARGET-52-PADWRZ-01A-01R	3	RT	-5.1827154	4.4948063
TARGET-52-PADYCE-01A-01R	3	RT	-5.136203	4.55181
TARGET-52-PAJMBW-01A-01R	3	RT	-5.6393056	4.2410717
TARGET-52-PAJNER-01A-01R	3	RT	-5.3357973	4.645169
TARGET-52-PAJNFZ-01A-01R	3	RT	-5.6195126	4.5803633
TARGET-52-PAKPEW-01A-01R	3	RT	-5.3039923	4.6885796
TARGET-52-PARGRN-01A-01R	3	RT	-5.081946	4.2869782
TARGET-52-PARRCL-11A-01R	3	RT	1.3574755	25.13201
TARGET-52-PASADZ-01A-01R	3	RT	-5.100393	4.3964615
