sample_id	original_column	file_project	platform	source_file	missing_fraction
TARGET-20-SJAML045739-09A	TARGET-20-SJAML045739-09A.Ave_Beta	TARGET-ALL-P3	EPIC	idat_sample_sheet_TARGET-ALL-P3__EPIC_beta.txt	0.0
TARGET-00-SJNORM018231-17A.5	TARGET-00-SJNORM018231-17A.5.Ave_Beta	TARGET-ALL-P3	EPIC	idat_sample_sheet_TARGET-ALL-P3__EPIC_beta.txt	0.0
TARGET-10-PANYHW-09A	TARGET-10-PANYHW-09A.Ave_Beta	TARGET-ALL-P3	EPIC	idat_sample_sheet_TARGET-ALL-P3__EPIC_beta.txt	0.0
TARGET-00-SJNORM016096-14A.4	TARGET-00-SJNORM016096-14A.4.Ave_Beta	TARGET-ALL-P3	EPIC	idat_sample_sheet_TARGET-ALL-P3__EPIC_beta.txt	0.0
TARGET-10-PAPGMC-09A	TARGET-10-PAPGMC-09A.Ave_Beta	TARGET-ALL-P3	EPIC	idat_sample_sheet_TARGET-ALL-P3__EPIC_beta.txt	0.0
TARGET-15-SJMPAL012427-09A	TARGET-15-SJMPAL012427-09A.Ave_Beta	TARGET-ALL-P3	EPIC	idat_sample_sheet_TARGET-ALL-P3__EPIC_beta.txt	0.0
TARGET-20-SJAML016570-09A	TARGET-20-SJAML016570-09A.Ave_Beta	TARGET-ALL-P3	EPIC	idat_sample_sheet_TARGET-ALL-P3__EPIC_beta.txt	0.0
TARGET-10-PATGYH-09A	TARGET-10-PATGYH-09A.Ave_Beta	TARGET-ALL-P3	EPIC	idat_sample_sheet_TARGET-ALL-P3__EPIC_beta.txt	0.0
TARGET-10-PATBGC-09A	TARGET-10-PATBGC-09A.Ave_Beta	TARGET-ALL-P3	EPIC	idat_sample_sheet_TARGET-ALL-P3__EPIC_beta.txt	0.0
TARGET-20-SJAML003322-09A	TARGET-20-SJAML003322-09A.Ave_Beta	TARGET-ALL-P3	EPIC	idat_sample_sheet_TARGET-ALL-P3__EPIC_beta.txt	0.0
TARGET-20-SJAML045736-09A	TARGET-20-SJAML045736-09A.Ave_Beta	TARGET-ALL-P3	EPIC	idat_sample_sheet_TARGET-ALL-P3__EPIC_beta.txt	0.0
TARGET-10-PAPDCR-09A	TARGET-10-PAPDCR-09A.Ave_Beta	TARGET-ALL-P3	EPIC	idat_sample_sheet_TARGET-ALL-P3__EPIC_beta.txt	0.0
TARGET-15-SJMPAL012422-09A	TARGET-15-SJMPAL012422-09A.Ave_Beta	TARGET-ALL-P3	EPIC	idat_sample_sheet_TARGET-ALL-P3__EPIC_beta.txt	0.0
TARGET-20-SJAML045735-09A	TARGET-20-SJAML045735-09A.Ave_Beta	TARGET-ALL-P3	EPIC	idat_sample_sheet_TARGET-ALL-P3__EPIC_beta.txt	0.0
TARGET-15-SJMPAL040037-09A	TARGET-15-SJMPAL040037-09A.Ave_Beta	TARGET-ALL-P3	EPIC	idat_sample_sheet_TARGET-ALL-P3__EPIC_beta.txt	0.0
TARGET-15-SJMPAL016343-04A.2	TARGET-15-SJMPAL016343-04A.2.Ave_Beta	TARGET-ALL-P3	EPIC	idat_sample_sheet_TARGET-ALL-P3__EPIC_beta.txt	0.0
TARGET-10-PASJYI-09A	TARGET-10-PASJYI-09A.Ave_Beta	TARGET-ALL-P3	EPIC	idat_sample_sheet_TARGET-ALL-P3__EPIC_beta.txt	0.0
TARGET-15-SJMPAL043771-09A	TARGET-15-SJMPAL043771-09A.Ave_Beta	TARGET-ALL-P3	EPIC	idat_sample_sheet_TARGET-ALL-P3__EPIC_beta.txt	0.0
TARGET-10-PATGWP-09A	TARGET-10-PATGWP-09A.Ave_Beta	TARGET-ALL-P3	EPIC	idat_sample_sheet_TARGET-ALL-P3__EPIC_beta.txt	0.0
TARGET-10-PARTPW-09A	TARGET-10-PARTPW-09A.Ave_Beta	TARGET-ALL-P3	EPIC	idat_sample_sheet_TARGET-ALL-P3__EPIC_beta.txt	0.0
TARGET-15-SJMPAL012418-09A.2	TARGET-15-SJMPAL012418-09A.2.Ave_Beta	TARGET-ALL-P3	EPIC	idat_sample_sheet_TARGET-ALL-P3__EPIC_beta.txt	0.0
TARGET-10-PASHUP-09A	TARGET-10-PASHUP-09A.Ave_Beta	TARGET-ALL-P3	EPIC	idat_sample_sheet_TARGET-ALL-P3__EPIC_beta.txt	0.0
TARGET-00-SJNORM016314-17A.2	TARGET-00-SJNORM016314-17A.2.Ave_Beta	TARGET-ALL-P3	EPIC	idat_sample_sheet_TARGET-ALL-P3__EPIC_beta.txt	0.0
TARGET-15-SJMPAL046472-09A	TARGET-15-SJMPAL046472-09A.Ave_Beta	TARGET-ALL-P3	EPIC	idat_sample_sheet_TARGET-ALL-P3__EPIC_beta.txt	0.0
TARGET-10-PAPAWY-09A	TARGET-10-PAPAWY-09A.Ave_Beta	TARGET-ALL-P3	EPIC	idat_sample_sheet_TARGET-ALL-P3__EPIC_beta.txt	0.0
TARGET-10-PATDKH-09A	TARGET-10-PATDKH-09A.Ave_Beta	TARGET-ALL-P3	EPIC	idat_sample_sheet_TARGET-ALL-P3__EPIC_beta.txt	0.0
TARGET-10-PAPIGX-09A	TARGET-10-PAPIGX-09A.Ave_Beta	TARGET-ALL-P3	EPIC	idat_sample_sheet_TARGET-ALL-P3__EPIC_beta.txt	0.0
TARGET-10-PASJJR-09A	TARGET-10-PASJJR-09A.Ave_Beta	TARGET-ALL-P3	EPIC	idat_sample_sheet_TARGET-ALL-P3__EPIC_beta.txt	0.0
TARGET-15-SJMPAL003414-04A.1	TARGET-15-SJMPAL003414-04A.1.Ave_Beta	TARGET-ALL-P3	EPIC	idat_sample_sheet_TARGET-ALL-P3__EPIC_beta.txt	0.0
TARGET-15-SJMPAL016344-09A	TARGET-15-SJMPAL016344-09A.Ave_Beta	TARGET-ALL-P3	EPIC	idat_sample_sheet_TARGET-ALL-P3__EPIC_beta.txt	0.0
TARGET-15-SJMPAL046471-09A.3	TARGET-15-SJMPAL046471-09A.3.Ave_Beta	TARGET-ALL-P3	EPIC	idat_sample_sheet_TARGET-ALL-P3__EPIC_beta.txt	0.0
TARGET-15-SJMPAL040024-09A.2	TARGET-15-SJMPAL040024-09A.2.Ave_Beta	TARGET-ALL-P3	EPIC	idat_sample_sheet_TARGET-ALL-P3__EPIC_beta.txt	0.0
TARGET-15-SJMPAL012421-09A	TARGET-15-SJMPAL012421-09A.Ave_Beta	TARGET-ALL-P3	EPIC	idat_sample_sheet_TARGET-ALL-P3__EPIC_beta.txt	0.0
TARGET-10-PAPEWV-09A	TARGET-10-PAPEWV-09A.Ave_Beta	TARGET-ALL-P3	EPIC	idat_sample_sheet_TARGET-ALL-P3__EPIC_beta.txt	0.0
TARGET-20-SJAML007112-09A	TARGET-20-SJAML007112-09A.Ave_Beta	TARGET-ALL-P3	EPIC	idat_sample_sheet_TARGET-ALL-P3__EPIC_beta.txt	0.0
TARGET-15-SJMPAL012420-09A.1	TARGET-15-SJMPAL012420-09A.1.Ave_Beta	TARGET-ALL-P3	EPIC	idat_sample_sheet_TARGET-ALL-P3__EPIC_beta.txt	0.0
TARGET-00-SJNORM018231-17A.4	TARGET-00-SJNORM018231-17A.4.Ave_Beta	TARGET-ALL-P3	EPIC	idat_sample_sheet_TARGET-ALL-P3__EPIC_beta.txt	0.0
TARGET-10-SJBALL004182-09A.3	TARGET-10-SJBALL004182-09A.3.Ave_Beta	TARGET-ALL-P3	EPIC	idat_sample_sheet_TARGET-ALL-P3__EPIC_beta.txt	0.0
TARGET-15-SJMPAL040037-09A.2	TARGET-15-SJMPAL040037-09A.2.Ave_Beta	TARGET-ALL-P3	EPIC	idat_sample_sheet_TARGET-ALL-P3__EPIC_beta.txt	0.0
TARGET-10-PANKMB-09A	TARGET-10-PANKMB-09A.Ave_Beta	TARGET-ALL-P3	EPIC	idat_sample_sheet_TARGET-ALL-P3__EPIC_beta.txt	0.0
TARGET-10-PASIIY-09A	TARGET-10-PASIIY-09A.Ave_Beta	TARGET-ALL-P3	EPIC	idat_sample_sheet_TARGET-ALL-P3__EPIC_beta.txt	0.0
TARGET-00-SJNORM054698-14A.3	TARGET-00-SJNORM054698-14A.3.Ave_Beta	TARGET-ALL-P3	EPIC	idat_sample_sheet_TARGET-ALL-P3__EPIC_beta.txt	0.0
TARGET-00-SJNORM016314-17A.1	TARGET-00-SJNORM016314-17A.1.Ave_Beta	TARGET-ALL-P3	EPIC	idat_sample_sheet_TARGET-ALL-P3__EPIC_beta.txt	0.0
TARGET-20-SJAML045741-09A	TARGET-20-SJAML045741-09A.Ave_Beta	TARGET-ALL-P3	EPIC	idat_sample_sheet_TARGET-ALL-P3__EPIC_beta.txt	0.0
TARGET-15-SJMPAL042793-09A.1	TARGET-15-SJMPAL042793-09A.1.Ave_Beta	TARGET-ALL-P3	EPIC	idat_sample_sheet_TARGET-ALL-P3__EPIC_beta.txt	0.0
TARGET-00-SJNORM054698-14A.2	TARGET-00-SJNORM054698-14A.2.Ave_Beta	TARGET-ALL-P3	EPIC	idat_sample_sheet_TARGET-ALL-P3__EPIC_beta.txt	0.0
TARGET-20-SJAML045734-09A	TARGET-20-SJAML045734-09A.Ave_Beta	TARGET-ALL-P3	EPIC	idat_sample_sheet_TARGET-ALL-P3__EPIC_beta.txt	0.0
TARGET-10-PATHBG-09A	TARGET-10-PATHBG-09A.Ave_Beta	TARGET-ALL-P3	EPIC	idat_sample_sheet_TARGET-ALL-P3__EPIC_beta.txt	0.0
TARGET-15-SJMPAL016342-09A	TARGET-15-SJMPAL016342-09A.Ave_Beta	TARGET-ALL-P3	EPIC	idat_sample_sheet_TARGET-ALL-P3__EPIC_beta.txt	0.0
TARGET-15-SJMPAL046470-09A	TARGET-15-SJMPAL046470-09A.Ave_Beta	TARGET-ALL-P3	EPIC	idat_sample_sheet_TARGET-ALL-P3__EPIC_beta.txt	0.0
TARGET-10-PATXKD-09A	TARGET-10-PATXKD-09A.Ave_Beta	TARGET-ALL-P3	EPIC	idat_sample_sheet_TARGET-ALL-P3__EPIC_beta.txt	0.0
TARGET-10-PATGBY-09A	TARGET-10-PATGBY-09A.Ave_Beta	TARGET-ALL-P3	EPIC	idat_sample_sheet_TARGET-ALL-P3__EPIC_beta.txt	0.0
TARGET-15-SJMPAL040037-09A.1	TARGET-15-SJMPAL040037-09A.1.Ave_Beta	TARGET-ALL-P3	EPIC	idat_sample_sheet_TARGET-ALL-P3__EPIC_beta.txt	0.0
TARGET-10-PASWFN-09A	TARGET-10-PASWFN-09A.Ave_Beta	TARGET-ALL-P3	EPIC	idat_sample_sheet_TARGET-ALL-P3__EPIC_beta.txt	0.0
TARGET-20-SJAML007113-09A	TARGET-20-SJAML007113-09A.Ave_Beta	TARGET-ALL-P3	EPIC	idat_sample_sheet_TARGET-ALL-P3__EPIC_beta.txt	0.0
TARGET-20-SJAML045740-09A	TARGET-20-SJAML045740-09A.Ave_Beta	TARGET-ALL-P3	EPIC	idat_sample_sheet_TARGET-ALL-P3__EPIC_beta.txt	0.0
TARGET-15-SJMPAL040024-09A.3	TARGET-15-SJMPAL040024-09A.3.Ave_Beta	TARGET-ALL-P3	EPIC	idat_sample_sheet_TARGET-ALL-P3__EPIC_beta.txt	0.0
TARGET-10-PASFLK-09A	TARGET-10-PASFLK-09A.Ave_Beta	TARGET-ALL-P3	EPIC	idat_sample_sheet_TARGET-ALL-P3__EPIC_beta.txt	0.0
TARGET-20-SJAML003320-09A	TARGET-20-SJAML003320-09A.Ave_Beta	TARGET-ALL-P3	EPIC	idat_sample_sheet_TARGET-ALL-P3__EPIC_beta.txt	0.0
TARGET-10-PARXLS-09A	TARGET-10-PARXLS-09A.Ave_Beta	TARGET-ALL-P3	EPIC	idat_sample_sheet_TARGET-ALL-P3__EPIC_beta.txt	0.0
TARGET-15-SJMPAL012420-09A.2	TARGET-15-SJMPAL012420-09A.2.Ave_Beta	TARGET-ALL-P3	EPIC	idat_sample_sheet_TARGET-ALL-P3__EPIC_beta.txt	0.0
TARGET-15-SJMPAL016108-09A	TARGET-15-SJMPAL016108-09A.Ave_Beta	TARGET-ALL-P3	EPIC	idat_sample_sheet_TARGET-ALL-P3__EPIC_beta.txt	0.0
TARGET-10-PATRGV-09A	TARGET-10-PATRGV-09A.Ave_Beta	TARGET-ALL-P3	EPIC	idat_sample_sheet_TARGET-ALL-P3__EPIC_beta.txt	0.0
TARGET-00-SJNORM018231-17A.1	TARGET-00-SJNORM018231-17A.1.Ave_Beta	TARGET-ALL-P3	EPIC	idat_sample_sheet_TARGET-ALL-P3__EPIC_beta.txt	0.0
TARGET-15-SJMPAL046471-09A.2	TARGET-15-SJMPAL046471-09A.2.Ave_Beta	TARGET-ALL-P3	EPIC	idat_sample_sheet_TARGET-ALL-P3__EPIC_beta.txt	0.0
TARGET-10-PARSET-09A	TARGET-10-PARSET-09A.Ave_Beta	TARGET-ALL-P3	EPIC	idat_sample_sheet_TARGET-ALL-P3__EPIC_beta.txt	0.0
TARGET-15-SJMPAL012425-09A.3	TARGET-15-SJMPAL012425-09A.3.Ave_Beta	TARGET-ALL-P3	EPIC	idat_sample_sheet_TARGET-ALL-P3__EPIC_beta.txt	0.0
TARGET-10-PANYXC-09A	TARGET-10-PANYXC-09A.Ave_Beta	TARGET-ALL-P3	EPIC	idat_sample_sheet_TARGET-ALL-P3__EPIC_beta.txt	0.0
TARGET-00-SJNORM016096-14A.3	TARGET-00-SJNORM016096-14A.3.Ave_Beta	TARGET-ALL-P3	EPIC	idat_sample_sheet_TARGET-ALL-P3__EPIC_beta.txt	0.0
TARGET-15-SJMPAL042793-09A.3	TARGET-15-SJMPAL042793-09A.3.Ave_Beta	TARGET-ALL-P3	EPIC	idat_sample_sheet_TARGET-ALL-P3__EPIC_beta.txt	0.0
TARGET-10-PASRMM-09A	TARGET-10-PASRMM-09A.Ave_Beta	TARGET-ALL-P3	EPIC	idat_sample_sheet_TARGET-ALL-P3__EPIC_beta.txt	0.0
TARGET-15-SJMPAL016340-09A	TARGET-15-SJMPAL016340-09A.Ave_Beta	TARGET-ALL-P3	EPIC	idat_sample_sheet_TARGET-ALL-P3__EPIC_beta.txt	0.0
TARGET-15-SJMPAL046466-09A	TARGET-15-SJMPAL046466-09A.Ave_Beta	TARGET-ALL-P3	EPIC	idat_sample_sheet_TARGET-ALL-P3__EPIC_beta.txt	0.0
TARGET-10-PARAMR-09A	TARGET-10-PARAMR-09A.Ave_Beta	TARGET-ALL-P3	EPIC	idat_sample_sheet_TARGET-ALL-P3__EPIC_beta.txt	0.0
TARGET-15-SJMPAL016447-09A.2	TARGET-15-SJMPAL016447-09A.2.Ave_Beta	TARGET-ALL-P3	EPIC	idat_sample_sheet_TARGET-ALL-P3__EPIC_beta.txt	0.0
TARGET-20-SJAML040268-09A	TARGET-20-SJAML040268-09A.Ave_Beta	TARGET-ALL-P3	EPIC	idat_sample_sheet_TARGET-ALL-P3__EPIC_beta.txt	0.0
TARGET-15-SJMPAL012417-09A	TARGET-15-SJMPAL012417-09A.Ave_Beta	TARGET-ALL-P3	EPIC	idat_sample_sheet_TARGET-ALL-P3__EPIC_beta.txt	0.0
TARGET-10-PARMGY-09A	TARGET-10-PARMGY-09A.Ave_Beta	TARGET-ALL-P3	EPIC	idat_sample_sheet_TARGET-ALL-P3__EPIC_beta.txt	0.0
TARGET-15-SJMPAL012424-03A.2	TARGET-15-SJMPAL012424-03A.2.Ave_Beta	TARGET-ALL-P3	EPIC	idat_sample_sheet_TARGET-ALL-P3__EPIC_beta.txt	0.0
TARGET-10-PASHNK-09A	TARGET-10-PASHNK-09A.Ave_Beta	TARGET-ALL-P3	EPIC	idat_sample_sheet_TARGET-ALL-P3__EPIC_beta.txt	0.0
TARGET-15-SJMPAL012425-09A.1	TARGET-15-SJMPAL012425-09A.1.Ave_Beta	TARGET-ALL-P3	EPIC	idat_sample_sheet_TARGET-ALL-P3__EPIC_beta.txt	0.0
TARGET-15-SJMPAL046470-09A.1	TARGET-15-SJMPAL046470-09A.1.Ave_Beta	TARGET-ALL-P3	EPIC	idat_sample_sheet_TARGET-ALL-P3__EPIC_beta.txt	0.0
TARGET-15-SJMPAL016447-09A.1	TARGET-15-SJMPAL016447-09A.1.Ave_Beta	TARGET-ALL-P3	EPIC	idat_sample_sheet_TARGET-ALL-P3__EPIC_beta.txt	0.0
TARGET-10-PAPIGH-09A	TARGET-10-PAPIGH-09A.Ave_Beta	TARGET-ALL-P3	EPIC	idat_sample_sheet_TARGET-ALL-P3__EPIC_beta.txt	0.0
TARGET-10-PANRIM-03A	TARGET-10-PANRIM-03A.Ave_Beta	TARGET-ALL-P3	EPIC	idat_sample_sheet_TARGET-ALL-P3__EPIC_beta.txt	0.0
TARGET-15-SJMPAL042793-09A.2	TARGET-15-SJMPAL042793-09A.2.Ave_Beta	TARGET-ALL-P3	EPIC	idat_sample_sheet_TARGET-ALL-P3__EPIC_beta.txt	0.0
TARGET-10-SJBALL014146-09A	TARGET-10-SJBALL014146-09A.Ave_Beta	TARGET-ALL-P3	EPIC	idat_sample_sheet_TARGET-ALL-P3__EPIC_beta.txt	0.0
TARGET-10-PANJRD-09A	TARGET-10-PANJRD-09A.Ave_Beta	TARGET-ALL-P3	EPIC	idat_sample_sheet_TARGET-ALL-P3__EPIC_beta.txt	0.0
TARGET-00-SJNORM016096-14A.2	TARGET-00-SJNORM016096-14A.2.Ave_Beta	TARGET-ALL-P3	EPIC	idat_sample_sheet_TARGET-ALL-P3__EPIC_beta.txt	0.0
TARGET-15-SJMPAL040037-09A.3	TARGET-15-SJMPAL040037-09A.3.Ave_Beta	TARGET-ALL-P3	EPIC	idat_sample_sheet_TARGET-ALL-P3__EPIC_beta.txt	0.0
TARGET-15-PARWPU-09A	TARGET-15-PARWPU-09A.Ave_Beta	TARGET-ALL-P3	EPIC	idat_sample_sheet_TARGET-ALL-P3__EPIC_beta.txt	0.0
TARGET-00-SJNORM016314-17A.5	TARGET-00-SJNORM016314-17A.5.Ave_Beta	TARGET-ALL-P3	EPIC	idat_sample_sheet_TARGET-ALL-P3__EPIC_beta.txt	0.0
TARGET-10-PASZEW-09A	TARGET-10-PASZEW-09A.Ave_Beta	TARGET-ALL-P3	EPIC	idat_sample_sheet_TARGET-ALL-P3__EPIC_beta.txt	0.0
TARGET-15-SJMPAL016448-09A	TARGET-15-SJMPAL016448-09A.Ave_Beta	TARGET-ALL-P3	EPIC	idat_sample_sheet_TARGET-ALL-P3__EPIC_beta.txt	0.0
TARGET-10-SJBALL004182-09A.2	TARGET-10-SJBALL004182-09A.2.Ave_Beta	TARGET-ALL-P3	EPIC	idat_sample_sheet_TARGET-ALL-P3__EPIC_beta.txt	0.0
TARGET-10-PAPGPJ-09A	TARGET-10-PAPGPJ-09A.Ave_Beta	TARGET-ALL-P3	EPIC	idat_sample_sheet_TARGET-ALL-P3__EPIC_beta.txt	0.0
TARGET-10-PATCNI-09A	TARGET-10-PATCNI-09A.Ave_Beta	TARGET-ALL-P3	EPIC	idat_sample_sheet_TARGET-ALL-P3__EPIC_beta.txt	0.0
TARGET-15-SJMPAL046471-09A	TARGET-15-SJMPAL046471-09A.Ave_Beta	TARGET-ALL-P3	EPIC	idat_sample_sheet_TARGET-ALL-P3__EPIC_beta.txt	0.0
TARGET-10-SJBALL021816-09A	TARGET-10-SJBALL021816-09A.Ave_Beta	TARGET-ALL-P3	EPIC	idat_sample_sheet_TARGET-ALL-P3__EPIC_beta.txt	0.0
TARGET-15-SJMPAL016343-09A	TARGET-15-SJMPAL016343-09A.Ave_Beta	TARGET-ALL-P3	EPIC	idat_sample_sheet_TARGET-ALL-P3__EPIC_beta.txt	0.0
TARGET-15-SJMPAL046470-09A.2	TARGET-15-SJMPAL046470-09A.2.Ave_Beta	TARGET-ALL-P3	EPIC	idat_sample_sheet_TARGET-ALL-P3__EPIC_beta.txt	0.0
TARGET-00-SJNORM016314-17A.4	TARGET-00-SJNORM016314-17A.4.Ave_Beta	TARGET-ALL-P3	EPIC	idat_sample_sheet_TARGET-ALL-P3__EPIC_beta.txt	0.0
TARGET-00-SJNORM018231-17A.2	TARGET-00-SJNORM018231-17A.2.Ave_Beta	TARGET-ALL-P3	EPIC	idat_sample_sheet_TARGET-ALL-P3__EPIC_beta.txt	0.0
TARGET-10-PARPYJ-09A	TARGET-10-PARPYJ-09A.Ave_Beta	TARGET-ALL-P3	EPIC	idat_sample_sheet_TARGET-ALL-P3__EPIC_beta.txt	0.0
TARGET-20-SJAML045738-09A	TARGET-20-SJAML045738-09A.Ave_Beta	TARGET-ALL-P3	EPIC	idat_sample_sheet_TARGET-ALL-P3__EPIC_beta.txt	0.0
TARGET-10-PAPHGD-09A	TARGET-10-PAPHGD-09A.Ave_Beta	TARGET-ALL-P3	EPIC	idat_sample_sheet_TARGET-ALL-P3__EPIC_beta.txt	0.0
TARGET-15-SJMPAL012424-03A.1	TARGET-15-SJMPAL012424-03A.1.Ave_Beta	TARGET-ALL-P3	EPIC	idat_sample_sheet_TARGET-ALL-P3__EPIC_beta.txt	0.0
TARGET-15-SJMPAL046467-09A	TARGET-15-SJMPAL046467-09A.Ave_Beta	TARGET-ALL-P3	EPIC	idat_sample_sheet_TARGET-ALL-P3__EPIC_beta.txt	0.0
TARGET-15-SJMPAL012418-09A.1	TARGET-15-SJMPAL012418-09A.1.Ave_Beta	TARGET-ALL-P3	EPIC	idat_sample_sheet_TARGET-ALL-P3__EPIC_beta.txt	0.0
TARGET-00-SJNORM054698-14A.1	TARGET-00-SJNORM054698-14A.1.Ave_Beta	TARGET-ALL-P3	EPIC	idat_sample_sheet_TARGET-ALL-P3__EPIC_beta.txt	0.0
TARGET-15-SJMPAL040037-09A.4	TARGET-15-SJMPAL040037-09A.4.Ave_Beta	TARGET-ALL-P3	EPIC	idat_sample_sheet_TARGET-ALL-P3__EPIC_beta.txt	0.0
TARGET-20-SJAML045742-09A	TARGET-20-SJAML045742-09A.Ave_Beta	TARGET-ALL-P3	EPIC	idat_sample_sheet_TARGET-ALL-P3__EPIC_beta.txt	0.0
TARGET-10-PATKVD-09A	TARGET-10-PATKVD-09A.Ave_Beta	TARGET-ALL-P3	EPIC	idat_sample_sheet_TARGET-ALL-P3__EPIC_beta.txt	0.0
TARGET-00-SJNORM016314-17A.3	TARGET-00-SJNORM016314-17A.3.Ave_Beta	TARGET-ALL-P3	EPIC	idat_sample_sheet_TARGET-ALL-P3__EPIC_beta.txt	0.0
TARGET-15-SJMPAL040024-09A.1	TARGET-15-SJMPAL040024-09A.1.Ave_Beta	TARGET-ALL-P3	EPIC	idat_sample_sheet_TARGET-ALL-P3__EPIC_beta.txt	0.0
TARGET-10-SJALL040058-09A	TARGET-10-SJALL040058-09A.Ave_Beta	TARGET-ALL-P3	EPIC	idat_sample_sheet_TARGET-ALL-P3__EPIC_beta.txt	0.0
TARGET-10-PASNTZ-09A	TARGET-10-PASNTZ-09A.Ave_Beta	TARGET-ALL-P3	EPIC	idat_sample_sheet_TARGET-ALL-P3__EPIC_beta.txt	0.0
TARGET-00-SJNORM016096-14A.1	TARGET-00-SJNORM016096-14A.1.Ave_Beta	TARGET-ALL-P3	EPIC	idat_sample_sheet_TARGET-ALL-P3__EPIC_beta.txt	0.0
TARGET-10-PARXMV-03A	TARGET-10-PARXMV-03A.Ave_Beta	TARGET-ALL-P3	EPIC	idat_sample_sheet_TARGET-ALL-P3__EPIC_beta.txt	0.0
TARGET-10-PASRCV-09A	TARGET-10-PASRCV-09A.Ave_Beta	TARGET-ALL-P3	EPIC	idat_sample_sheet_TARGET-ALL-P3__EPIC_beta.txt	0.0
TARGET-15-SJMPAL016343-04A.1	TARGET-15-SJMPAL016343-04A.1.Ave_Beta	TARGET-ALL-P3	EPIC	idat_sample_sheet_TARGET-ALL-P3__EPIC_beta.txt	0.0
TARGET-10-SJBALL004182-09A.1	TARGET-10-SJBALL004182-09A.1.Ave_Beta	TARGET-ALL-P3	EPIC	idat_sample_sheet_TARGET-ALL-P3__EPIC_beta.txt	0.0
TARGET-10-PARUEU-09A	TARGET-10-PARUEU-09A.Ave_Beta	TARGET-ALL-P3	EPIC	idat_sample_sheet_TARGET-ALL-P3__EPIC_beta.txt	0.0
TARGET-10-PATALJ-09A	TARGET-10-PATALJ-09A.Ave_Beta	TARGET-ALL-P3	EPIC	idat_sample_sheet_TARGET-ALL-P3__EPIC_beta.txt	0.0
TARGET-10-PAPEZX-09A	TARGET-10-PAPEZX-09A.Ave_Beta	TARGET-ALL-P3	EPIC	idat_sample_sheet_TARGET-ALL-P3__EPIC_beta.txt	0.0
TARGET-15-SJMPAL012418-09A.3	TARGET-15-SJMPAL012418-09A.3.Ave_Beta	TARGET-ALL-P3	EPIC	idat_sample_sheet_TARGET-ALL-P3__EPIC_beta.txt	0.0
TARGET-10-PASZJW-03A	TARGET-10-PASZJW-03A.Ave_Beta	TARGET-ALL-P3	EPIC	idat_sample_sheet_TARGET-ALL-P3__EPIC_beta.txt	0.0
TARGET-15-SJMPAL012419-09A.1	TARGET-15-SJMPAL012419-09A.1.Ave_Beta	TARGET-ALL-P3	EPIC	idat_sample_sheet_TARGET-ALL-P3__EPIC_beta.txt	0.0
TARGET-20-SJAML045737-09A	TARGET-20-SJAML045737-09A.Ave_Beta	TARGET-ALL-P3	EPIC	idat_sample_sheet_TARGET-ALL-P3__EPIC_beta.txt	0.0
TARGET-15-SJMPAL016447-09A.3	TARGET-15-SJMPAL016447-09A.3.Ave_Beta	TARGET-ALL-P3	EPIC	idat_sample_sheet_TARGET-ALL-P3__EPIC_beta.txt	0.0
TARGET-10-PARTBP-09A	TARGET-10-PARTBP-09A.Ave_Beta	TARGET-ALL-P3	EPIC	idat_sample_sheet_TARGET-ALL-P3__EPIC_beta.txt	0.0
TARGET-15-SJMPAL012425-09A.2	TARGET-15-SJMPAL012425-09A.2.Ave_Beta	TARGET-ALL-P3	EPIC	idat_sample_sheet_TARGET-ALL-P3__EPIC_beta.txt	0.0
TARGET-10-SJBALL004182-09A	TARGET-10-SJBALL004182-09A.Ave_Beta	TARGET-ALL-P3	EPIC	idat_sample_sheet_TARGET-ALL-P3__EPIC_beta.txt	0.0
TARGET-10-PAPAJU-09A	TARGET-10-PAPAJU-09A.Ave_Beta	TARGET-ALL-P3	EPIC	idat_sample_sheet_TARGET-ALL-P3__EPIC_beta.txt	0.0
TARGET-15-SJMPAL046471-09A.1	TARGET-15-SJMPAL046471-09A.1.Ave_Beta	TARGET-ALL-P3	EPIC	idat_sample_sheet_TARGET-ALL-P3__EPIC_beta.txt	0.0
TARGET-10-PASJLN-09A	TARGET-10-PASJLN-09A.Ave_Beta	TARGET-ALL-P3	EPIC	idat_sample_sheet_TARGET-ALL-P3__EPIC_beta.txt	0.0
TARGET-10-PANWPI-09A	TARGET-10-PANWPI-09A.Ave_Beta	TARGET-ALL-P3	EPIC	idat_sample_sheet_TARGET-ALL-P3__EPIC_beta.txt	0.0
TARGET-00-SJNORM018231-17A.3	TARGET-00-SJNORM018231-17A.3.Ave_Beta	TARGET-ALL-P3	EPIC	idat_sample_sheet_TARGET-ALL-P3__EPIC_beta.txt	0.0
TARGET-10-PAPDAU-09A	TARGET-10-PAPDAU-09A.Ave_Beta	TARGET-ALL-P3	EPIC	idat_sample_sheet_TARGET-ALL-P3__EPIC_beta.txt	0.0
TARGET-10-SJBALL014594-03A	TARGET-10-SJBALL014594-03A.Ave_Beta	TARGET-ALL-P3	EPIC	idat_sample_sheet_TARGET-ALL-P3__EPIC_beta.txt	0.0
TARGET-10-PATFWF-09A	TARGET-10-PATFWF-09A.Ave_Beta	TARGET-ALL-P3	EPIC	idat_sample_sheet_TARGET-ALL-P3__EPIC_beta.txt	0.0
TARGET-20-SJAML045739-09A.Detection.Pval	TARGET-20-SJAML045739-09A.Detection.Pval	TARGET-ALL-P3	EPIC	idat_sample_sheet_TARGET-ALL-P3__EPIC_beta.txt	0.0
TARGET-00-SJNORM018231-17A.5.Detection.Pval	TARGET-00-SJNORM018231-17A.5.Detection.Pval	TARGET-ALL-P3	EPIC	idat_sample_sheet_TARGET-ALL-P3__EPIC_beta.txt	0.0
TARGET-10-PANYHW-09A.Detection.Pval	TARGET-10-PANYHW-09A.Detection.Pval	TARGET-ALL-P3	EPIC	idat_sample_sheet_TARGET-ALL-P3__EPIC_beta.txt	0.0
TARGET-00-SJNORM016096-14A.4.Detection.Pval	TARGET-00-SJNORM016096-14A.4.Detection.Pval	TARGET-ALL-P3	EPIC	idat_sample_sheet_TARGET-ALL-P3__EPIC_beta.txt	0.0
TARGET-10-PAPGMC-09A.Detection.Pval	TARGET-10-PAPGMC-09A.Detection.Pval	TARGET-ALL-P3	EPIC	idat_sample_sheet_TARGET-ALL-P3__EPIC_beta.txt	0.0
TARGET-15-SJMPAL012427-09A.Detection.Pval	TARGET-15-SJMPAL012427-09A.Detection.Pval	TARGET-ALL-P3	EPIC	idat_sample_sheet_TARGET-ALL-P3__EPIC_beta.txt	0.0
TARGET-20-SJAML016570-09A.Detection.Pval	TARGET-20-SJAML016570-09A.Detection.Pval	TARGET-ALL-P3	EPIC	idat_sample_sheet_TARGET-ALL-P3__EPIC_beta.txt	0.0
TARGET-10-PATGYH-09A.Detection.Pval	TARGET-10-PATGYH-09A.Detection.Pval	TARGET-ALL-P3	EPIC	idat_sample_sheet_TARGET-ALL-P3__EPIC_beta.txt	0.0
TARGET-10-PATBGC-09A.Detection.Pval	TARGET-10-PATBGC-09A.Detection.Pval	TARGET-ALL-P3	EPIC	idat_sample_sheet_TARGET-ALL-P3__EPIC_beta.txt	0.0
TARGET-20-SJAML003322-09A.Detection.Pval	TARGET-20-SJAML003322-09A.Detection.Pval	TARGET-ALL-P3	EPIC	idat_sample_sheet_TARGET-ALL-P3__EPIC_beta.txt	0.0
TARGET-20-SJAML045736-09A.Detection.Pval	TARGET-20-SJAML045736-09A.Detection.Pval	TARGET-ALL-P3	EPIC	idat_sample_sheet_TARGET-ALL-P3__EPIC_beta.txt	0.0
TARGET-10-PAPDCR-09A.Detection.Pval	TARGET-10-PAPDCR-09A.Detection.Pval	TARGET-ALL-P3	EPIC	idat_sample_sheet_TARGET-ALL-P3__EPIC_beta.txt	0.0
TARGET-15-SJMPAL012422-09A.Detection.Pval	TARGET-15-SJMPAL012422-09A.Detection.Pval	TARGET-ALL-P3	EPIC	idat_sample_sheet_TARGET-ALL-P3__EPIC_beta.txt	0.0
TARGET-20-SJAML045735-09A.Detection.Pval	TARGET-20-SJAML045735-09A.Detection.Pval	TARGET-ALL-P3	EPIC	idat_sample_sheet_TARGET-ALL-P3__EPIC_beta.txt	0.0
TARGET-15-SJMPAL040037-09A.Detection.Pval	TARGET-15-SJMPAL040037-09A.Detection.Pval	TARGET-ALL-P3	EPIC	idat_sample_sheet_TARGET-ALL-P3__EPIC_beta.txt	0.0
TARGET-15-SJMPAL016343-04A.2.Detection.Pval	TARGET-15-SJMPAL016343-04A.2.Detection.Pval	TARGET-ALL-P3	EPIC	idat_sample_sheet_TARGET-ALL-P3__EPIC_beta.txt	0.0
TARGET-10-PASJYI-09A.Detection.Pval	TARGET-10-PASJYI-09A.Detection.Pval	TARGET-ALL-P3	EPIC	idat_sample_sheet_TARGET-ALL-P3__EPIC_beta.txt	0.0
TARGET-15-SJMPAL043771-09A.Detection.Pval	TARGET-15-SJMPAL043771-09A.Detection.Pval	TARGET-ALL-P3	EPIC	idat_sample_sheet_TARGET-ALL-P3__EPIC_beta.txt	0.0
TARGET-10-PATGWP-09A.Detection.Pval	TARGET-10-PATGWP-09A.Detection.Pval	TARGET-ALL-P3	EPIC	idat_sample_sheet_TARGET-ALL-P3__EPIC_beta.txt	0.0
TARGET-10-PARTPW-09A.Detection.Pval	TARGET-10-PARTPW-09A.Detection.Pval	TARGET-ALL-P3	EPIC	idat_sample_sheet_TARGET-ALL-P3__EPIC_beta.txt	0.0
TARGET-15-SJMPAL012418-09A.2.Detection.Pval	TARGET-15-SJMPAL012418-09A.2.Detection.Pval	TARGET-ALL-P3	EPIC	idat_sample_sheet_TARGET-ALL-P3__EPIC_beta.txt	0.0
TARGET-10-PASHUP-09A.Detection.Pval	TARGET-10-PASHUP-09A.Detection.Pval	TARGET-ALL-P3	EPIC	idat_sample_sheet_TARGET-ALL-P3__EPIC_beta.txt	0.0
TARGET-00-SJNORM016314-17A.2.Detection.Pval	TARGET-00-SJNORM016314-17A.2.Detection.Pval	TARGET-ALL-P3	EPIC	idat_sample_sheet_TARGET-ALL-P3__EPIC_beta.txt	0.0
TARGET-15-SJMPAL046472-09A.Detection.Pval	TARGET-15-SJMPAL046472-09A.Detection.Pval	TARGET-ALL-P3	EPIC	idat_sample_sheet_TARGET-ALL-P3__EPIC_beta.txt	0.0
TARGET-10-PAPAWY-09A.Detection.Pval	TARGET-10-PAPAWY-09A.Detection.Pval	TARGET-ALL-P3	EPIC	idat_sample_sheet_TARGET-ALL-P3__EPIC_beta.txt	0.0
TARGET-10-PATDKH-09A.Detection.Pval	TARGET-10-PATDKH-09A.Detection.Pval	TARGET-ALL-P3	EPIC	idat_sample_sheet_TARGET-ALL-P3__EPIC_beta.txt	0.0
TARGET-10-PAPIGX-09A.Detection.Pval	TARGET-10-PAPIGX-09A.Detection.Pval	TARGET-ALL-P3	EPIC	idat_sample_sheet_TARGET-ALL-P3__EPIC_beta.txt	0.0
TARGET-10-PASJJR-09A.Detection.Pval	TARGET-10-PASJJR-09A.Detection.Pval	TARGET-ALL-P3	EPIC	idat_sample_sheet_TARGET-ALL-P3__EPIC_beta.txt	0.0
TARGET-15-SJMPAL003414-04A.1.Detection.Pval	TARGET-15-SJMPAL003414-04A.1.Detection.Pval	TARGET-ALL-P3	EPIC	idat_sample_sheet_TARGET-ALL-P3__EPIC_beta.txt	0.0
TARGET-15-SJMPAL016344-09A.Detection.Pval	TARGET-15-SJMPAL016344-09A.Detection.Pval	TARGET-ALL-P3	EPIC	idat_sample_sheet_TARGET-ALL-P3__EPIC_beta.txt	0.0
TARGET-15-SJMPAL046471-09A.3.Detection.Pval	TARGET-15-SJMPAL046471-09A.3.Detection.Pval	TARGET-ALL-P3	EPIC	idat_sample_sheet_TARGET-ALL-P3__EPIC_beta.txt	0.0
TARGET-15-SJMPAL040024-09A.2.Detection.Pval	TARGET-15-SJMPAL040024-09A.2.Detection.Pval	TARGET-ALL-P3	EPIC	idat_sample_sheet_TARGET-ALL-P3__EPIC_beta.txt	0.0
TARGET-15-SJMPAL012421-09A.Detection.Pval	TARGET-15-SJMPAL012421-09A.Detection.Pval	TARGET-ALL-P3	EPIC	idat_sample_sheet_TARGET-ALL-P3__EPIC_beta.txt	0.0
TARGET-10-PAPEWV-09A.Detection.Pval	TARGET-10-PAPEWV-09A.Detection.Pval	TARGET-ALL-P3	EPIC	idat_sample_sheet_TARGET-ALL-P3__EPIC_beta.txt	0.0
TARGET-20-SJAML007112-09A.Detection.Pval	TARGET-20-SJAML007112-09A.Detection.Pval	TARGET-ALL-P3	EPIC	idat_sample_sheet_TARGET-ALL-P3__EPIC_beta.txt	0.0
TARGET-15-SJMPAL012420-09A.1.Detection.Pval	TARGET-15-SJMPAL012420-09A.1.Detection.Pval	TARGET-ALL-P3	EPIC	idat_sample_sheet_TARGET-ALL-P3__EPIC_beta.txt	0.0
TARGET-00-SJNORM018231-17A.4.Detection.Pval	TARGET-00-SJNORM018231-17A.4.Detection.Pval	TARGET-ALL-P3	EPIC	idat_sample_sheet_TARGET-ALL-P3__EPIC_beta.txt	0.0
TARGET-10-SJBALL004182-09A.3.Detection.Pval	TARGET-10-SJBALL004182-09A.3.Detection.Pval	TARGET-ALL-P3	EPIC	idat_sample_sheet_TARGET-ALL-P3__EPIC_beta.txt	0.0
TARGET-15-SJMPAL040037-09A.2.Detection.Pval	TARGET-15-SJMPAL040037-09A.2.Detection.Pval	TARGET-ALL-P3	EPIC	idat_sample_sheet_TARGET-ALL-P3__EPIC_beta.txt	0.0
TARGET-10-PANKMB-09A.Detection.Pval	TARGET-10-PANKMB-09A.Detection.Pval	TARGET-ALL-P3	EPIC	idat_sample_sheet_TARGET-ALL-P3__EPIC_beta.txt	0.0
TARGET-10-PASIIY-09A.Detection.Pval	TARGET-10-PASIIY-09A.Detection.Pval	TARGET-ALL-P3	EPIC	idat_sample_sheet_TARGET-ALL-P3__EPIC_beta.txt	0.0
TARGET-00-SJNORM054698-14A.3.Detection.Pval	TARGET-00-SJNORM054698-14A.3.Detection.Pval	TARGET-ALL-P3	EPIC	idat_sample_sheet_TARGET-ALL-P3__EPIC_beta.txt	0.0
TARGET-00-SJNORM016314-17A.1.Detection.Pval	TARGET-00-SJNORM016314-17A.1.Detection.Pval	TARGET-ALL-P3	EPIC	idat_sample_sheet_TARGET-ALL-P3__EPIC_beta.txt	0.0
TARGET-20-SJAML045741-09A.Detection.Pval	TARGET-20-SJAML045741-09A.Detection.Pval	TARGET-ALL-P3	EPIC	idat_sample_sheet_TARGET-ALL-P3__EPIC_beta.txt	0.0
TARGET-15-SJMPAL042793-09A.1.Detection.Pval	TARGET-15-SJMPAL042793-09A.1.Detection.Pval	TARGET-ALL-P3	EPIC	idat_sample_sheet_TARGET-ALL-P3__EPIC_beta.txt	0.0
TARGET-00-SJNORM054698-14A.2.Detection.Pval	TARGET-00-SJNORM054698-14A.2.Detection.Pval	TARGET-ALL-P3	EPIC	idat_sample_sheet_TARGET-ALL-P3__EPIC_beta.txt	0.0
TARGET-20-SJAML045734-09A.Detection.Pval	TARGET-20-SJAML045734-09A.Detection.Pval	TARGET-ALL-P3	EPIC	idat_sample_sheet_TARGET-ALL-P3__EPIC_beta.txt	0.0
TARGET-10-PATHBG-09A.Detection.Pval	TARGET-10-PATHBG-09A.Detection.Pval	TARGET-ALL-P3	EPIC	idat_sample_sheet_TARGET-ALL-P3__EPIC_beta.txt	0.0
TARGET-15-SJMPAL016342-09A.Detection.Pval	TARGET-15-SJMPAL016342-09A.Detection.Pval	TARGET-ALL-P3	EPIC	idat_sample_sheet_TARGET-ALL-P3__EPIC_beta.txt	0.0
TARGET-15-SJMPAL046470-09A.Detection.Pval	TARGET-15-SJMPAL046470-09A.Detection.Pval	TARGET-ALL-P3	EPIC	idat_sample_sheet_TARGET-ALL-P3__EPIC_beta.txt	0.0
TARGET-10-PATXKD-09A.Detection.Pval	TARGET-10-PATXKD-09A.Detection.Pval	TARGET-ALL-P3	EPIC	idat_sample_sheet_TARGET-ALL-P3__EPIC_beta.txt	0.0
TARGET-10-PATGBY-09A.Detection.Pval	TARGET-10-PATGBY-09A.Detection.Pval	TARGET-ALL-P3	EPIC	idat_sample_sheet_TARGET-ALL-P3__EPIC_beta.txt	0.0
TARGET-15-SJMPAL040037-09A.1.Detection.Pval	TARGET-15-SJMPAL040037-09A.1.Detection.Pval	TARGET-ALL-P3	EPIC	idat_sample_sheet_TARGET-ALL-P3__EPIC_beta.txt	0.0
TARGET-10-PASWFN-09A.Detection.Pval	TARGET-10-PASWFN-09A.Detection.Pval	TARGET-ALL-P3	EPIC	idat_sample_sheet_TARGET-ALL-P3__EPIC_beta.txt	0.0
TARGET-20-SJAML007113-09A.Detection.Pval	TARGET-20-SJAML007113-09A.Detection.Pval	TARGET-ALL-P3	EPIC	idat_sample_sheet_TARGET-ALL-P3__EPIC_beta.txt	0.0
TARGET-20-SJAML045740-09A.Detection.Pval	TARGET-20-SJAML045740-09A.Detection.Pval	TARGET-ALL-P3	EPIC	idat_sample_sheet_TARGET-ALL-P3__EPIC_beta.txt	0.0
TARGET-15-SJMPAL040024-09A.3.Detection.Pval	TARGET-15-SJMPAL040024-09A.3.Detection.Pval	TARGET-ALL-P3	EPIC	idat_sample_sheet_TARGET-ALL-P3__EPIC_beta.txt	0.0
TARGET-10-PASFLK-09A.Detection.Pval	TARGET-10-PASFLK-09A.Detection.Pval	TARGET-ALL-P3	EPIC	idat_sample_sheet_TARGET-ALL-P3__EPIC_beta.txt	0.0
TARGET-20-SJAML003320-09A.Detection.Pval	TARGET-20-SJAML003320-09A.Detection.Pval	TARGET-ALL-P3	EPIC	idat_sample_sheet_TARGET-ALL-P3__EPIC_beta.txt	0.0
TARGET-10-PARXLS-09A.Detection.Pval	TARGET-10-PARXLS-09A.Detection.Pval	TARGET-ALL-P3	EPIC	idat_sample_sheet_TARGET-ALL-P3__EPIC_beta.txt	0.0
TARGET-15-SJMPAL012420-09A.2.Detection.Pval	TARGET-15-SJMPAL012420-09A.2.Detection.Pval	TARGET-ALL-P3	EPIC	idat_sample_sheet_TARGET-ALL-P3__EPIC_beta.txt	0.0
TARGET-15-SJMPAL016108-09A.Detection.Pval	TARGET-15-SJMPAL016108-09A.Detection.Pval	TARGET-ALL-P3	EPIC	idat_sample_sheet_TARGET-ALL-P3__EPIC_beta.txt	0.0
TARGET-10-PATRGV-09A.Detection.Pval	TARGET-10-PATRGV-09A.Detection.Pval	TARGET-ALL-P3	EPIC	idat_sample_sheet_TARGET-ALL-P3__EPIC_beta.txt	0.0
TARGET-00-SJNORM018231-17A.1.Detection.Pval	TARGET-00-SJNORM018231-17A.1.Detection.Pval	TARGET-ALL-P3	EPIC	idat_sample_sheet_TARGET-ALL-P3__EPIC_beta.txt	0.0
TARGET-15-SJMPAL046471-09A.2.Detection.Pval	TARGET-15-SJMPAL046471-09A.2.Detection.Pval	TARGET-ALL-P3	EPIC	idat_sample_sheet_TARGET-ALL-P3__EPIC_beta.txt	0.0
TARGET-10-PARSET-09A.Detection.Pval	TARGET-10-PARSET-09A.Detection.Pval	TARGET-ALL-P3	EPIC	idat_sample_sheet_TARGET-ALL-P3__EPIC_beta.txt	0.0
TARGET-15-SJMPAL012425-09A.3.Detection.Pval	TARGET-15-SJMPAL012425-09A.3.Detection.Pval	TARGET-ALL-P3	EPIC	idat_sample_sheet_TARGET-ALL-P3__EPIC_beta.txt	0.0
TARGET-10-PANYXC-09A.Detection.Pval	TARGET-10-PANYXC-09A.Detection.Pval	TARGET-ALL-P3	EPIC	idat_sample_sheet_TARGET-ALL-P3__EPIC_beta.txt	0.0
TARGET-00-SJNORM016096-14A.3.Detection.Pval	TARGET-00-SJNORM016096-14A.3.Detection.Pval	TARGET-ALL-P3	EPIC	idat_sample_sheet_TARGET-ALL-P3__EPIC_beta.txt	0.0
TARGET-15-SJMPAL042793-09A.3.Detection.Pval	TARGET-15-SJMPAL042793-09A.3.Detection.Pval	TARGET-ALL-P3	EPIC	idat_sample_sheet_TARGET-ALL-P3__EPIC_beta.txt	0.0
TARGET-10-PASRMM-09A.Detection.Pval	TARGET-10-PASRMM-09A.Detection.Pval	TARGET-ALL-P3	EPIC	idat_sample_sheet_TARGET-ALL-P3__EPIC_beta.txt	0.0
TARGET-15-SJMPAL016340-09A.Detection.Pval	TARGET-15-SJMPAL016340-09A.Detection.Pval	TARGET-ALL-P3	EPIC	idat_sample_sheet_TARGET-ALL-P3__EPIC_beta.txt	0.0
TARGET-15-SJMPAL046466-09A.Detection.Pval	TARGET-15-SJMPAL046466-09A.Detection.Pval	TARGET-ALL-P3	EPIC	idat_sample_sheet_TARGET-ALL-P3__EPIC_beta.txt	0.0
TARGET-10-PARAMR-09A.Detection.Pval	TARGET-10-PARAMR-09A.Detection.Pval	TARGET-ALL-P3	EPIC	idat_sample_sheet_TARGET-ALL-P3__EPIC_beta.txt	0.0
TARGET-15-SJMPAL016447-09A.2.Detection.Pval	TARGET-15-SJMPAL016447-09A.2.Detection.Pval	TARGET-ALL-P3	EPIC	idat_sample_sheet_TARGET-ALL-P3__EPIC_beta.txt	0.0
TARGET-20-SJAML040268-09A.Detection.Pval	TARGET-20-SJAML040268-09A.Detection.Pval	TARGET-ALL-P3	EPIC	idat_sample_sheet_TARGET-ALL-P3__EPIC_beta.txt	0.0
TARGET-15-SJMPAL012417-09A.Detection.Pval	TARGET-15-SJMPAL012417-09A.Detection.Pval	TARGET-ALL-P3	EPIC	idat_sample_sheet_TARGET-ALL-P3__EPIC_beta.txt	0.0
TARGET-10-PARMGY-09A.Detection.Pval	TARGET-10-PARMGY-09A.Detection.Pval	TARGET-ALL-P3	EPIC	idat_sample_sheet_TARGET-ALL-P3__EPIC_beta.txt	0.0
TARGET-15-SJMPAL012424-03A.2.Detection.Pval	TARGET-15-SJMPAL012424-03A.2.Detection.Pval	TARGET-ALL-P3	EPIC	idat_sample_sheet_TARGET-ALL-P3__EPIC_beta.txt	0.0
TARGET-10-PASHNK-09A.Detection.Pval	TARGET-10-PASHNK-09A.Detection.Pval	TARGET-ALL-P3	EPIC	idat_sample_sheet_TARGET-ALL-P3__EPIC_beta.txt	0.0
TARGET-15-SJMPAL012425-09A.1.Detection.Pval	TARGET-15-SJMPAL012425-09A.1.Detection.Pval	TARGET-ALL-P3	EPIC	idat_sample_sheet_TARGET-ALL-P3__EPIC_beta.txt	0.0
TARGET-15-SJMPAL046470-09A.1.Detection.Pval	TARGET-15-SJMPAL046470-09A.1.Detection.Pval	TARGET-ALL-P3	EPIC	idat_sample_sheet_TARGET-ALL-P3__EPIC_beta.txt	0.0
TARGET-15-SJMPAL016447-09A.1.Detection.Pval	TARGET-15-SJMPAL016447-09A.1.Detection.Pval	TARGET-ALL-P3	EPIC	idat_sample_sheet_TARGET-ALL-P3__EPIC_beta.txt	0.0
TARGET-10-PAPIGH-09A.Detection.Pval	TARGET-10-PAPIGH-09A.Detection.Pval	TARGET-ALL-P3	EPIC	idat_sample_sheet_TARGET-ALL-P3__EPIC_beta.txt	0.0
TARGET-10-PANRIM-03A.Detection.Pval	TARGET-10-PANRIM-03A.Detection.Pval	TARGET-ALL-P3	EPIC	idat_sample_sheet_TARGET-ALL-P3__EPIC_beta.txt	0.0
TARGET-15-SJMPAL042793-09A.2.Detection.Pval	TARGET-15-SJMPAL042793-09A.2.Detection.Pval	TARGET-ALL-P3	EPIC	idat_sample_sheet_TARGET-ALL-P3__EPIC_beta.txt	0.0
TARGET-10-SJBALL014146-09A.Detection.Pval	TARGET-10-SJBALL014146-09A.Detection.Pval	TARGET-ALL-P3	EPIC	idat_sample_sheet_TARGET-ALL-P3__EPIC_beta.txt	0.0
TARGET-10-PANJRD-09A.Detection.Pval	TARGET-10-PANJRD-09A.Detection.Pval	TARGET-ALL-P3	EPIC	idat_sample_sheet_TARGET-ALL-P3__EPIC_beta.txt	0.0
TARGET-00-SJNORM016096-14A.2.Detection.Pval	TARGET-00-SJNORM016096-14A.2.Detection.Pval	TARGET-ALL-P3	EPIC	idat_sample_sheet_TARGET-ALL-P3__EPIC_beta.txt	0.0
TARGET-15-SJMPAL040037-09A.3.Detection.Pval	TARGET-15-SJMPAL040037-09A.3.Detection.Pval	TARGET-ALL-P3	EPIC	idat_sample_sheet_TARGET-ALL-P3__EPIC_beta.txt	0.0
TARGET-15-PARWPU-09A.Detection.Pval	TARGET-15-PARWPU-09A.Detection.Pval	TARGET-ALL-P3	EPIC	idat_sample_sheet_TARGET-ALL-P3__EPIC_beta.txt	0.0
TARGET-00-SJNORM016314-17A.5.Detection.Pval	TARGET-00-SJNORM016314-17A.5.Detection.Pval	TARGET-ALL-P3	EPIC	idat_sample_sheet_TARGET-ALL-P3__EPIC_beta.txt	0.0
TARGET-10-PASZEW-09A.Detection.Pval	TARGET-10-PASZEW-09A.Detection.Pval	TARGET-ALL-P3	EPIC	idat_sample_sheet_TARGET-ALL-P3__EPIC_beta.txt	0.0
TARGET-15-SJMPAL016448-09A.Detection.Pval	TARGET-15-SJMPAL016448-09A.Detection.Pval	TARGET-ALL-P3	EPIC	idat_sample_sheet_TARGET-ALL-P3__EPIC_beta.txt	0.0
TARGET-10-SJBALL004182-09A.2.Detection.Pval	TARGET-10-SJBALL004182-09A.2.Detection.Pval	TARGET-ALL-P3	EPIC	idat_sample_sheet_TARGET-ALL-P3__EPIC_beta.txt	0.0
TARGET-10-PAPGPJ-09A.Detection.Pval	TARGET-10-PAPGPJ-09A.Detection.Pval	TARGET-ALL-P3	EPIC	idat_sample_sheet_TARGET-ALL-P3__EPIC_beta.txt	0.0
TARGET-10-PATCNI-09A.Detection.Pval	TARGET-10-PATCNI-09A.Detection.Pval	TARGET-ALL-P3	EPIC	idat_sample_sheet_TARGET-ALL-P3__EPIC_beta.txt	0.0
TARGET-15-SJMPAL046471-09A.Detection.Pval	TARGET-15-SJMPAL046471-09A.Detection.Pval	TARGET-ALL-P3	EPIC	idat_sample_sheet_TARGET-ALL-P3__EPIC_beta.txt	0.0
TARGET-10-SJBALL021816-09A.Detection.Pval	TARGET-10-SJBALL021816-09A.Detection.Pval	TARGET-ALL-P3	EPIC	idat_sample_sheet_TARGET-ALL-P3__EPIC_beta.txt	0.0
TARGET-15-SJMPAL016343-09A.Detection.Pval	TARGET-15-SJMPAL016343-09A.Detection.Pval	TARGET-ALL-P3	EPIC	idat_sample_sheet_TARGET-ALL-P3__EPIC_beta.txt	0.0
TARGET-15-SJMPAL046470-09A.2.Detection.Pval	TARGET-15-SJMPAL046470-09A.2.Detection.Pval	TARGET-ALL-P3	EPIC	idat_sample_sheet_TARGET-ALL-P3__EPIC_beta.txt	0.0
TARGET-00-SJNORM016314-17A.4.Detection.Pval	TARGET-00-SJNORM016314-17A.4.Detection.Pval	TARGET-ALL-P3	EPIC	idat_sample_sheet_TARGET-ALL-P3__EPIC_beta.txt	0.0
TARGET-00-SJNORM018231-17A.2.Detection.Pval	TARGET-00-SJNORM018231-17A.2.Detection.Pval	TARGET-ALL-P3	EPIC	idat_sample_sheet_TARGET-ALL-P3__EPIC_beta.txt	0.0
TARGET-10-PARPYJ-09A.Detection.Pval	TARGET-10-PARPYJ-09A.Detection.Pval	TARGET-ALL-P3	EPIC	idat_sample_sheet_TARGET-ALL-P3__EPIC_beta.txt	0.0
TARGET-20-SJAML045738-09A.Detection.Pval	TARGET-20-SJAML045738-09A.Detection.Pval	TARGET-ALL-P3	EPIC	idat_sample_sheet_TARGET-ALL-P3__EPIC_beta.txt	0.0
TARGET-10-PAPHGD-09A.Detection.Pval	TARGET-10-PAPHGD-09A.Detection.Pval	TARGET-ALL-P3	EPIC	idat_sample_sheet_TARGET-ALL-P3__EPIC_beta.txt	0.0
TARGET-15-SJMPAL012424-03A.1.Detection.Pval	TARGET-15-SJMPAL012424-03A.1.Detection.Pval	TARGET-ALL-P3	EPIC	idat_sample_sheet_TARGET-ALL-P3__EPIC_beta.txt	0.0
TARGET-15-SJMPAL046467-09A.Detection.Pval	TARGET-15-SJMPAL046467-09A.Detection.Pval	TARGET-ALL-P3	EPIC	idat_sample_sheet_TARGET-ALL-P3__EPIC_beta.txt	0.0
TARGET-15-SJMPAL012418-09A.1.Detection.Pval	TARGET-15-SJMPAL012418-09A.1.Detection.Pval	TARGET-ALL-P3	EPIC	idat_sample_sheet_TARGET-ALL-P3__EPIC_beta.txt	0.0
TARGET-00-SJNORM054698-14A.1.Detection.Pval	TARGET-00-SJNORM054698-14A.1.Detection.Pval	TARGET-ALL-P3	EPIC	idat_sample_sheet_TARGET-ALL-P3__EPIC_beta.txt	0.0
TARGET-15-SJMPAL040037-09A.4.Detection.Pval	TARGET-15-SJMPAL040037-09A.4.Detection.Pval	TARGET-ALL-P3	EPIC	idat_sample_sheet_TARGET-ALL-P3__EPIC_beta.txt	0.0
TARGET-20-SJAML045742-09A.Detection.Pval	TARGET-20-SJAML045742-09A.Detection.Pval	TARGET-ALL-P3	EPIC	idat_sample_sheet_TARGET-ALL-P3__EPIC_beta.txt	0.0
TARGET-10-PATKVD-09A.Detection.Pval	TARGET-10-PATKVD-09A.Detection.Pval	TARGET-ALL-P3	EPIC	idat_sample_sheet_TARGET-ALL-P3__EPIC_beta.txt	0.0
TARGET-00-SJNORM016314-17A.3.Detection.Pval	TARGET-00-SJNORM016314-17A.3.Detection.Pval	TARGET-ALL-P3	EPIC	idat_sample_sheet_TARGET-ALL-P3__EPIC_beta.txt	0.0
TARGET-15-SJMPAL040024-09A.1.Detection.Pval	TARGET-15-SJMPAL040024-09A.1.Detection.Pval	TARGET-ALL-P3	EPIC	idat_sample_sheet_TARGET-ALL-P3__EPIC_beta.txt	0.0
TARGET-10-SJALL040058-09A.Detection.Pval	TARGET-10-SJALL040058-09A.Detection.Pval	TARGET-ALL-P3	EPIC	idat_sample_sheet_TARGET-ALL-P3__EPIC_beta.txt	0.0
TARGET-10-PASNTZ-09A.Detection.Pval	TARGET-10-PASNTZ-09A.Detection.Pval	TARGET-ALL-P3	EPIC	idat_sample_sheet_TARGET-ALL-P3__EPIC_beta.txt	0.0
TARGET-00-SJNORM016096-14A.1.Detection.Pval	TARGET-00-SJNORM016096-14A.1.Detection.Pval	TARGET-ALL-P3	EPIC	idat_sample_sheet_TARGET-ALL-P3__EPIC_beta.txt	0.0
TARGET-10-PARXMV-03A.Detection.Pval	TARGET-10-PARXMV-03A.Detection.Pval	TARGET-ALL-P3	EPIC	idat_sample_sheet_TARGET-ALL-P3__EPIC_beta.txt	0.0
TARGET-10-PASRCV-09A.Detection.Pval	TARGET-10-PASRCV-09A.Detection.Pval	TARGET-ALL-P3	EPIC	idat_sample_sheet_TARGET-ALL-P3__EPIC_beta.txt	0.0
TARGET-15-SJMPAL016343-04A.1.Detection.Pval	TARGET-15-SJMPAL016343-04A.1.Detection.Pval	TARGET-ALL-P3	EPIC	idat_sample_sheet_TARGET-ALL-P3__EPIC_beta.txt	0.0
TARGET-10-SJBALL004182-09A.1.Detection.Pval	TARGET-10-SJBALL004182-09A.1.Detection.Pval	TARGET-ALL-P3	EPIC	idat_sample_sheet_TARGET-ALL-P3__EPIC_beta.txt	0.0
TARGET-10-PARUEU-09A.Detection.Pval	TARGET-10-PARUEU-09A.Detection.Pval	TARGET-ALL-P3	EPIC	idat_sample_sheet_TARGET-ALL-P3__EPIC_beta.txt	0.0
TARGET-10-PATALJ-09A.Detection.Pval	TARGET-10-PATALJ-09A.Detection.Pval	TARGET-ALL-P3	EPIC	idat_sample_sheet_TARGET-ALL-P3__EPIC_beta.txt	0.0
TARGET-10-PAPEZX-09A.Detection.Pval	TARGET-10-PAPEZX-09A.Detection.Pval	TARGET-ALL-P3	EPIC	idat_sample_sheet_TARGET-ALL-P3__EPIC_beta.txt	0.0
TARGET-15-SJMPAL012418-09A.3.Detection.Pval	TARGET-15-SJMPAL012418-09A.3.Detection.Pval	TARGET-ALL-P3	EPIC	idat_sample_sheet_TARGET-ALL-P3__EPIC_beta.txt	0.0
TARGET-10-PASZJW-03A.Detection.Pval	TARGET-10-PASZJW-03A.Detection.Pval	TARGET-ALL-P3	EPIC	idat_sample_sheet_TARGET-ALL-P3__EPIC_beta.txt	0.0
TARGET-15-SJMPAL012419-09A.1.Detection.Pval	TARGET-15-SJMPAL012419-09A.1.Detection.Pval	TARGET-ALL-P3	EPIC	idat_sample_sheet_TARGET-ALL-P3__EPIC_beta.txt	0.0
TARGET-20-SJAML045737-09A.Detection.Pval	TARGET-20-SJAML045737-09A.Detection.Pval	TARGET-ALL-P3	EPIC	idat_sample_sheet_TARGET-ALL-P3__EPIC_beta.txt	0.0
TARGET-15-SJMPAL016447-09A.3.Detection.Pval	TARGET-15-SJMPAL016447-09A.3.Detection.Pval	TARGET-ALL-P3	EPIC	idat_sample_sheet_TARGET-ALL-P3__EPIC_beta.txt	0.0
TARGET-10-PARTBP-09A.Detection.Pval	TARGET-10-PARTBP-09A.Detection.Pval	TARGET-ALL-P3	EPIC	idat_sample_sheet_TARGET-ALL-P3__EPIC_beta.txt	0.0
TARGET-15-SJMPAL012425-09A.2.Detection.Pval	TARGET-15-SJMPAL012425-09A.2.Detection.Pval	TARGET-ALL-P3	EPIC	idat_sample_sheet_TARGET-ALL-P3__EPIC_beta.txt	0.0
TARGET-10-SJBALL004182-09A.Detection.Pval	TARGET-10-SJBALL004182-09A.Detection.Pval	TARGET-ALL-P3	EPIC	idat_sample_sheet_TARGET-ALL-P3__EPIC_beta.txt	0.0
TARGET-10-PAPAJU-09A.Detection.Pval	TARGET-10-PAPAJU-09A.Detection.Pval	TARGET-ALL-P3	EPIC	idat_sample_sheet_TARGET-ALL-P3__EPIC_beta.txt	0.0
TARGET-15-SJMPAL046471-09A.1.Detection.Pval	TARGET-15-SJMPAL046471-09A.1.Detection.Pval	TARGET-ALL-P3	EPIC	idat_sample_sheet_TARGET-ALL-P3__EPIC_beta.txt	0.0
TARGET-10-PASJLN-09A.Detection.Pval	TARGET-10-PASJLN-09A.Detection.Pval	TARGET-ALL-P3	EPIC	idat_sample_sheet_TARGET-ALL-P3__EPIC_beta.txt	0.0
TARGET-10-PANWPI-09A.Detection.Pval	TARGET-10-PANWPI-09A.Detection.Pval	TARGET-ALL-P3	EPIC	idat_sample_sheet_TARGET-ALL-P3__EPIC_beta.txt	0.0
TARGET-00-SJNORM018231-17A.3.Detection.Pval	TARGET-00-SJNORM018231-17A.3.Detection.Pval	TARGET-ALL-P3	EPIC	idat_sample_sheet_TARGET-ALL-P3__EPIC_beta.txt	0.0
TARGET-10-PAPDAU-09A.Detection.Pval	TARGET-10-PAPDAU-09A.Detection.Pval	TARGET-ALL-P3	EPIC	idat_sample_sheet_TARGET-ALL-P3__EPIC_beta.txt	0.0
TARGET-10-SJBALL014594-03A.Detection.Pval	TARGET-10-SJBALL014594-03A.Detection.Pval	TARGET-ALL-P3	EPIC	idat_sample_sheet_TARGET-ALL-P3__EPIC_beta.txt	0.0
TARGET-10-PATFWF-09A.Detection.Pval	TARGET-10-PATFWF-09A.Detection.Pval	TARGET-ALL-P3	EPIC	idat_sample_sheet_TARGET-ALL-P3__EPIC_beta.txt	0.0
TARGET-52-PARECB-01A	TARGET-52-PARECB-01A.Ave_Beta	TARGET-RT	EPIC	idat_sample_sheet_TARGET-RT__EPIC_beta.txt	0.0
TARGET-52-PASVDP-01A	TARGET-52-PASVDP-01A.Ave_Beta	TARGET-RT	EPIC	idat_sample_sheet_TARGET-RT__EPIC_beta.txt	0.0
TARGET-52-PAUFVP-01A	TARGET-52-PAUFVP-01A.Ave_Beta	TARGET-RT	EPIC	idat_sample_sheet_TARGET-RT__EPIC_beta.txt	0.0
TARGET-52-PATAFT-01A	TARGET-52-PATAFT-01A.Ave_Beta	TARGET-RT	EPIC	idat_sample_sheet_TARGET-RT__EPIC_beta.txt	0.0
TARGET-52-PAWFWK-01A	TARGET-52-PAWFWK-01A.Ave_Beta	TARGET-RT	EPIC	idat_sample_sheet_TARGET-RT__EPIC_beta.txt	0.0
TARGET-52-PARTKH-01A	TARGET-52-PARTKH-01A.Ave_Beta	TARGET-RT	EPIC	idat_sample_sheet_TARGET-RT__EPIC_beta.txt	0.0
TARGET-52-PAKHTL-01A	TARGET-52-PAKHTL-01A.Ave_Beta	TARGET-RT	EPIC	idat_sample_sheet_TARGET-RT__EPIC_beta.txt	0.0
TARGET-52-PADWRZ-01A	TARGET-52-PADWRZ-01A.Ave_Beta	TARGET-RT	EPIC	idat_sample_sheet_TARGET-RT__EPIC_beta.txt	0.0
TARGET-52-PATENH-01A	TARGET-52-PATENH-01A.Ave_Beta	TARGET-RT	EPIC	idat_sample_sheet_TARGET-RT__EPIC_beta.txt	0.0
TARGET-52-PAVDPR-01A	TARGET-52-PAVDPR-01A.Ave_Beta	TARGET-RT	EPIC	idat_sample_sheet_TARGET-RT__EPIC_beta.txt	0.0
TARGET-52-PABKLN-01A	TARGET-52-PABKLN-01A.Ave_Beta	TARGET-RT	EPIC	idat_sample_sheet_TARGET-RT__EPIC_beta.txt	0.0
TARGET-52-PAVCKS-01A	TARGET-52-PAVCKS-01A.Ave_Beta	TARGET-RT	EPIC	idat_sample_sheet_TARGET-RT__EPIC_beta.txt	0.0
TARGET-52-PASXNA-01A	TARGET-52-PASXNA-01A.Ave_Beta	TARGET-RT	EPIC	idat_sample_sheet_TARGET-RT__EPIC_beta.txt	0.0
TARGET-52-PASDLA-01A	TARGET-52-PASDLA-01A.Ave_Beta	TARGET-RT	EPIC	idat_sample_sheet_TARGET-RT__EPIC_beta.txt	0.0
TARGET-52-PATXKA-01A	TARGET-52-PATXKA-01A.Ave_Beta	TARGET-RT	EPIC	idat_sample_sheet_TARGET-RT__EPIC_beta.txt	0.0
TARGET-52-PARRCL-01A	TARGET-52-PARRCL-01A.Ave_Beta	TARGET-RT	EPIC	idat_sample_sheet_TARGET-RT__EPIC_beta.txt	0.0
TARGET-52-PARGRN-01A	TARGET-52-PARGRN-01A.Ave_Beta	TARGET-RT	EPIC	idat_sample_sheet_TARGET-RT__EPIC_beta.txt	0.0
TARGET-52-PADYZI-01A	TARGET-52-PADYZI-01A.Ave_Beta	TARGET-RT	EPIC	idat_sample_sheet_TARGET-RT__EPIC_beta.txt	0.0
TARGET-52-PASYNF-01A	TARGET-52-PASYNF-01A.Ave_Beta	TARGET-RT	EPIC	idat_sample_sheet_TARGET-RT__EPIC_beta.txt	0.0
TARGET-52-PAVYKD-01A	TARGET-52-PAVYKD-01A.Ave_Beta	TARGET-RT	EPIC	idat_sample_sheet_TARGET-RT__EPIC_beta.txt	0.0
TARGET-52-PAJMRB-01A	TARGET-52-PAJMRB-01A.Ave_Beta	TARGET-RT	EPIC	idat_sample_sheet_TARGET-RT__EPIC_beta.txt	0.0
TARGET-52-PAVVIT-01A	TARGET-52-PAVVIT-01A.Ave_Beta	TARGET-RT	EPIC	idat_sample_sheet_TARGET-RT__EPIC_beta.txt	0.0
TARGET-52-PATYUA-01A	TARGET-52-PATYUA-01A.Ave_Beta	TARGET-RT	EPIC	idat_sample_sheet_TARGET-RT__EPIC_beta.txt	0.0
TARGET-52-PATFZZ-01A	TARGET-52-PATFZZ-01A.Ave_Beta	TARGET-RT	EPIC	idat_sample_sheet_TARGET-RT__EPIC_beta.txt	0.0
TARGET-52-PAJLRA-01A	TARGET-52-PAJLRA-01A.Ave_Beta	TARGET-RT	EPIC	idat_sample_sheet_TARGET-RT__EPIC_beta.txt	0.0
TARGET-52-PAJNER-01A	TARGET-52-PAJNER-01A.Ave_Beta	TARGET-RT	EPIC	idat_sample_sheet_TARGET-RT__EPIC_beta.txt	0.0
TARGET-52-PARKKN-01A	TARGET-52-PARKKN-01A.Ave_Beta	TARGET-RT	EPIC	idat_sample_sheet_TARGET-RT__EPIC_beta.txt	0.0
TARGET-52-PAKPEW-01A	TARGET-52-PAKPEW-01A.Ave_Beta	TARGET-RT	EPIC	idat_sample_sheet_TARGET-RT__EPIC_beta.txt	0.0
TARGET-52-PAUDPV-01A	TARGET-52-PAUDPV-01A.Ave_Beta	TARGET-RT	EPIC	idat_sample_sheet_TARGET-RT__EPIC_beta.txt	0.0
TARGET-52-PAREWI-01A	TARGET-52-PAREWI-01A.Ave_Beta	TARGET-RT	EPIC	idat_sample_sheet_TARGET-RT__EPIC_beta.txt	0.0
TARGET-52-PAUNPA-01A	TARGET-52-PAUNPA-01A.Ave_Beta	TARGET-RT	EPIC	idat_sample_sheet_TARGET-RT__EPIC_beta.txt	0.0
TARGET-52-PAKLYZ-01A	TARGET-52-PAKLYZ-01A.Ave_Beta	TARGET-RT	EPIC	idat_sample_sheet_TARGET-RT__EPIC_beta.txt	0.0
TARGET-52-PASGCL-01A	TARGET-52-PASGCL-01A.Ave_Beta	TARGET-RT	EPIC	idat_sample_sheet_TARGET-RT__EPIC_beta.txt	0.0
TARGET-52-PAUCGJ-01A	TARGET-52-PAUCGJ-01A.Ave_Beta	TARGET-RT	EPIC	idat_sample_sheet_TARGET-RT__EPIC_beta.txt	0.0
TARGET-52-PASNED-01A	TARGET-52-PASNED-01A.Ave_Beta	TARGET-RT	EPIC	idat_sample_sheet_TARGET-RT__EPIC_beta.txt	0.0
TARGET-52-PARZBI-01A	TARGET-52-PARZBI-01A.Ave_Beta	TARGET-RT	EPIC	idat_sample_sheet_TARGET-RT__EPIC_beta.txt	0.0
TARGET-52-PAKTCT-01A	TARGET-52-PAKTCT-01A.Ave_Beta	TARGET-RT	EPIC	idat_sample_sheet_TARGET-RT__EPIC_beta.txt	0.0
TARGET-52-PASABD-01A	TARGET-52-PASABD-01A.Ave_Beta	TARGET-RT	EPIC	idat_sample_sheet_TARGET-RT__EPIC_beta.txt	0.0
TARGET-52-PASAMZ-01A	TARGET-52-PASAMZ-01A.Ave_Beta	TARGET-RT	EPIC	idat_sample_sheet_TARGET-RT__EPIC_beta.txt	0.0
TARGET-52-PARUGK-01A	TARGET-52-PARUGK-01A.Ave_Beta	TARGET-RT	EPIC	idat_sample_sheet_TARGET-RT__EPIC_beta.txt	0.0
TARGET-52-PAUHAZ-01A	TARGET-52-PAUHAZ-01A.Ave_Beta	TARGET-RT	EPIC	idat_sample_sheet_TARGET-RT__EPIC_beta.txt	0.0
TARGET-52-PAWDGA-01A	TARGET-52-PAWDGA-01A.Ave_Beta	TARGET-RT	EPIC	idat_sample_sheet_TARGET-RT__EPIC_beta.txt	0.0
TARGET-52-PATFXW-01A	TARGET-52-PATFXW-01A.Ave_Beta	TARGET-RT	EPIC	idat_sample_sheet_TARGET-RT__EPIC_beta.txt	0.0
TARGET-52-PAEHIP-01A	TARGET-52-PAEHIP-01A.Ave_Beta	TARGET-RT	EPIC	idat_sample_sheet_TARGET-RT__EPIC_beta.txt	0.0
TARGET-52-PASRHU-01A	TARGET-52-PASRHU-01A.Ave_Beta	TARGET-RT	EPIC	idat_sample_sheet_TARGET-RT__EPIC_beta.txt	0.0
TARGET-52-PAJNFZ-01A	TARGET-52-PAJNFZ-01A.Ave_Beta	TARGET-RT	EPIC	idat_sample_sheet_TARGET-RT__EPIC_beta.txt	0.0
TARGET-52-PAUGYZ-01A	TARGET-52-PAUGYZ-01A.Ave_Beta	TARGET-RT	EPIC	idat_sample_sheet_TARGET-RT__EPIC_beta.txt	0.0
TARGET-52-PASXGF-01A	TARGET-52-PASXGF-01A.Ave_Beta	TARGET-RT	EPIC	idat_sample_sheet_TARGET-RT__EPIC_beta.txt	0.0
TARGET-52-PASILR-01A	TARGET-52-PASILR-01A.Ave_Beta	TARGET-RT	EPIC	idat_sample_sheet_TARGET-RT__EPIC_beta.txt	0.0
TARGET-52-PARZRH-01A	TARGET-52-PARZRH-01A.Ave_Beta	TARGET-RT	EPIC	idat_sample_sheet_TARGET-RT__EPIC_beta.txt	0.0
TARGET-52-PARIRN-01A	TARGET-52-PARIRN-01A.Ave_Beta	TARGET-RT	EPIC	idat_sample_sheet_TARGET-RT__EPIC_beta.txt	0.0
TARGET-52-PARPFY-01A	TARGET-52-PARPFY-01A.Ave_Beta	TARGET-RT	EPIC	idat_sample_sheet_TARGET-RT__EPIC_beta.txt	0.0
TARGET-52-PASZYE-01A	TARGET-52-PASZYE-01A.Ave_Beta	TARGET-RT	EPIC	idat_sample_sheet_TARGET-RT__EPIC_beta.txt	0.0
TARGET-52-PASADZ-01A	TARGET-52-PASADZ-01A.Ave_Beta	TARGET-RT	EPIC	idat_sample_sheet_TARGET-RT__EPIC_beta.txt	0.0
TARGET-52-PATBLF-01A	TARGET-52-PATBLF-01A.Ave_Beta	TARGET-RT	EPIC	idat_sample_sheet_TARGET-RT__EPIC_beta.txt	0.0
TARGET-52-PAJLWM-01A	TARGET-52-PAJLWM-01A.Ave_Beta	TARGET-RT	EPIC	idat_sample_sheet_TARGET-RT__EPIC_beta.txt	0.0
TARGET-52-PAWFBL-01A	TARGET-52-PAWFBL-01A.Ave_Beta	TARGET-RT	EPIC	idat_sample_sheet_TARGET-RT__EPIC_beta.txt	0.0
TARGET-52-PAJPHJ-01A	TARGET-52-PAJPHJ-01A.Ave_Beta	TARGET-RT	EPIC	idat_sample_sheet_TARGET-RT__EPIC_beta.txt	0.0
TARGET-52-PASGGN-01A	TARGET-52-PASGGN-01A.Ave_Beta	TARGET-RT	EPIC	idat_sample_sheet_TARGET-RT__EPIC_beta.txt	0.0
TARGET-52-PASWZZ-01A	TARGET-52-PASWZZ-01A.Ave_Beta	TARGET-RT	EPIC	idat_sample_sheet_TARGET-RT__EPIC_beta.txt	0.0
TARGET-52-PAJMBW-01A	TARGET-52-PAJMBW-01A.Ave_Beta	TARGET-RT	EPIC	idat_sample_sheet_TARGET-RT__EPIC_beta.txt	0.0
TARGET-52-PAVYDM-01A	TARGET-52-PAVYDM-01A.Ave_Beta	TARGET-RT	EPIC	idat_sample_sheet_TARGET-RT__EPIC_beta.txt	0.0
TARGET-52-PASCDH-01A	TARGET-52-PASCDH-01A.Ave_Beta	TARGET-RT	EPIC	idat_sample_sheet_TARGET-RT__EPIC_beta.txt	0.0
TARGET-52-PAJNFP-01A	TARGET-52-PAJNFP-01A.Ave_Beta	TARGET-RT	EPIC	idat_sample_sheet_TARGET-RT__EPIC_beta.txt	0.0
TARGET-52-PATXEE-01A	TARGET-52-PATXEE-01A.Ave_Beta	TARGET-RT	EPIC	idat_sample_sheet_TARGET-RT__EPIC_beta.txt	0.0
TARGET-52-PAVITI-01A	TARGET-52-PAVITI-01A.Ave_Beta	TARGET-RT	EPIC	idat_sample_sheet_TARGET-RT__EPIC_beta.txt	0.0
TARGET-52-PATDVL-01A	TARGET-52-PATDVL-01A.Ave_Beta	TARGET-RT	EPIC	idat_sample_sheet_TARGET-RT__EPIC_beta.txt	0.0
TARGET-52-PAUEKW-01A	TARGET-52-PAUEKW-01A.Ave_Beta	TARGET-RT	EPIC	idat_sample_sheet_TARGET-RT__EPIC_beta.txt	0.0
TARGET-52-PARECB-01A.Detection.Pval	TARGET-52-PARECB-01A.Detection.Pval	TARGET-RT	EPIC	idat_sample_sheet_TARGET-RT__EPIC_beta.txt	0.0
TARGET-52-PASVDP-01A.Detection.Pval	TARGET-52-PASVDP-01A.Detection.Pval	TARGET-RT	EPIC	idat_sample_sheet_TARGET-RT__EPIC_beta.txt	0.0
TARGET-52-PAUFVP-01A.Detection.Pval	TARGET-52-PAUFVP-01A.Detection.Pval	TARGET-RT	EPIC	idat_sample_sheet_TARGET-RT__EPIC_beta.txt	0.0
TARGET-52-PATAFT-01A.Detection.Pval	TARGET-52-PATAFT-01A.Detection.Pval	TARGET-RT	EPIC	idat_sample_sheet_TARGET-RT__EPIC_beta.txt	0.0
TARGET-52-PAWFWK-01A.Detection.Pval	TARGET-52-PAWFWK-01A.Detection.Pval	TARGET-RT	EPIC	idat_sample_sheet_TARGET-RT__EPIC_beta.txt	0.0
TARGET-52-PARTKH-01A.Detection.Pval	TARGET-52-PARTKH-01A.Detection.Pval	TARGET-RT	EPIC	idat_sample_sheet_TARGET-RT__EPIC_beta.txt	0.0
TARGET-52-PAKHTL-01A.Detection.Pval	TARGET-52-PAKHTL-01A.Detection.Pval	TARGET-RT	EPIC	idat_sample_sheet_TARGET-RT__EPIC_beta.txt	0.0
TARGET-52-PADWRZ-01A.Detection.Pval	TARGET-52-PADWRZ-01A.Detection.Pval	TARGET-RT	EPIC	idat_sample_sheet_TARGET-RT__EPIC_beta.txt	0.0
TARGET-52-PATENH-01A.Detection.Pval	TARGET-52-PATENH-01A.Detection.Pval	TARGET-RT	EPIC	idat_sample_sheet_TARGET-RT__EPIC_beta.txt	0.0
TARGET-52-PAVDPR-01A.Detection.Pval	TARGET-52-PAVDPR-01A.Detection.Pval	TARGET-RT	EPIC	idat_sample_sheet_TARGET-RT__EPIC_beta.txt	0.0
TARGET-52-PABKLN-01A.Detection.Pval	TARGET-52-PABKLN-01A.Detection.Pval	TARGET-RT	EPIC	idat_sample_sheet_TARGET-RT__EPIC_beta.txt	0.0
TARGET-52-PAVCKS-01A.Detection.Pval	TARGET-52-PAVCKS-01A.Detection.Pval	TARGET-RT	EPIC	idat_sample_sheet_TARGET-RT__EPIC_beta.txt	0.0
TARGET-52-PASXNA-01A.Detection.Pval	TARGET-52-PASXNA-01A.Detection.Pval	TARGET-RT	EPIC	idat_sample_sheet_TARGET-RT__EPIC_beta.txt	0.0
TARGET-52-PASDLA-01A.Detection.Pval	TARGET-52-PASDLA-01A.Detection.Pval	TARGET-RT	EPIC	idat_sample_sheet_TARGET-RT__EPIC_beta.txt	0.0
TARGET-52-PATXKA-01A.Detection.Pval	TARGET-52-PATXKA-01A.Detection.Pval	TARGET-RT	EPIC	idat_sample_sheet_TARGET-RT__EPIC_beta.txt	0.0
TARGET-52-PARRCL-01A.Detection.Pval	TARGET-52-PARRCL-01A.Detection.Pval	TARGET-RT	EPIC	idat_sample_sheet_TARGET-RT__EPIC_beta.txt	0.0
TARGET-52-PARGRN-01A.Detection.Pval	TARGET-52-PARGRN-01A.Detection.Pval	TARGET-RT	EPIC	idat_sample_sheet_TARGET-RT__EPIC_beta.txt	0.0
TARGET-52-PADYZI-01A.Detection.Pval	TARGET-52-PADYZI-01A.Detection.Pval	TARGET-RT	EPIC	idat_sample_sheet_TARGET-RT__EPIC_beta.txt	0.0
TARGET-52-PASYNF-01A.Detection.Pval	TARGET-52-PASYNF-01A.Detection.Pval	TARGET-RT	EPIC	idat_sample_sheet_TARGET-RT__EPIC_beta.txt	0.0
TARGET-52-PAVYKD-01A.Detection.Pval	TARGET-52-PAVYKD-01A.Detection.Pval	TARGET-RT	EPIC	idat_sample_sheet_TARGET-RT__EPIC_beta.txt	0.0
TARGET-52-PAJMRB-01A.Detection.Pval	TARGET-52-PAJMRB-01A.Detection.Pval	TARGET-RT	EPIC	idat_sample_sheet_TARGET-RT__EPIC_beta.txt	0.0
TARGET-52-PAVVIT-01A.Detection.Pval	TARGET-52-PAVVIT-01A.Detection.Pval	TARGET-RT	EPIC	idat_sample_sheet_TARGET-RT__EPIC_beta.txt	0.0
TARGET-52-PATYUA-01A.Detection.Pval	TARGET-52-PATYUA-01A.Detection.Pval	TARGET-RT	EPIC	idat_sample_sheet_TARGET-RT__EPIC_beta.txt	0.0
TARGET-52-PATFZZ-01A.Detection.Pval	TARGET-52-PATFZZ-01A.Detection.Pval	TARGET-RT	EPIC	idat_sample_sheet_TARGET-RT__EPIC_beta.txt	0.0
TARGET-52-PAJLRA-01A.Detection.Pval	TARGET-52-PAJLRA-01A.Detection.Pval	TARGET-RT	EPIC	idat_sample_sheet_TARGET-RT__EPIC_beta.txt	0.0
TARGET-52-PAJNER-01A.Detection.Pval	TARGET-52-PAJNER-01A.Detection.Pval	TARGET-RT	EPIC	idat_sample_sheet_TARGET-RT__EPIC_beta.txt	0.0
TARGET-52-PARKKN-01A.Detection.Pval	TARGET-52-PARKKN-01A.Detection.Pval	TARGET-RT	EPIC	idat_sample_sheet_TARGET-RT__EPIC_beta.txt	0.0
TARGET-52-PAKPEW-01A.Detection.Pval	TARGET-52-PAKPEW-01A.Detection.Pval	TARGET-RT	EPIC	idat_sample_sheet_TARGET-RT__EPIC_beta.txt	0.0
TARGET-52-PAUDPV-01A.Detection.Pval	TARGET-52-PAUDPV-01A.Detection.Pval	TARGET-RT	EPIC	idat_sample_sheet_TARGET-RT__EPIC_beta.txt	0.0
TARGET-52-PAREWI-01A.Detection.Pval	TARGET-52-PAREWI-01A.Detection.Pval	TARGET-RT	EPIC	idat_sample_sheet_TARGET-RT__EPIC_beta.txt	0.0
TARGET-52-PAUNPA-01A.Detection.Pval	TARGET-52-PAUNPA-01A.Detection.Pval	TARGET-RT	EPIC	idat_sample_sheet_TARGET-RT__EPIC_beta.txt	0.0
TARGET-52-PAKLYZ-01A.Detection.Pval	TARGET-52-PAKLYZ-01A.Detection.Pval	TARGET-RT	EPIC	idat_sample_sheet_TARGET-RT__EPIC_beta.txt	0.0
TARGET-52-PASGCL-01A.Detection.Pval	TARGET-52-PASGCL-01A.Detection.Pval	TARGET-RT	EPIC	idat_sample_sheet_TARGET-RT__EPIC_beta.txt	0.0
TARGET-52-PAUCGJ-01A.Detection.Pval	TARGET-52-PAUCGJ-01A.Detection.Pval	TARGET-RT	EPIC	idat_sample_sheet_TARGET-RT__EPIC_beta.txt	0.0
TARGET-52-PASNED-01A.Detection.Pval	TARGET-52-PASNED-01A.Detection.Pval	TARGET-RT	EPIC	idat_sample_sheet_TARGET-RT__EPIC_beta.txt	0.0
TARGET-52-PARZBI-01A.Detection.Pval	TARGET-52-PARZBI-01A.Detection.Pval	TARGET-RT	EPIC	idat_sample_sheet_TARGET-RT__EPIC_beta.txt	0.0
TARGET-52-PAKTCT-01A.Detection.Pval	TARGET-52-PAKTCT-01A.Detection.Pval	TARGET-RT	EPIC	idat_sample_sheet_TARGET-RT__EPIC_beta.txt	0.0
TARGET-52-PASABD-01A.Detection.Pval	TARGET-52-PASABD-01A.Detection.Pval	TARGET-RT	EPIC	idat_sample_sheet_TARGET-RT__EPIC_beta.txt	0.0
TARGET-52-PASAMZ-01A.Detection.Pval	TARGET-52-PASAMZ-01A.Detection.Pval	TARGET-RT	EPIC	idat_sample_sheet_TARGET-RT__EPIC_beta.txt	0.0
TARGET-52-PARUGK-01A.Detection.Pval	TARGET-52-PARUGK-01A.Detection.Pval	TARGET-RT	EPIC	idat_sample_sheet_TARGET-RT__EPIC_beta.txt	0.0
TARGET-52-PAUHAZ-01A.Detection.Pval	TARGET-52-PAUHAZ-01A.Detection.Pval	TARGET-RT	EPIC	idat_sample_sheet_TARGET-RT__EPIC_beta.txt	0.0
TARGET-52-PAWDGA-01A.Detection.Pval	TARGET-52-PAWDGA-01A.Detection.Pval	TARGET-RT	EPIC	idat_sample_sheet_TARGET-RT__EPIC_beta.txt	0.0
TARGET-52-PATFXW-01A.Detection.Pval	TARGET-52-PATFXW-01A.Detection.Pval	TARGET-RT	EPIC	idat_sample_sheet_TARGET-RT__EPIC_beta.txt	0.0
TARGET-52-PAEHIP-01A.Detection.Pval	TARGET-52-PAEHIP-01A.Detection.Pval	TARGET-RT	EPIC	idat_sample_sheet_TARGET-RT__EPIC_beta.txt	0.0
TARGET-52-PASRHU-01A.Detection.Pval	TARGET-52-PASRHU-01A.Detection.Pval	TARGET-RT	EPIC	idat_sample_sheet_TARGET-RT__EPIC_beta.txt	0.0
TARGET-52-PAJNFZ-01A.Detection.Pval	TARGET-52-PAJNFZ-01A.Detection.Pval	TARGET-RT	EPIC	idat_sample_sheet_TARGET-RT__EPIC_beta.txt	0.0
TARGET-52-PAUGYZ-01A.Detection.Pval	TARGET-52-PAUGYZ-01A.Detection.Pval	TARGET-RT	EPIC	idat_sample_sheet_TARGET-RT__EPIC_beta.txt	0.0
TARGET-52-PASXGF-01A.Detection.Pval	TARGET-52-PASXGF-01A.Detection.Pval	TARGET-RT	EPIC	idat_sample_sheet_TARGET-RT__EPIC_beta.txt	0.0
TARGET-52-PASILR-01A.Detection.Pval	TARGET-52-PASILR-01A.Detection.Pval	TARGET-RT	EPIC	idat_sample_sheet_TARGET-RT__EPIC_beta.txt	0.0
TARGET-52-PARZRH-01A.Detection.Pval	TARGET-52-PARZRH-01A.Detection.Pval	TARGET-RT	EPIC	idat_sample_sheet_TARGET-RT__EPIC_beta.txt	0.0
TARGET-52-PARIRN-01A.Detection.Pval	TARGET-52-PARIRN-01A.Detection.Pval	TARGET-RT	EPIC	idat_sample_sheet_TARGET-RT__EPIC_beta.txt	0.0
TARGET-52-PARPFY-01A.Detection.Pval	TARGET-52-PARPFY-01A.Detection.Pval	TARGET-RT	EPIC	idat_sample_sheet_TARGET-RT__EPIC_beta.txt	0.0
TARGET-52-PASZYE-01A.Detection.Pval	TARGET-52-PASZYE-01A.Detection.Pval	TARGET-RT	EPIC	idat_sample_sheet_TARGET-RT__EPIC_beta.txt	0.0
TARGET-52-PASADZ-01A.Detection.Pval	TARGET-52-PASADZ-01A.Detection.Pval	TARGET-RT	EPIC	idat_sample_sheet_TARGET-RT__EPIC_beta.txt	0.0
TARGET-52-PATBLF-01A.Detection.Pval	TARGET-52-PATBLF-01A.Detection.Pval	TARGET-RT	EPIC	idat_sample_sheet_TARGET-RT__EPIC_beta.txt	0.0
TARGET-52-PAJLWM-01A.Detection.Pval	TARGET-52-PAJLWM-01A.Detection.Pval	TARGET-RT	EPIC	idat_sample_sheet_TARGET-RT__EPIC_beta.txt	0.0
TARGET-52-PAWFBL-01A.Detection.Pval	TARGET-52-PAWFBL-01A.Detection.Pval	TARGET-RT	EPIC	idat_sample_sheet_TARGET-RT__EPIC_beta.txt	0.0
TARGET-52-PAJPHJ-01A.Detection.Pval	TARGET-52-PAJPHJ-01A.Detection.Pval	TARGET-RT	EPIC	idat_sample_sheet_TARGET-RT__EPIC_beta.txt	0.0
TARGET-52-PASGGN-01A.Detection.Pval	TARGET-52-PASGGN-01A.Detection.Pval	TARGET-RT	EPIC	idat_sample_sheet_TARGET-RT__EPIC_beta.txt	0.0
TARGET-52-PASWZZ-01A.Detection.Pval	TARGET-52-PASWZZ-01A.Detection.Pval	TARGET-RT	EPIC	idat_sample_sheet_TARGET-RT__EPIC_beta.txt	0.0
TARGET-52-PAJMBW-01A.Detection.Pval	TARGET-52-PAJMBW-01A.Detection.Pval	TARGET-RT	EPIC	idat_sample_sheet_TARGET-RT__EPIC_beta.txt	0.0
TARGET-52-PAVYDM-01A.Detection.Pval	TARGET-52-PAVYDM-01A.Detection.Pval	TARGET-RT	EPIC	idat_sample_sheet_TARGET-RT__EPIC_beta.txt	0.0
TARGET-52-PASCDH-01A.Detection.Pval	TARGET-52-PASCDH-01A.Detection.Pval	TARGET-RT	EPIC	idat_sample_sheet_TARGET-RT__EPIC_beta.txt	0.0
TARGET-52-PAJNFP-01A.Detection.Pval	TARGET-52-PAJNFP-01A.Detection.Pval	TARGET-RT	EPIC	idat_sample_sheet_TARGET-RT__EPIC_beta.txt	0.0
TARGET-52-PATXEE-01A.Detection.Pval	TARGET-52-PATXEE-01A.Detection.Pval	TARGET-RT	EPIC	idat_sample_sheet_TARGET-RT__EPIC_beta.txt	0.0
TARGET-52-PAVITI-01A.Detection.Pval	TARGET-52-PAVITI-01A.Detection.Pval	TARGET-RT	EPIC	idat_sample_sheet_TARGET-RT__EPIC_beta.txt	0.0
TARGET-52-PATDVL-01A.Detection.Pval	TARGET-52-PATDVL-01A.Detection.Pval	TARGET-RT	EPIC	idat_sample_sheet_TARGET-RT__EPIC_beta.txt	0.0
TARGET-52-PAUEKW-01A.Detection.Pval	TARGET-52-PAUEKW-01A.Detection.Pval	TARGET-RT	EPIC	idat_sample_sheet_TARGET-RT__EPIC_beta.txt	0.0
