sample_id	original_column	file_project	platform	source_file	missing_fraction	UMAP1	UMAP2
TARGET-20-SJAML045739-09A	TARGET-20-SJAML045739-09A.Ave_Beta	TARGET-ALL-P3	EPIC	idat_sample_sheet_TARGET-ALL-P3__EPIC_beta.txt	0.0	12.242087	2.8704565
TARGET-00-SJNORM018231-17A.5	TARGET-00-SJNORM018231-17A.5.Ave_Beta	TARGET-ALL-P3	EPIC	idat_sample_sheet_TARGET-ALL-P3__EPIC_beta.txt	0.0	13.492075	1.8119742
TARGET-10-PANYHW-09A	TARGET-10-PANYHW-09A.Ave_Beta	TARGET-ALL-P3	EPIC	idat_sample_sheet_TARGET-ALL-P3__EPIC_beta.txt	0.0	12.572845	2.528538
TARGET-00-SJNORM016096-14A.4	TARGET-00-SJNORM016096-14A.4.Ave_Beta	TARGET-ALL-P3	EPIC	idat_sample_sheet_TARGET-ALL-P3__EPIC_beta.txt	0.0	12.835068	2.1424518
TARGET-10-PAPGMC-09A	TARGET-10-PAPGMC-09A.Ave_Beta	TARGET-ALL-P3	EPIC	idat_sample_sheet_TARGET-ALL-P3__EPIC_beta.txt	0.0	12.710237	2.2371054
TARGET-15-SJMPAL012427-09A	TARGET-15-SJMPAL012427-09A.Ave_Beta	TARGET-ALL-P3	EPIC	idat_sample_sheet_TARGET-ALL-P3__EPIC_beta.txt	0.0	11.021628	1.8676088
TARGET-20-SJAML016570-09A	TARGET-20-SJAML016570-09A.Ave_Beta	TARGET-ALL-P3	EPIC	idat_sample_sheet_TARGET-ALL-P3__EPIC_beta.txt	0.0	12.056941	2.8845139
TARGET-10-PATGYH-09A	TARGET-10-PATGYH-09A.Ave_Beta	TARGET-ALL-P3	EPIC	idat_sample_sheet_TARGET-ALL-P3__EPIC_beta.txt	0.0	12.481616	3.6152873
TARGET-10-PATBGC-09A	TARGET-10-PATBGC-09A.Ave_Beta	TARGET-ALL-P3	EPIC	idat_sample_sheet_TARGET-ALL-P3__EPIC_beta.txt	0.0	12.881332	2.266854
TARGET-20-SJAML003322-09A	TARGET-20-SJAML003322-09A.Ave_Beta	TARGET-ALL-P3	EPIC	idat_sample_sheet_TARGET-ALL-P3__EPIC_beta.txt	0.0	11.725771	2.36077
TARGET-20-SJAML045736-09A	TARGET-20-SJAML045736-09A.Ave_Beta	TARGET-ALL-P3	EPIC	idat_sample_sheet_TARGET-ALL-P3__EPIC_beta.txt	0.0	11.472463	2.4032013
TARGET-10-PAPDCR-09A	TARGET-10-PAPDCR-09A.Ave_Beta	TARGET-ALL-P3	EPIC	idat_sample_sheet_TARGET-ALL-P3__EPIC_beta.txt	0.0	11.88499	2.6018627
TARGET-15-SJMPAL012422-09A	TARGET-15-SJMPAL012422-09A.Ave_Beta	TARGET-ALL-P3	EPIC	idat_sample_sheet_TARGET-ALL-P3__EPIC_beta.txt	0.0	11.177692	1.8625708
TARGET-20-SJAML045735-09A	TARGET-20-SJAML045735-09A.Ave_Beta	TARGET-ALL-P3	EPIC	idat_sample_sheet_TARGET-ALL-P3__EPIC_beta.txt	0.0	12.732537	3.1225617
TARGET-15-SJMPAL040037-09A	TARGET-15-SJMPAL040037-09A.Ave_Beta	TARGET-ALL-P3	EPIC	idat_sample_sheet_TARGET-ALL-P3__EPIC_beta.txt	0.0	12.147925	3.1043308
TARGET-15-SJMPAL016343-04A.2	TARGET-15-SJMPAL016343-04A.2.Ave_Beta	TARGET-ALL-P3	EPIC	idat_sample_sheet_TARGET-ALL-P3__EPIC_beta.txt	0.0	11.505699	1.7240486
TARGET-10-PASJYI-09A	TARGET-10-PASJYI-09A.Ave_Beta	TARGET-ALL-P3	EPIC	idat_sample_sheet_TARGET-ALL-P3__EPIC_beta.txt	0.0	12.55398	3.1941137
TARGET-15-SJMPAL043771-09A	TARGET-15-SJMPAL043771-09A.Ave_Beta	TARGET-ALL-P3	EPIC	idat_sample_sheet_TARGET-ALL-P3__EPIC_beta.txt	0.0	12.097214	2.195953
TARGET-10-PATGWP-09A	TARGET-10-PATGWP-09A.Ave_Beta	TARGET-ALL-P3	EPIC	idat_sample_sheet_TARGET-ALL-P3__EPIC_beta.txt	0.0	12.467778	2.7647538
TARGET-10-PARTPW-09A	TARGET-10-PARTPW-09A.Ave_Beta	TARGET-ALL-P3	EPIC	idat_sample_sheet_TARGET-ALL-P3__EPIC_beta.txt	0.0	12.659034	2.3584888
TARGET-15-SJMPAL012418-09A.2	TARGET-15-SJMPAL012418-09A.2.Ave_Beta	TARGET-ALL-P3	EPIC	idat_sample_sheet_TARGET-ALL-P3__EPIC_beta.txt	0.0	11.212551	1.9607284
TARGET-10-PASHUP-09A	TARGET-10-PASHUP-09A.Ave_Beta	TARGET-ALL-P3	EPIC	idat_sample_sheet_TARGET-ALL-P3__EPIC_beta.txt	0.0	12.253846	3.3373418
TARGET-00-SJNORM016314-17A.2	TARGET-00-SJNORM016314-17A.2.Ave_Beta	TARGET-ALL-P3	EPIC	idat_sample_sheet_TARGET-ALL-P3__EPIC_beta.txt	0.0	12.19035	1.9696891
TARGET-15-SJMPAL046472-09A	TARGET-15-SJMPAL046472-09A.Ave_Beta	TARGET-ALL-P3	EPIC	idat_sample_sheet_TARGET-ALL-P3__EPIC_beta.txt	0.0	11.216824	1.2548501
TARGET-10-PAPAWY-09A	TARGET-10-PAPAWY-09A.Ave_Beta	TARGET-ALL-P3	EPIC	idat_sample_sheet_TARGET-ALL-P3__EPIC_beta.txt	0.0	12.724639	1.5650015
TARGET-10-PATDKH-09A	TARGET-10-PATDKH-09A.Ave_Beta	TARGET-ALL-P3	EPIC	idat_sample_sheet_TARGET-ALL-P3__EPIC_beta.txt	0.0	12.109573	1.9520286
TARGET-10-PAPIGX-09A	TARGET-10-PAPIGX-09A.Ave_Beta	TARGET-ALL-P3	EPIC	idat_sample_sheet_TARGET-ALL-P3__EPIC_beta.txt	0.0	12.464827	2.3422203
TARGET-10-PASJJR-09A	TARGET-10-PASJJR-09A.Ave_Beta	TARGET-ALL-P3	EPIC	idat_sample_sheet_TARGET-ALL-P3__EPIC_beta.txt	0.0	12.455984	3.3795815
TARGET-15-SJMPAL003414-04A.1	TARGET-15-SJMPAL003414-04A.1.Ave_Beta	TARGET-ALL-P3	EPIC	idat_sample_sheet_TARGET-ALL-P3__EPIC_beta.txt	0.0	11.087125	1.6997802
TARGET-15-SJMPAL016344-09A	TARGET-15-SJMPAL016344-09A.Ave_Beta	TARGET-ALL-P3	EPIC	idat_sample_sheet_TARGET-ALL-P3__EPIC_beta.txt	0.0	10.8820505	1.7530948
TARGET-15-SJMPAL046471-09A.3	TARGET-15-SJMPAL046471-09A.3.Ave_Beta	TARGET-ALL-P3	EPIC	idat_sample_sheet_TARGET-ALL-P3__EPIC_beta.txt	0.0	13.932694	2.3765006
TARGET-15-SJMPAL040024-09A.2	TARGET-15-SJMPAL040024-09A.2.Ave_Beta	TARGET-ALL-P3	EPIC	idat_sample_sheet_TARGET-ALL-P3__EPIC_beta.txt	0.0	13.037765	2.3615224
TARGET-15-SJMPAL012421-09A	TARGET-15-SJMPAL012421-09A.Ave_Beta	TARGET-ALL-P3	EPIC	idat_sample_sheet_TARGET-ALL-P3__EPIC_beta.txt	0.0	11.037946	2.399596
TARGET-10-PAPEWV-09A	TARGET-10-PAPEWV-09A.Ave_Beta	TARGET-ALL-P3	EPIC	idat_sample_sheet_TARGET-ALL-P3__EPIC_beta.txt	0.0	12.6802435	1.5834794
TARGET-20-SJAML007112-09A	TARGET-20-SJAML007112-09A.Ave_Beta	TARGET-ALL-P3	EPIC	idat_sample_sheet_TARGET-ALL-P3__EPIC_beta.txt	0.0	12.968351	3.3175526
TARGET-15-SJMPAL012420-09A.1	TARGET-15-SJMPAL012420-09A.1.Ave_Beta	TARGET-ALL-P3	EPIC	idat_sample_sheet_TARGET-ALL-P3__EPIC_beta.txt	0.0	11.276377	1.7970351
TARGET-00-SJNORM018231-17A.4	TARGET-00-SJNORM018231-17A.4.Ave_Beta	TARGET-ALL-P3	EPIC	idat_sample_sheet_TARGET-ALL-P3__EPIC_beta.txt	0.0	13.45167	1.870623
TARGET-10-SJBALL004182-09A.3	TARGET-10-SJBALL004182-09A.3.Ave_Beta	TARGET-ALL-P3	EPIC	idat_sample_sheet_TARGET-ALL-P3__EPIC_beta.txt	0.0	11.336841	2.7920268
TARGET-15-SJMPAL040037-09A.2	TARGET-15-SJMPAL040037-09A.2.Ave_Beta	TARGET-ALL-P3	EPIC	idat_sample_sheet_TARGET-ALL-P3__EPIC_beta.txt	0.0	12.501549	2.9485326
TARGET-10-PANKMB-09A	TARGET-10-PANKMB-09A.Ave_Beta	TARGET-ALL-P3	EPIC	idat_sample_sheet_TARGET-ALL-P3__EPIC_beta.txt	0.0	12.612391	2.6006775
TARGET-10-PASIIY-09A	TARGET-10-PASIIY-09A.Ave_Beta	TARGET-ALL-P3	EPIC	idat_sample_sheet_TARGET-ALL-P3__EPIC_beta.txt	0.0	12.821622	2.9686844
TARGET-00-SJNORM054698-14A.3	TARGET-00-SJNORM054698-14A.3.Ave_Beta	TARGET-ALL-P3	EPIC	idat_sample_sheet_TARGET-ALL-P3__EPIC_beta.txt	0.0	12.521055	1.9806429
TARGET-00-SJNORM016314-17A.1	TARGET-00-SJNORM016314-17A.1.Ave_Beta	TARGET-ALL-P3	EPIC	idat_sample_sheet_TARGET-ALL-P3__EPIC_beta.txt	0.0	11.418215	1.7841988
TARGET-20-SJAML045741-09A	TARGET-20-SJAML045741-09A.Ave_Beta	TARGET-ALL-P3	EPIC	idat_sample_sheet_TARGET-ALL-P3__EPIC_beta.txt	0.0	12.879172	3.3834848
TARGET-15-SJMPAL042793-09A.1	TARGET-15-SJMPAL042793-09A.1.Ave_Beta	TARGET-ALL-P3	EPIC	idat_sample_sheet_TARGET-ALL-P3__EPIC_beta.txt	0.0	12.512666	3.5600045
TARGET-00-SJNORM054698-14A.2	TARGET-00-SJNORM054698-14A.2.Ave_Beta	TARGET-ALL-P3	EPIC	idat_sample_sheet_TARGET-ALL-P3__EPIC_beta.txt	0.0	12.596072	1.9670197
TARGET-20-SJAML045734-09A	TARGET-20-SJAML045734-09A.Ave_Beta	TARGET-ALL-P3	EPIC	idat_sample_sheet_TARGET-ALL-P3__EPIC_beta.txt	0.0	9.856696	1.7010276
TARGET-10-PATHBG-09A	TARGET-10-PATHBG-09A.Ave_Beta	TARGET-ALL-P3	EPIC	idat_sample_sheet_TARGET-ALL-P3__EPIC_beta.txt	0.0	11.940075	2.4977422
TARGET-15-SJMPAL016342-09A	TARGET-15-SJMPAL016342-09A.Ave_Beta	TARGET-ALL-P3	EPIC	idat_sample_sheet_TARGET-ALL-P3__EPIC_beta.txt	0.0	10.619692	1.5468689
TARGET-15-SJMPAL046470-09A	TARGET-15-SJMPAL046470-09A.Ave_Beta	TARGET-ALL-P3	EPIC	idat_sample_sheet_TARGET-ALL-P3__EPIC_beta.txt	0.0	12.180456	1.5540625
TARGET-10-PATXKD-09A	TARGET-10-PATXKD-09A.Ave_Beta	TARGET-ALL-P3	EPIC	idat_sample_sheet_TARGET-ALL-P3__EPIC_beta.txt	0.0	12.44624	2.6906369
TARGET-10-PATGBY-09A	TARGET-10-PATGBY-09A.Ave_Beta	TARGET-ALL-P3	EPIC	idat_sample_sheet_TARGET-ALL-P3__EPIC_beta.txt	0.0	13.007551	2.6247547
TARGET-15-SJMPAL040037-09A.1	TARGET-15-SJMPAL040037-09A.1.Ave_Beta	TARGET-ALL-P3	EPIC	idat_sample_sheet_TARGET-ALL-P3__EPIC_beta.txt	0.0	12.557851	2.81224
TARGET-10-PASWFN-09A	TARGET-10-PASWFN-09A.Ave_Beta	TARGET-ALL-P3	EPIC	idat_sample_sheet_TARGET-ALL-P3__EPIC_beta.txt	0.0	12.346469	2.2438245
TARGET-20-SJAML007113-09A	TARGET-20-SJAML007113-09A.Ave_Beta	TARGET-ALL-P3	EPIC	idat_sample_sheet_TARGET-ALL-P3__EPIC_beta.txt	0.0	12.847969	3.1849253
TARGET-20-SJAML045740-09A	TARGET-20-SJAML045740-09A.Ave_Beta	TARGET-ALL-P3	EPIC	idat_sample_sheet_TARGET-ALL-P3__EPIC_beta.txt	0.0	12.947447	3.3908937
TARGET-15-SJMPAL040024-09A.3	TARGET-15-SJMPAL040024-09A.3.Ave_Beta	TARGET-ALL-P3	EPIC	idat_sample_sheet_TARGET-ALL-P3__EPIC_beta.txt	0.0	13.121555	2.4381816
TARGET-10-PASFLK-09A	TARGET-10-PASFLK-09A.Ave_Beta	TARGET-ALL-P3	EPIC	idat_sample_sheet_TARGET-ALL-P3__EPIC_beta.txt	0.0	11.371784	2.0441256
TARGET-20-SJAML003320-09A	TARGET-20-SJAML003320-09A.Ave_Beta	TARGET-ALL-P3	EPIC	idat_sample_sheet_TARGET-ALL-P3__EPIC_beta.txt	0.0	11.650595	2.4480023
TARGET-10-PARXLS-09A	TARGET-10-PARXLS-09A.Ave_Beta	TARGET-ALL-P3	EPIC	idat_sample_sheet_TARGET-ALL-P3__EPIC_beta.txt	0.0	13.343852	2.788962
TARGET-15-SJMPAL012420-09A.2	TARGET-15-SJMPAL012420-09A.2.Ave_Beta	TARGET-ALL-P3	EPIC	idat_sample_sheet_TARGET-ALL-P3__EPIC_beta.txt	0.0	11.149811	1.6124219
TARGET-15-SJMPAL016108-09A	TARGET-15-SJMPAL016108-09A.Ave_Beta	TARGET-ALL-P3	EPIC	idat_sample_sheet_TARGET-ALL-P3__EPIC_beta.txt	0.0	11.276851	2.1060543
TARGET-10-PATRGV-09A	TARGET-10-PATRGV-09A.Ave_Beta	TARGET-ALL-P3	EPIC	idat_sample_sheet_TARGET-ALL-P3__EPIC_beta.txt	0.0	12.234014	2.3944652
TARGET-00-SJNORM018231-17A.1	TARGET-00-SJNORM018231-17A.1.Ave_Beta	TARGET-ALL-P3	EPIC	idat_sample_sheet_TARGET-ALL-P3__EPIC_beta.txt	0.0	13.453925	1.9197294
TARGET-15-SJMPAL046471-09A.2	TARGET-15-SJMPAL046471-09A.2.Ave_Beta	TARGET-ALL-P3	EPIC	idat_sample_sheet_TARGET-ALL-P3__EPIC_beta.txt	0.0	13.9012575	2.3812487
TARGET-10-PARSET-09A	TARGET-10-PARSET-09A.Ave_Beta	TARGET-ALL-P3	EPIC	idat_sample_sheet_TARGET-ALL-P3__EPIC_beta.txt	0.0	12.447862	3.6399505
TARGET-15-SJMPAL012425-09A.3	TARGET-15-SJMPAL012425-09A.3.Ave_Beta	TARGET-ALL-P3	EPIC	idat_sample_sheet_TARGET-ALL-P3__EPIC_beta.txt	0.0	11.174959	1.2263672
TARGET-10-PANYXC-09A	TARGET-10-PANYXC-09A.Ave_Beta	TARGET-ALL-P3	EPIC	idat_sample_sheet_TARGET-ALL-P3__EPIC_beta.txt	0.0	12.706887	1.5670062
TARGET-00-SJNORM016096-14A.3	TARGET-00-SJNORM016096-14A.3.Ave_Beta	TARGET-ALL-P3	EPIC	idat_sample_sheet_TARGET-ALL-P3__EPIC_beta.txt	0.0	12.841528	2.19557
TARGET-15-SJMPAL042793-09A.3	TARGET-15-SJMPAL042793-09A.3.Ave_Beta	TARGET-ALL-P3	EPIC	idat_sample_sheet_TARGET-ALL-P3__EPIC_beta.txt	0.0	12.449648	3.5755477
TARGET-10-PASRMM-09A	TARGET-10-PASRMM-09A.Ave_Beta	TARGET-ALL-P3	EPIC	idat_sample_sheet_TARGET-ALL-P3__EPIC_beta.txt	0.0	12.420192	2.3535075
TARGET-15-SJMPAL016340-09A	TARGET-15-SJMPAL016340-09A.Ave_Beta	TARGET-ALL-P3	EPIC	idat_sample_sheet_TARGET-ALL-P3__EPIC_beta.txt	0.0	11.1991005	1.8984171
TARGET-15-SJMPAL046466-09A	TARGET-15-SJMPAL046466-09A.Ave_Beta	TARGET-ALL-P3	EPIC	idat_sample_sheet_TARGET-ALL-P3__EPIC_beta.txt	0.0	11.9658	2.556493
TARGET-10-PARAMR-09A	TARGET-10-PARAMR-09A.Ave_Beta	TARGET-ALL-P3	EPIC	idat_sample_sheet_TARGET-ALL-P3__EPIC_beta.txt	0.0	12.316282	2.3413842
TARGET-15-SJMPAL016447-09A.2	TARGET-15-SJMPAL016447-09A.2.Ave_Beta	TARGET-ALL-P3	EPIC	idat_sample_sheet_TARGET-ALL-P3__EPIC_beta.txt	0.0	13.155835	2.9287882
TARGET-20-SJAML040268-09A	TARGET-20-SJAML040268-09A.Ave_Beta	TARGET-ALL-P3	EPIC	idat_sample_sheet_TARGET-ALL-P3__EPIC_beta.txt	0.0	12.397383	2.95489
TARGET-15-SJMPAL012417-09A	TARGET-15-SJMPAL012417-09A.Ave_Beta	TARGET-ALL-P3	EPIC	idat_sample_sheet_TARGET-ALL-P3__EPIC_beta.txt	0.0	10.98416	1.6092767
TARGET-10-PARMGY-09A	TARGET-10-PARMGY-09A.Ave_Beta	TARGET-ALL-P3	EPIC	idat_sample_sheet_TARGET-ALL-P3__EPIC_beta.txt	0.0	12.168014	2.3709712
TARGET-15-SJMPAL012424-03A.2	TARGET-15-SJMPAL012424-03A.2.Ave_Beta	TARGET-ALL-P3	EPIC	idat_sample_sheet_TARGET-ALL-P3__EPIC_beta.txt	0.0	11.322022	1.5149671
TARGET-10-PASHNK-09A	TARGET-10-PASHNK-09A.Ave_Beta	TARGET-ALL-P3	EPIC	idat_sample_sheet_TARGET-ALL-P3__EPIC_beta.txt	0.0	13.032431	2.451304
TARGET-15-SJMPAL012425-09A.1	TARGET-15-SJMPAL012425-09A.1.Ave_Beta	TARGET-ALL-P3	EPIC	idat_sample_sheet_TARGET-ALL-P3__EPIC_beta.txt	0.0	11.185638	1.194762
TARGET-15-SJMPAL046470-09A.1	TARGET-15-SJMPAL046470-09A.1.Ave_Beta	TARGET-ALL-P3	EPIC	idat_sample_sheet_TARGET-ALL-P3__EPIC_beta.txt	0.0	12.251643	1.5951463
TARGET-15-SJMPAL016447-09A.1	TARGET-15-SJMPAL016447-09A.1.Ave_Beta	TARGET-ALL-P3	EPIC	idat_sample_sheet_TARGET-ALL-P3__EPIC_beta.txt	0.0	13.162788	2.9215066
TARGET-10-PAPIGH-09A	TARGET-10-PAPIGH-09A.Ave_Beta	TARGET-ALL-P3	EPIC	idat_sample_sheet_TARGET-ALL-P3__EPIC_beta.txt	0.0	12.718545	1.5724525
TARGET-10-PANRIM-03A	TARGET-10-PANRIM-03A.Ave_Beta	TARGET-ALL-P3	EPIC	idat_sample_sheet_TARGET-ALL-P3__EPIC_beta.txt	0.0	12.735297	2.287098
TARGET-15-SJMPAL042793-09A.2	TARGET-15-SJMPAL042793-09A.2.Ave_Beta	TARGET-ALL-P3	EPIC	idat_sample_sheet_TARGET-ALL-P3__EPIC_beta.txt	0.0	12.386679	3.5532677
TARGET-10-SJBALL014146-09A	TARGET-10-SJBALL014146-09A.Ave_Beta	TARGET-ALL-P3	EPIC	idat_sample_sheet_TARGET-ALL-P3__EPIC_beta.txt	0.0	12.6990385	2.5074515
TARGET-10-PANJRD-09A	TARGET-10-PANJRD-09A.Ave_Beta	TARGET-ALL-P3	EPIC	idat_sample_sheet_TARGET-ALL-P3__EPIC_beta.txt	0.0	12.363848	2.6009052
TARGET-00-SJNORM016096-14A.2	TARGET-00-SJNORM016096-14A.2.Ave_Beta	TARGET-ALL-P3	EPIC	idat_sample_sheet_TARGET-ALL-P3__EPIC_beta.txt	0.0	12.398842	2.1478708
TARGET-15-SJMPAL040037-09A.3	TARGET-15-SJMPAL040037-09A.3.Ave_Beta	TARGET-ALL-P3	EPIC	idat_sample_sheet_TARGET-ALL-P3__EPIC_beta.txt	0.0	12.334808	3.027728
TARGET-15-PARWPU-09A	TARGET-15-PARWPU-09A.Ave_Beta	TARGET-ALL-P3	EPIC	idat_sample_sheet_TARGET-ALL-P3__EPIC_beta.txt	0.0	12.3081045	3.6724596
TARGET-00-SJNORM016314-17A.5	TARGET-00-SJNORM016314-17A.5.Ave_Beta	TARGET-ALL-P3	EPIC	idat_sample_sheet_TARGET-ALL-P3__EPIC_beta.txt	0.0	12.848717	1.9115674
TARGET-10-PASZEW-09A	TARGET-10-PASZEW-09A.Ave_Beta	TARGET-ALL-P3	EPIC	idat_sample_sheet_TARGET-ALL-P3__EPIC_beta.txt	0.0	13.348785	2.8408625
TARGET-15-SJMPAL016448-09A	TARGET-15-SJMPAL016448-09A.Ave_Beta	TARGET-ALL-P3	EPIC	idat_sample_sheet_TARGET-ALL-P3__EPIC_beta.txt	0.0	12.006689	1.9124231
TARGET-10-SJBALL004182-09A.2	TARGET-10-SJBALL004182-09A.2.Ave_Beta	TARGET-ALL-P3	EPIC	idat_sample_sheet_TARGET-ALL-P3__EPIC_beta.txt	0.0	11.412141	2.8606625
TARGET-10-PAPGPJ-09A	TARGET-10-PAPGPJ-09A.Ave_Beta	TARGET-ALL-P3	EPIC	idat_sample_sheet_TARGET-ALL-P3__EPIC_beta.txt	0.0	11.695951	2.1544044
TARGET-10-PATCNI-09A	TARGET-10-PATCNI-09A.Ave_Beta	TARGET-ALL-P3	EPIC	idat_sample_sheet_TARGET-ALL-P3__EPIC_beta.txt	0.0	12.555759	3.618588
TARGET-15-SJMPAL046471-09A	TARGET-15-SJMPAL046471-09A.Ave_Beta	TARGET-ALL-P3	EPIC	idat_sample_sheet_TARGET-ALL-P3__EPIC_beta.txt	0.0	13.920806	2.3639061
TARGET-10-SJBALL021816-09A	TARGET-10-SJBALL021816-09A.Ave_Beta	TARGET-ALL-P3	EPIC	idat_sample_sheet_TARGET-ALL-P3__EPIC_beta.txt	0.0	12.837638	2.453529
TARGET-15-SJMPAL016343-09A	TARGET-15-SJMPAL016343-09A.Ave_Beta	TARGET-ALL-P3	EPIC	idat_sample_sheet_TARGET-ALL-P3__EPIC_beta.txt	0.0	10.494802	1.4591717
TARGET-15-SJMPAL046470-09A.2	TARGET-15-SJMPAL046470-09A.2.Ave_Beta	TARGET-ALL-P3	EPIC	idat_sample_sheet_TARGET-ALL-P3__EPIC_beta.txt	0.0	12.274992	1.6083335
TARGET-00-SJNORM016314-17A.4	TARGET-00-SJNORM016314-17A.4.Ave_Beta	TARGET-ALL-P3	EPIC	idat_sample_sheet_TARGET-ALL-P3__EPIC_beta.txt	0.0	12.87837	1.978946
TARGET-00-SJNORM018231-17A.2	TARGET-00-SJNORM018231-17A.2.Ave_Beta	TARGET-ALL-P3	EPIC	idat_sample_sheet_TARGET-ALL-P3__EPIC_beta.txt	0.0	13.419568	1.8632632
TARGET-10-PARPYJ-09A	TARGET-10-PARPYJ-09A.Ave_Beta	TARGET-ALL-P3	EPIC	idat_sample_sheet_TARGET-ALL-P3__EPIC_beta.txt	0.0	11.523419	1.8529309
TARGET-20-SJAML045738-09A	TARGET-20-SJAML045738-09A.Ave_Beta	TARGET-ALL-P3	EPIC	idat_sample_sheet_TARGET-ALL-P3__EPIC_beta.txt	0.0	12.177047	2.8322527
TARGET-10-PAPHGD-09A	TARGET-10-PAPHGD-09A.Ave_Beta	TARGET-ALL-P3	EPIC	idat_sample_sheet_TARGET-ALL-P3__EPIC_beta.txt	0.0	12.557071	2.529425
TARGET-15-SJMPAL012424-03A.1	TARGET-15-SJMPAL012424-03A.1.Ave_Beta	TARGET-ALL-P3	EPIC	idat_sample_sheet_TARGET-ALL-P3__EPIC_beta.txt	0.0	11.379982	1.5378075
TARGET-15-SJMPAL046467-09A	TARGET-15-SJMPAL046467-09A.Ave_Beta	TARGET-ALL-P3	EPIC	idat_sample_sheet_TARGET-ALL-P3__EPIC_beta.txt	0.0	12.65753	2.7592413
TARGET-15-SJMPAL012418-09A.1	TARGET-15-SJMPAL012418-09A.1.Ave_Beta	TARGET-ALL-P3	EPIC	idat_sample_sheet_TARGET-ALL-P3__EPIC_beta.txt	0.0	10.979645	1.7074114
TARGET-00-SJNORM054698-14A.1	TARGET-00-SJNORM054698-14A.1.Ave_Beta	TARGET-ALL-P3	EPIC	idat_sample_sheet_TARGET-ALL-P3__EPIC_beta.txt	0.0	12.395258	1.8942674
TARGET-15-SJMPAL040037-09A.4	TARGET-15-SJMPAL040037-09A.4.Ave_Beta	TARGET-ALL-P3	EPIC	idat_sample_sheet_TARGET-ALL-P3__EPIC_beta.txt	0.0	11.967397	2.8126855
TARGET-20-SJAML045742-09A	TARGET-20-SJAML045742-09A.Ave_Beta	TARGET-ALL-P3	EPIC	idat_sample_sheet_TARGET-ALL-P3__EPIC_beta.txt	0.0	11.872261	2.2630532
TARGET-10-PATKVD-09A	TARGET-10-PATKVD-09A.Ave_Beta	TARGET-ALL-P3	EPIC	idat_sample_sheet_TARGET-ALL-P3__EPIC_beta.txt	0.0	12.317833	3.401178
TARGET-00-SJNORM016314-17A.3	TARGET-00-SJNORM016314-17A.3.Ave_Beta	TARGET-ALL-P3	EPIC	idat_sample_sheet_TARGET-ALL-P3__EPIC_beta.txt	0.0	11.557785	1.8578866
TARGET-15-SJMPAL040024-09A.1	TARGET-15-SJMPAL040024-09A.1.Ave_Beta	TARGET-ALL-P3	EPIC	idat_sample_sheet_TARGET-ALL-P3__EPIC_beta.txt	0.0	13.045678	2.376951
TARGET-10-SJALL040058-09A	TARGET-10-SJALL040058-09A.Ave_Beta	TARGET-ALL-P3	EPIC	idat_sample_sheet_TARGET-ALL-P3__EPIC_beta.txt	0.0	12.831746	2.536463
TARGET-10-PASNTZ-09A	TARGET-10-PASNTZ-09A.Ave_Beta	TARGET-ALL-P3	EPIC	idat_sample_sheet_TARGET-ALL-P3__EPIC_beta.txt	0.0	12.76611	2.8430421
TARGET-00-SJNORM016096-14A.1	TARGET-00-SJNORM016096-14A.1.Ave_Beta	TARGET-ALL-P3	EPIC	idat_sample_sheet_TARGET-ALL-P3__EPIC_beta.txt	0.0	12.508632	2.2411294
TARGET-10-PARXMV-03A	TARGET-10-PARXMV-03A.Ave_Beta	TARGET-ALL-P3	EPIC	idat_sample_sheet_TARGET-ALL-P3__EPIC_beta.txt	0.0	13.41549	2.894552
TARGET-10-PASRCV-09A	TARGET-10-PASRCV-09A.Ave_Beta	TARGET-ALL-P3	EPIC	idat_sample_sheet_TARGET-ALL-P3__EPIC_beta.txt	0.0	12.584403	3.5635343
TARGET-15-SJMPAL016343-04A.1	TARGET-15-SJMPAL016343-04A.1.Ave_Beta	TARGET-ALL-P3	EPIC	idat_sample_sheet_TARGET-ALL-P3__EPIC_beta.txt	0.0	11.5678215	1.6804981
TARGET-10-SJBALL004182-09A.1	TARGET-10-SJBALL004182-09A.1.Ave_Beta	TARGET-ALL-P3	EPIC	idat_sample_sheet_TARGET-ALL-P3__EPIC_beta.txt	0.0	11.375945	2.8327591
TARGET-10-PARUEU-09A	TARGET-10-PARUEU-09A.Ave_Beta	TARGET-ALL-P3	EPIC	idat_sample_sheet_TARGET-ALL-P3__EPIC_beta.txt	0.0	12.838314	2.633155
TARGET-10-PATALJ-09A	TARGET-10-PATALJ-09A.Ave_Beta	TARGET-ALL-P3	EPIC	idat_sample_sheet_TARGET-ALL-P3__EPIC_beta.txt	0.0	12.312168	2.2261305
TARGET-10-PAPEZX-09A	TARGET-10-PAPEZX-09A.Ave_Beta	TARGET-ALL-P3	EPIC	idat_sample_sheet_TARGET-ALL-P3__EPIC_beta.txt	0.0	12.6245775	1.3844483
TARGET-15-SJMPAL012418-09A.3	TARGET-15-SJMPAL012418-09A.3.Ave_Beta	TARGET-ALL-P3	EPIC	idat_sample_sheet_TARGET-ALL-P3__EPIC_beta.txt	0.0	11.009616	2.1776505
TARGET-10-PASZJW-03A	TARGET-10-PASZJW-03A.Ave_Beta	TARGET-ALL-P3	EPIC	idat_sample_sheet_TARGET-ALL-P3__EPIC_beta.txt	0.0	12.3911295	3.6337924
TARGET-15-SJMPAL012419-09A.1	TARGET-15-SJMPAL012419-09A.1.Ave_Beta	TARGET-ALL-P3	EPIC	idat_sample_sheet_TARGET-ALL-P3__EPIC_beta.txt	0.0	11.395158	2.1075242
TARGET-20-SJAML045737-09A	TARGET-20-SJAML045737-09A.Ave_Beta	TARGET-ALL-P3	EPIC	idat_sample_sheet_TARGET-ALL-P3__EPIC_beta.txt	0.0	12.664834	2.4671874
TARGET-15-SJMPAL016447-09A.3	TARGET-15-SJMPAL016447-09A.3.Ave_Beta	TARGET-ALL-P3	EPIC	idat_sample_sheet_TARGET-ALL-P3__EPIC_beta.txt	0.0	13.222995	2.888824
TARGET-10-PARTBP-09A	TARGET-10-PARTBP-09A.Ave_Beta	TARGET-ALL-P3	EPIC	idat_sample_sheet_TARGET-ALL-P3__EPIC_beta.txt	0.0	13.444784	2.8024063
TARGET-15-SJMPAL012425-09A.2	TARGET-15-SJMPAL012425-09A.2.Ave_Beta	TARGET-ALL-P3	EPIC	idat_sample_sheet_TARGET-ALL-P3__EPIC_beta.txt	0.0	11.248382	1.311652
TARGET-10-SJBALL004182-09A	TARGET-10-SJBALL004182-09A.Ave_Beta	TARGET-ALL-P3	EPIC	idat_sample_sheet_TARGET-ALL-P3__EPIC_beta.txt	0.0	11.40659	2.8845344
TARGET-10-PAPAJU-09A	TARGET-10-PAPAJU-09A.Ave_Beta	TARGET-ALL-P3	EPIC	idat_sample_sheet_TARGET-ALL-P3__EPIC_beta.txt	0.0	12.926463	1.8723757
TARGET-15-SJMPAL046471-09A.1	TARGET-15-SJMPAL046471-09A.1.Ave_Beta	TARGET-ALL-P3	EPIC	idat_sample_sheet_TARGET-ALL-P3__EPIC_beta.txt	0.0	13.866301	2.3490446
TARGET-10-PASJLN-09A	TARGET-10-PASJLN-09A.Ave_Beta	TARGET-ALL-P3	EPIC	idat_sample_sheet_TARGET-ALL-P3__EPIC_beta.txt	0.0	12.044554	2.2976568
TARGET-10-PANWPI-09A	TARGET-10-PANWPI-09A.Ave_Beta	TARGET-ALL-P3	EPIC	idat_sample_sheet_TARGET-ALL-P3__EPIC_beta.txt	0.0	11.964065	2.1316593
TARGET-00-SJNORM018231-17A.3	TARGET-00-SJNORM018231-17A.3.Ave_Beta	TARGET-ALL-P3	EPIC	idat_sample_sheet_TARGET-ALL-P3__EPIC_beta.txt	0.0	13.391876	2.0998437
TARGET-10-PAPDAU-09A	TARGET-10-PAPDAU-09A.Ave_Beta	TARGET-ALL-P3	EPIC	idat_sample_sheet_TARGET-ALL-P3__EPIC_beta.txt	0.0	11.827289	2.1025138
TARGET-10-SJBALL014594-03A	TARGET-10-SJBALL014594-03A.Ave_Beta	TARGET-ALL-P3	EPIC	idat_sample_sheet_TARGET-ALL-P3__EPIC_beta.txt	0.0	12.290277	1.8790767
TARGET-10-PATFWF-09A	TARGET-10-PATFWF-09A.Ave_Beta	TARGET-ALL-P3	EPIC	idat_sample_sheet_TARGET-ALL-P3__EPIC_beta.txt	0.0	12.430067	2.7073033
TARGET-20-SJAML045739-09A.Detection.Pval	TARGET-20-SJAML045739-09A.Detection.Pval	TARGET-ALL-P3	EPIC	idat_sample_sheet_TARGET-ALL-P3__EPIC_beta.txt	0.0	-18.739138	4.163097
TARGET-00-SJNORM018231-17A.5.Detection.Pval	TARGET-00-SJNORM018231-17A.5.Detection.Pval	TARGET-ALL-P3	EPIC	idat_sample_sheet_TARGET-ALL-P3__EPIC_beta.txt	0.0	-18.154945	5.9436307
TARGET-10-PANYHW-09A.Detection.Pval	TARGET-10-PANYHW-09A.Detection.Pval	TARGET-ALL-P3	EPIC	idat_sample_sheet_TARGET-ALL-P3__EPIC_beta.txt	0.0	-18.815697	4.399663
TARGET-00-SJNORM016096-14A.4.Detection.Pval	TARGET-00-SJNORM016096-14A.4.Detection.Pval	TARGET-ALL-P3	EPIC	idat_sample_sheet_TARGET-ALL-P3__EPIC_beta.txt	0.0	-19.318106	4.2221766
TARGET-10-PAPGMC-09A.Detection.Pval	TARGET-10-PAPGMC-09A.Detection.Pval	TARGET-ALL-P3	EPIC	idat_sample_sheet_TARGET-ALL-P3__EPIC_beta.txt	0.0	-17.071178	6.0208645
TARGET-15-SJMPAL012427-09A.Detection.Pval	TARGET-15-SJMPAL012427-09A.Detection.Pval	TARGET-ALL-P3	EPIC	idat_sample_sheet_TARGET-ALL-P3__EPIC_beta.txt	0.0	-19.07818	5.0051265
TARGET-20-SJAML016570-09A.Detection.Pval	TARGET-20-SJAML016570-09A.Detection.Pval	TARGET-ALL-P3	EPIC	idat_sample_sheet_TARGET-ALL-P3__EPIC_beta.txt	0.0	-18.966501	4.491007
TARGET-10-PATGYH-09A.Detection.Pval	TARGET-10-PATGYH-09A.Detection.Pval	TARGET-ALL-P3	EPIC	idat_sample_sheet_TARGET-ALL-P3__EPIC_beta.txt	0.0	-19.29913	4.2735343
TARGET-10-PATBGC-09A.Detection.Pval	TARGET-10-PATBGC-09A.Detection.Pval	TARGET-ALL-P3	EPIC	idat_sample_sheet_TARGET-ALL-P3__EPIC_beta.txt	0.0	-18.920343	4.289801
TARGET-20-SJAML003322-09A.Detection.Pval	TARGET-20-SJAML003322-09A.Detection.Pval	TARGET-ALL-P3	EPIC	idat_sample_sheet_TARGET-ALL-P3__EPIC_beta.txt	0.0	-18.562153	5.233646
TARGET-20-SJAML045736-09A.Detection.Pval	TARGET-20-SJAML045736-09A.Detection.Pval	TARGET-ALL-P3	EPIC	idat_sample_sheet_TARGET-ALL-P3__EPIC_beta.txt	0.0	-18.932125	4.536976
TARGET-10-PAPDCR-09A.Detection.Pval	TARGET-10-PAPDCR-09A.Detection.Pval	TARGET-ALL-P3	EPIC	idat_sample_sheet_TARGET-ALL-P3__EPIC_beta.txt	0.0	-18.520296	4.777362
TARGET-15-SJMPAL012422-09A.Detection.Pval	TARGET-15-SJMPAL012422-09A.Detection.Pval	TARGET-ALL-P3	EPIC	idat_sample_sheet_TARGET-ALL-P3__EPIC_beta.txt	0.0	-19.043476	5.047744
TARGET-20-SJAML045735-09A.Detection.Pval	TARGET-20-SJAML045735-09A.Detection.Pval	TARGET-ALL-P3	EPIC	idat_sample_sheet_TARGET-ALL-P3__EPIC_beta.txt	0.0	-19.153627	4.2331166
TARGET-15-SJMPAL040037-09A.Detection.Pval	TARGET-15-SJMPAL040037-09A.Detection.Pval	TARGET-ALL-P3	EPIC	idat_sample_sheet_TARGET-ALL-P3__EPIC_beta.txt	0.0	-18.690191	4.096115
TARGET-15-SJMPAL016343-04A.2.Detection.Pval	TARGET-15-SJMPAL016343-04A.2.Detection.Pval	TARGET-ALL-P3	EPIC	idat_sample_sheet_TARGET-ALL-P3__EPIC_beta.txt	0.0	-19.13624	4.2046037
TARGET-10-PASJYI-09A.Detection.Pval	TARGET-10-PASJYI-09A.Detection.Pval	TARGET-ALL-P3	EPIC	idat_sample_sheet_TARGET-ALL-P3__EPIC_beta.txt	0.0	-19.212793	5.0498137
TARGET-15-SJMPAL043771-09A.Detection.Pval	TARGET-15-SJMPAL043771-09A.Detection.Pval	TARGET-ALL-P3	EPIC	idat_sample_sheet_TARGET-ALL-P3__EPIC_beta.txt	0.0	-18.626898	5.421316
TARGET-10-PATGWP-09A.Detection.Pval	TARGET-10-PATGWP-09A.Detection.Pval	TARGET-ALL-P3	EPIC	idat_sample_sheet_TARGET-ALL-P3__EPIC_beta.txt	0.0	-17.578167	4.3083954
TARGET-10-PARTPW-09A.Detection.Pval	TARGET-10-PARTPW-09A.Detection.Pval	TARGET-ALL-P3	EPIC	idat_sample_sheet_TARGET-ALL-P3__EPIC_beta.txt	0.0	-18.906815	4.965528
TARGET-15-SJMPAL012418-09A.2.Detection.Pval	TARGET-15-SJMPAL012418-09A.2.Detection.Pval	TARGET-ALL-P3	EPIC	idat_sample_sheet_TARGET-ALL-P3__EPIC_beta.txt	0.0	-19.174782	4.2177896
TARGET-10-PASHUP-09A.Detection.Pval	TARGET-10-PASHUP-09A.Detection.Pval	TARGET-ALL-P3	EPIC	idat_sample_sheet_TARGET-ALL-P3__EPIC_beta.txt	0.0	-17.725166	4.782844
TARGET-00-SJNORM016314-17A.2.Detection.Pval	TARGET-00-SJNORM016314-17A.2.Detection.Pval	TARGET-ALL-P3	EPIC	idat_sample_sheet_TARGET-ALL-P3__EPIC_beta.txt	0.0	-19.168203	4.947509
TARGET-15-SJMPAL046472-09A.Detection.Pval	TARGET-15-SJMPAL046472-09A.Detection.Pval	TARGET-ALL-P3	EPIC	idat_sample_sheet_TARGET-ALL-P3__EPIC_beta.txt	0.0	-19.045088	4.1222067
TARGET-10-PAPAWY-09A.Detection.Pval	TARGET-10-PAPAWY-09A.Detection.Pval	TARGET-ALL-P3	EPIC	idat_sample_sheet_TARGET-ALL-P3__EPIC_beta.txt	0.0	-18.396797	4.3248634
TARGET-10-PATDKH-09A.Detection.Pval	TARGET-10-PATDKH-09A.Detection.Pval	TARGET-ALL-P3	EPIC	idat_sample_sheet_TARGET-ALL-P3__EPIC_beta.txt	0.0	-18.735422	4.98059
TARGET-10-PAPIGX-09A.Detection.Pval	TARGET-10-PAPIGX-09A.Detection.Pval	TARGET-ALL-P3	EPIC	idat_sample_sheet_TARGET-ALL-P3__EPIC_beta.txt	0.0	-19.209856	4.955393
TARGET-10-PASJJR-09A.Detection.Pval	TARGET-10-PASJJR-09A.Detection.Pval	TARGET-ALL-P3	EPIC	idat_sample_sheet_TARGET-ALL-P3__EPIC_beta.txt	0.0	-17.282234	5.974156
TARGET-15-SJMPAL003414-04A.1.Detection.Pval	TARGET-15-SJMPAL003414-04A.1.Detection.Pval	TARGET-ALL-P3	EPIC	idat_sample_sheet_TARGET-ALL-P3__EPIC_beta.txt	0.0	-19.304235	4.212491
TARGET-15-SJMPAL016344-09A.Detection.Pval	TARGET-15-SJMPAL016344-09A.Detection.Pval	TARGET-ALL-P3	EPIC	idat_sample_sheet_TARGET-ALL-P3__EPIC_beta.txt	0.0	-19.1184	3.8730805
TARGET-15-SJMPAL046471-09A.3.Detection.Pval	TARGET-15-SJMPAL046471-09A.3.Detection.Pval	TARGET-ALL-P3	EPIC	idat_sample_sheet_TARGET-ALL-P3__EPIC_beta.txt	0.0	-19.05251	4.9939647
TARGET-15-SJMPAL040024-09A.2.Detection.Pval	TARGET-15-SJMPAL040024-09A.2.Detection.Pval	TARGET-ALL-P3	EPIC	idat_sample_sheet_TARGET-ALL-P3__EPIC_beta.txt	0.0	-18.788696	3.5536282
TARGET-15-SJMPAL012421-09A.Detection.Pval	TARGET-15-SJMPAL012421-09A.Detection.Pval	TARGET-ALL-P3	EPIC	idat_sample_sheet_TARGET-ALL-P3__EPIC_beta.txt	0.0	-18.960701	3.5022404
TARGET-10-PAPEWV-09A.Detection.Pval	TARGET-10-PAPEWV-09A.Detection.Pval	TARGET-ALL-P3	EPIC	idat_sample_sheet_TARGET-ALL-P3__EPIC_beta.txt	0.0	-18.894701	5.3549557
TARGET-20-SJAML007112-09A.Detection.Pval	TARGET-20-SJAML007112-09A.Detection.Pval	TARGET-ALL-P3	EPIC	idat_sample_sheet_TARGET-ALL-P3__EPIC_beta.txt	0.0	-18.402401	5.302782
TARGET-15-SJMPAL012420-09A.1.Detection.Pval	TARGET-15-SJMPAL012420-09A.1.Detection.Pval	TARGET-ALL-P3	EPIC	idat_sample_sheet_TARGET-ALL-P3__EPIC_beta.txt	0.0	-17.575703	5.724578
TARGET-00-SJNORM018231-17A.4.Detection.Pval	TARGET-00-SJNORM018231-17A.4.Detection.Pval	TARGET-ALL-P3	EPIC	idat_sample_sheet_TARGET-ALL-P3__EPIC_beta.txt	0.0	-18.193516	5.8709145
TARGET-10-SJBALL004182-09A.3.Detection.Pval	TARGET-10-SJBALL004182-09A.3.Detection.Pval	TARGET-ALL-P3	EPIC	idat_sample_sheet_TARGET-ALL-P3__EPIC_beta.txt	0.0	-16.67565	6.6914287
TARGET-15-SJMPAL040037-09A.2.Detection.Pval	TARGET-15-SJMPAL040037-09A.2.Detection.Pval	TARGET-ALL-P3	EPIC	idat_sample_sheet_TARGET-ALL-P3__EPIC_beta.txt	0.0	-19.252476	3.4798295
TARGET-10-PANKMB-09A.Detection.Pval	TARGET-10-PANKMB-09A.Detection.Pval	TARGET-ALL-P3	EPIC	idat_sample_sheet_TARGET-ALL-P3__EPIC_beta.txt	0.0	-18.7146	4.8593225
TARGET-10-PASIIY-09A.Detection.Pval	TARGET-10-PASIIY-09A.Detection.Pval	TARGET-ALL-P3	EPIC	idat_sample_sheet_TARGET-ALL-P3__EPIC_beta.txt	0.0	-19.405565	3.5093944
TARGET-00-SJNORM054698-14A.3.Detection.Pval	TARGET-00-SJNORM054698-14A.3.Detection.Pval	TARGET-ALL-P3	EPIC	idat_sample_sheet_TARGET-ALL-P3__EPIC_beta.txt	0.0	-18.658936	4.2808895
TARGET-00-SJNORM016314-17A.1.Detection.Pval	TARGET-00-SJNORM016314-17A.1.Detection.Pval	TARGET-ALL-P3	EPIC	idat_sample_sheet_TARGET-ALL-P3__EPIC_beta.txt	0.0	-19.866245	4.4064
TARGET-20-SJAML045741-09A.Detection.Pval	TARGET-20-SJAML045741-09A.Detection.Pval	TARGET-ALL-P3	EPIC	idat_sample_sheet_TARGET-ALL-P3__EPIC_beta.txt	0.0	-18.316557	4.46922
TARGET-15-SJMPAL042793-09A.1.Detection.Pval	TARGET-15-SJMPAL042793-09A.1.Detection.Pval	TARGET-ALL-P3	EPIC	idat_sample_sheet_TARGET-ALL-P3__EPIC_beta.txt	0.0	-18.972319	4.1986256
TARGET-00-SJNORM054698-14A.2.Detection.Pval	TARGET-00-SJNORM054698-14A.2.Detection.Pval	TARGET-ALL-P3	EPIC	idat_sample_sheet_TARGET-ALL-P3__EPIC_beta.txt	0.0	-19.208101	3.8485198
TARGET-20-SJAML045734-09A.Detection.Pval	TARGET-20-SJAML045734-09A.Detection.Pval	TARGET-ALL-P3	EPIC	idat_sample_sheet_TARGET-ALL-P3__EPIC_beta.txt	0.0	-18.580292	3.622419
TARGET-10-PATHBG-09A.Detection.Pval	TARGET-10-PATHBG-09A.Detection.Pval	TARGET-ALL-P3	EPIC	idat_sample_sheet_TARGET-ALL-P3__EPIC_beta.txt	0.0	-19.415972	3.3213239
TARGET-15-SJMPAL016342-09A.Detection.Pval	TARGET-15-SJMPAL016342-09A.Detection.Pval	TARGET-ALL-P3	EPIC	idat_sample_sheet_TARGET-ALL-P3__EPIC_beta.txt	0.0	-19.903059	4.0528226
TARGET-15-SJMPAL046470-09A.Detection.Pval	TARGET-15-SJMPAL046470-09A.Detection.Pval	TARGET-ALL-P3	EPIC	idat_sample_sheet_TARGET-ALL-P3__EPIC_beta.txt	0.0	-19.00271	3.8175247
TARGET-10-PATXKD-09A.Detection.Pval	TARGET-10-PATXKD-09A.Detection.Pval	TARGET-ALL-P3	EPIC	idat_sample_sheet_TARGET-ALL-P3__EPIC_beta.txt	0.0	-19.273542	4.5804834
TARGET-10-PATGBY-09A.Detection.Pval	TARGET-10-PATGBY-09A.Detection.Pval	TARGET-ALL-P3	EPIC	idat_sample_sheet_TARGET-ALL-P3__EPIC_beta.txt	0.0	-18.508682	4.5485554
TARGET-15-SJMPAL040037-09A.1.Detection.Pval	TARGET-15-SJMPAL040037-09A.1.Detection.Pval	TARGET-ALL-P3	EPIC	idat_sample_sheet_TARGET-ALL-P3__EPIC_beta.txt	0.0	-18.394642	3.8623862
TARGET-10-PASWFN-09A.Detection.Pval	TARGET-10-PASWFN-09A.Detection.Pval	TARGET-ALL-P3	EPIC	idat_sample_sheet_TARGET-ALL-P3__EPIC_beta.txt	0.0	-18.647203	5.35851
TARGET-20-SJAML007113-09A.Detection.Pval	TARGET-20-SJAML007113-09A.Detection.Pval	TARGET-ALL-P3	EPIC	idat_sample_sheet_TARGET-ALL-P3__EPIC_beta.txt	0.0	-18.448029	3.463519
TARGET-20-SJAML045740-09A.Detection.Pval	TARGET-20-SJAML045740-09A.Detection.Pval	TARGET-ALL-P3	EPIC	idat_sample_sheet_TARGET-ALL-P3__EPIC_beta.txt	0.0	-18.289373	3.6280744
TARGET-15-SJMPAL040024-09A.3.Detection.Pval	TARGET-15-SJMPAL040024-09A.3.Detection.Pval	TARGET-ALL-P3	EPIC	idat_sample_sheet_TARGET-ALL-P3__EPIC_beta.txt	0.0	-18.490866	3.5576
TARGET-10-PASFLK-09A.Detection.Pval	TARGET-10-PASFLK-09A.Detection.Pval	TARGET-ALL-P3	EPIC	idat_sample_sheet_TARGET-ALL-P3__EPIC_beta.txt	0.0	-19.64501	5.0051527
TARGET-20-SJAML003320-09A.Detection.Pval	TARGET-20-SJAML003320-09A.Detection.Pval	TARGET-ALL-P3	EPIC	idat_sample_sheet_TARGET-ALL-P3__EPIC_beta.txt	0.0	-18.43224	3.7240217
TARGET-10-PARXLS-09A.Detection.Pval	TARGET-10-PARXLS-09A.Detection.Pval	TARGET-ALL-P3	EPIC	idat_sample_sheet_TARGET-ALL-P3__EPIC_beta.txt	0.0	-19.076332	3.873225
TARGET-15-SJMPAL012420-09A.2.Detection.Pval	TARGET-15-SJMPAL012420-09A.2.Detection.Pval	TARGET-ALL-P3	EPIC	idat_sample_sheet_TARGET-ALL-P3__EPIC_beta.txt	0.0	-17.014414	6.1274543
TARGET-15-SJMPAL016108-09A.Detection.Pval	TARGET-15-SJMPAL016108-09A.Detection.Pval	TARGET-ALL-P3	EPIC	idat_sample_sheet_TARGET-ALL-P3__EPIC_beta.txt	0.0	-18.370384	4.50875
TARGET-10-PATRGV-09A.Detection.Pval	TARGET-10-PATRGV-09A.Detection.Pval	TARGET-ALL-P3	EPIC	idat_sample_sheet_TARGET-ALL-P3__EPIC_beta.txt	0.0	-18.308044	4.262219
TARGET-00-SJNORM018231-17A.1.Detection.Pval	TARGET-00-SJNORM018231-17A.1.Detection.Pval	TARGET-ALL-P3	EPIC	idat_sample_sheet_TARGET-ALL-P3__EPIC_beta.txt	0.0	-18.17578	6.0074964
TARGET-15-SJMPAL046471-09A.2.Detection.Pval	TARGET-15-SJMPAL046471-09A.2.Detection.Pval	TARGET-ALL-P3	EPIC	idat_sample_sheet_TARGET-ALL-P3__EPIC_beta.txt	0.0	-18.651897	3.9669778
TARGET-10-PARSET-09A.Detection.Pval	TARGET-10-PARSET-09A.Detection.Pval	TARGET-ALL-P3	EPIC	idat_sample_sheet_TARGET-ALL-P3__EPIC_beta.txt	0.0	-18.615194	4.5921254
TARGET-15-SJMPAL012425-09A.3.Detection.Pval	TARGET-15-SJMPAL012425-09A.3.Detection.Pval	TARGET-ALL-P3	EPIC	idat_sample_sheet_TARGET-ALL-P3__EPIC_beta.txt	0.0	-18.877886	4.6630473
TARGET-10-PANYXC-09A.Detection.Pval	TARGET-10-PANYXC-09A.Detection.Pval	TARGET-ALL-P3	EPIC	idat_sample_sheet_TARGET-ALL-P3__EPIC_beta.txt	0.0	-18.911198	4.600305
TARGET-00-SJNORM016096-14A.3.Detection.Pval	TARGET-00-SJNORM016096-14A.3.Detection.Pval	TARGET-ALL-P3	EPIC	idat_sample_sheet_TARGET-ALL-P3__EPIC_beta.txt	0.0	-18.882626	3.5425982
TARGET-15-SJMPAL042793-09A.3.Detection.Pval	TARGET-15-SJMPAL042793-09A.3.Detection.Pval	TARGET-ALL-P3	EPIC	idat_sample_sheet_TARGET-ALL-P3__EPIC_beta.txt	0.0	-18.846226	4.0846434
TARGET-10-PASRMM-09A.Detection.Pval	TARGET-10-PASRMM-09A.Detection.Pval	TARGET-ALL-P3	EPIC	idat_sample_sheet_TARGET-ALL-P3__EPIC_beta.txt	0.0	-19.14333	5.1543465
TARGET-15-SJMPAL016340-09A.Detection.Pval	TARGET-15-SJMPAL016340-09A.Detection.Pval	TARGET-ALL-P3	EPIC	idat_sample_sheet_TARGET-ALL-P3__EPIC_beta.txt	0.0	-18.564375	4.626226
TARGET-15-SJMPAL046466-09A.Detection.Pval	TARGET-15-SJMPAL046466-09A.Detection.Pval	TARGET-ALL-P3	EPIC	idat_sample_sheet_TARGET-ALL-P3__EPIC_beta.txt	0.0	-18.832392	3.414951
TARGET-10-PARAMR-09A.Detection.Pval	TARGET-10-PARAMR-09A.Detection.Pval	TARGET-ALL-P3	EPIC	idat_sample_sheet_TARGET-ALL-P3__EPIC_beta.txt	0.0	-19.816027	3.806184
TARGET-15-SJMPAL016447-09A.2.Detection.Pval	TARGET-15-SJMPAL016447-09A.2.Detection.Pval	TARGET-ALL-P3	EPIC	idat_sample_sheet_TARGET-ALL-P3__EPIC_beta.txt	0.0	-19.149471	3.2731855
TARGET-20-SJAML040268-09A.Detection.Pval	TARGET-20-SJAML040268-09A.Detection.Pval	TARGET-ALL-P3	EPIC	idat_sample_sheet_TARGET-ALL-P3__EPIC_beta.txt	0.0	-19.18074	4.876366
TARGET-15-SJMPAL012417-09A.Detection.Pval	TARGET-15-SJMPAL012417-09A.Detection.Pval	TARGET-ALL-P3	EPIC	idat_sample_sheet_TARGET-ALL-P3__EPIC_beta.txt	0.0	-17.127357	6.182401
TARGET-10-PARMGY-09A.Detection.Pval	TARGET-10-PARMGY-09A.Detection.Pval	TARGET-ALL-P3	EPIC	idat_sample_sheet_TARGET-ALL-P3__EPIC_beta.txt	0.0	-18.930918	4.577296
TARGET-15-SJMPAL012424-03A.2.Detection.Pval	TARGET-15-SJMPAL012424-03A.2.Detection.Pval	TARGET-ALL-P3	EPIC	idat_sample_sheet_TARGET-ALL-P3__EPIC_beta.txt	0.0	-18.267696	4.6913633
TARGET-10-PASHNK-09A.Detection.Pval	TARGET-10-PASHNK-09A.Detection.Pval	TARGET-ALL-P3	EPIC	idat_sample_sheet_TARGET-ALL-P3__EPIC_beta.txt	0.0	-16.181076	5.9264946
TARGET-15-SJMPAL012425-09A.1.Detection.Pval	TARGET-15-SJMPAL012425-09A.1.Detection.Pval	TARGET-ALL-P3	EPIC	idat_sample_sheet_TARGET-ALL-P3__EPIC_beta.txt	0.0	-16.140196	5.967618
TARGET-15-SJMPAL046470-09A.1.Detection.Pval	TARGET-15-SJMPAL046470-09A.1.Detection.Pval	TARGET-ALL-P3	EPIC	idat_sample_sheet_TARGET-ALL-P3__EPIC_beta.txt	0.0	-18.914713	3.5030332
TARGET-15-SJMPAL016447-09A.1.Detection.Pval	TARGET-15-SJMPAL016447-09A.1.Detection.Pval	TARGET-ALL-P3	EPIC	idat_sample_sheet_TARGET-ALL-P3__EPIC_beta.txt	0.0	-19.257456	3.4678192
TARGET-10-PAPIGH-09A.Detection.Pval	TARGET-10-PAPIGH-09A.Detection.Pval	TARGET-ALL-P3	EPIC	idat_sample_sheet_TARGET-ALL-P3__EPIC_beta.txt	0.0	-17.569933	4.3315015
TARGET-10-PANRIM-03A.Detection.Pval	TARGET-10-PANRIM-03A.Detection.Pval	TARGET-ALL-P3	EPIC	idat_sample_sheet_TARGET-ALL-P3__EPIC_beta.txt	0.0	-19.450579	3.2617176
TARGET-15-SJMPAL042793-09A.2.Detection.Pval	TARGET-15-SJMPAL042793-09A.2.Detection.Pval	TARGET-ALL-P3	EPIC	idat_sample_sheet_TARGET-ALL-P3__EPIC_beta.txt	0.0	-18.655165	3.5436447
TARGET-10-SJBALL014146-09A.Detection.Pval	TARGET-10-SJBALL014146-09A.Detection.Pval	TARGET-ALL-P3	EPIC	idat_sample_sheet_TARGET-ALL-P3__EPIC_beta.txt	0.0	-18.792747	4.9277267
TARGET-10-PANJRD-09A.Detection.Pval	TARGET-10-PANJRD-09A.Detection.Pval	TARGET-ALL-P3	EPIC	idat_sample_sheet_TARGET-ALL-P3__EPIC_beta.txt	0.0	-18.93294	3.9423168
TARGET-00-SJNORM016096-14A.2.Detection.Pval	TARGET-00-SJNORM016096-14A.2.Detection.Pval	TARGET-ALL-P3	EPIC	idat_sample_sheet_TARGET-ALL-P3__EPIC_beta.txt	0.0	-19.181927	3.496298
TARGET-15-SJMPAL040037-09A.3.Detection.Pval	TARGET-15-SJMPAL040037-09A.3.Detection.Pval	TARGET-ALL-P3	EPIC	idat_sample_sheet_TARGET-ALL-P3__EPIC_beta.txt	0.0	-19.016447	4.183997
TARGET-15-PARWPU-09A.Detection.Pval	TARGET-15-PARWPU-09A.Detection.Pval	TARGET-ALL-P3	EPIC	idat_sample_sheet_TARGET-ALL-P3__EPIC_beta.txt	0.0	-19.850513	4.7004666
TARGET-00-SJNORM016314-17A.5.Detection.Pval	TARGET-00-SJNORM016314-17A.5.Detection.Pval	TARGET-ALL-P3	EPIC	idat_sample_sheet_TARGET-ALL-P3__EPIC_beta.txt	0.0	-19.064503	3.9283357
TARGET-10-PASZEW-09A.Detection.Pval	TARGET-10-PASZEW-09A.Detection.Pval	TARGET-ALL-P3	EPIC	idat_sample_sheet_TARGET-ALL-P3__EPIC_beta.txt	0.0	-19.166803	4.4960494
TARGET-15-SJMPAL016448-09A.Detection.Pval	TARGET-15-SJMPAL016448-09A.Detection.Pval	TARGET-ALL-P3	EPIC	idat_sample_sheet_TARGET-ALL-P3__EPIC_beta.txt	0.0	-17.780077	5.0472283
TARGET-10-SJBALL004182-09A.2.Detection.Pval	TARGET-10-SJBALL004182-09A.2.Detection.Pval	TARGET-ALL-P3	EPIC	idat_sample_sheet_TARGET-ALL-P3__EPIC_beta.txt	0.0	-18.812925	5.143494
TARGET-10-PAPGPJ-09A.Detection.Pval	TARGET-10-PAPGPJ-09A.Detection.Pval	TARGET-ALL-P3	EPIC	idat_sample_sheet_TARGET-ALL-P3__EPIC_beta.txt	0.0	-17.105207	5.743656
TARGET-10-PATCNI-09A.Detection.Pval	TARGET-10-PATCNI-09A.Detection.Pval	TARGET-ALL-P3	EPIC	idat_sample_sheet_TARGET-ALL-P3__EPIC_beta.txt	0.0	-19.278412	4.829371
TARGET-15-SJMPAL046471-09A.Detection.Pval	TARGET-15-SJMPAL046471-09A.Detection.Pval	TARGET-ALL-P3	EPIC	idat_sample_sheet_TARGET-ALL-P3__EPIC_beta.txt	0.0	-18.296988	4.4208527
TARGET-10-SJBALL021816-09A.Detection.Pval	TARGET-10-SJBALL021816-09A.Detection.Pval	TARGET-ALL-P3	EPIC	idat_sample_sheet_TARGET-ALL-P3__EPIC_beta.txt	0.0	-19.706434	3.8403926
TARGET-15-SJMPAL016343-09A.Detection.Pval	TARGET-15-SJMPAL016343-09A.Detection.Pval	TARGET-ALL-P3	EPIC	idat_sample_sheet_TARGET-ALL-P3__EPIC_beta.txt	0.0	-19.626097	3.4355276
TARGET-15-SJMPAL046470-09A.2.Detection.Pval	TARGET-15-SJMPAL046470-09A.2.Detection.Pval	TARGET-ALL-P3	EPIC	idat_sample_sheet_TARGET-ALL-P3__EPIC_beta.txt	0.0	-19.091835	3.3988197
TARGET-00-SJNORM016314-17A.4.Detection.Pval	TARGET-00-SJNORM016314-17A.4.Detection.Pval	TARGET-ALL-P3	EPIC	idat_sample_sheet_TARGET-ALL-P3__EPIC_beta.txt	0.0	-19.657265	4.5738263
TARGET-00-SJNORM018231-17A.2.Detection.Pval	TARGET-00-SJNORM018231-17A.2.Detection.Pval	TARGET-ALL-P3	EPIC	idat_sample_sheet_TARGET-ALL-P3__EPIC_beta.txt	0.0	-18.330366	5.7614293
TARGET-10-PARPYJ-09A.Detection.Pval	TARGET-10-PARPYJ-09A.Detection.Pval	TARGET-ALL-P3	EPIC	idat_sample_sheet_TARGET-ALL-P3__EPIC_beta.txt	0.0	-19.518677	4.8847175
TARGET-20-SJAML045738-09A.Detection.Pval	TARGET-20-SJAML045738-09A.Detection.Pval	TARGET-ALL-P3	EPIC	idat_sample_sheet_TARGET-ALL-P3__EPIC_beta.txt	0.0	-19.440117	4.763959
TARGET-10-PAPHGD-09A.Detection.Pval	TARGET-10-PAPHGD-09A.Detection.Pval	TARGET-ALL-P3	EPIC	idat_sample_sheet_TARGET-ALL-P3__EPIC_beta.txt	0.0	-19.891577	4.210882
TARGET-15-SJMPAL012424-03A.1.Detection.Pval	TARGET-15-SJMPAL012424-03A.1.Detection.Pval	TARGET-ALL-P3	EPIC	idat_sample_sheet_TARGET-ALL-P3__EPIC_beta.txt	0.0	-18.505714	4.1915603
TARGET-15-SJMPAL046467-09A.Detection.Pval	TARGET-15-SJMPAL046467-09A.Detection.Pval	TARGET-ALL-P3	EPIC	idat_sample_sheet_TARGET-ALL-P3__EPIC_beta.txt	0.0	-19.604002	3.817383
TARGET-15-SJMPAL012418-09A.1.Detection.Pval	TARGET-15-SJMPAL012418-09A.1.Detection.Pval	TARGET-ALL-P3	EPIC	idat_sample_sheet_TARGET-ALL-P3__EPIC_beta.txt	0.0	-19.278131	4.0103173
TARGET-00-SJNORM054698-14A.1.Detection.Pval	TARGET-00-SJNORM054698-14A.1.Detection.Pval	TARGET-ALL-P3	EPIC	idat_sample_sheet_TARGET-ALL-P3__EPIC_beta.txt	0.0	-19.940044	3.944493
TARGET-15-SJMPAL040037-09A.4.Detection.Pval	TARGET-15-SJMPAL040037-09A.4.Detection.Pval	TARGET-ALL-P3	EPIC	idat_sample_sheet_TARGET-ALL-P3__EPIC_beta.txt	0.0	-19.510078	3.9520583
TARGET-20-SJAML045742-09A.Detection.Pval	TARGET-20-SJAML045742-09A.Detection.Pval	TARGET-ALL-P3	EPIC	idat_sample_sheet_TARGET-ALL-P3__EPIC_beta.txt	0.0	-19.587532	3.672754
TARGET-10-PATKVD-09A.Detection.Pval	TARGET-10-PATKVD-09A.Detection.Pval	TARGET-ALL-P3	EPIC	idat_sample_sheet_TARGET-ALL-P3__EPIC_beta.txt	0.0	-18.485525	4.9208646
TARGET-00-SJNORM016314-17A.3.Detection.Pval	TARGET-00-SJNORM016314-17A.3.Detection.Pval	TARGET-ALL-P3	EPIC	idat_sample_sheet_TARGET-ALL-P3__EPIC_beta.txt	0.0	-17.781242	4.734308
TARGET-15-SJMPAL040024-09A.1.Detection.Pval	TARGET-15-SJMPAL040024-09A.1.Detection.Pval	TARGET-ALL-P3	EPIC	idat_sample_sheet_TARGET-ALL-P3__EPIC_beta.txt	0.0	-18.905804	4.2980776
TARGET-10-SJALL040058-09A.Detection.Pval	TARGET-10-SJALL040058-09A.Detection.Pval	TARGET-ALL-P3	EPIC	idat_sample_sheet_TARGET-ALL-P3__EPIC_beta.txt	0.0	-19.711397	4.024325
TARGET-10-PASNTZ-09A.Detection.Pval	TARGET-10-PASNTZ-09A.Detection.Pval	TARGET-ALL-P3	EPIC	idat_sample_sheet_TARGET-ALL-P3__EPIC_beta.txt	0.0	-19.555471	4.2105646
TARGET-00-SJNORM016096-14A.1.Detection.Pval	TARGET-00-SJNORM016096-14A.1.Detection.Pval	TARGET-ALL-P3	EPIC	idat_sample_sheet_TARGET-ALL-P3__EPIC_beta.txt	0.0	-19.616838	4.2019353
TARGET-10-PARXMV-03A.Detection.Pval	TARGET-10-PARXMV-03A.Detection.Pval	TARGET-ALL-P3	EPIC	idat_sample_sheet_TARGET-ALL-P3__EPIC_beta.txt	0.0	-19.407476	3.9104638
TARGET-10-PASRCV-09A.Detection.Pval	TARGET-10-PASRCV-09A.Detection.Pval	TARGET-ALL-P3	EPIC	idat_sample_sheet_TARGET-ALL-P3__EPIC_beta.txt	0.0	-19.851942	3.7472699
TARGET-15-SJMPAL016343-04A.1.Detection.Pval	TARGET-15-SJMPAL016343-04A.1.Detection.Pval	TARGET-ALL-P3	EPIC	idat_sample_sheet_TARGET-ALL-P3__EPIC_beta.txt	0.0	-19.780663	4.200155
TARGET-10-SJBALL004182-09A.1.Detection.Pval	TARGET-10-SJBALL004182-09A.1.Detection.Pval	TARGET-ALL-P3	EPIC	idat_sample_sheet_TARGET-ALL-P3__EPIC_beta.txt	0.0	-16.847347	6.5854664
TARGET-10-PARUEU-09A.Detection.Pval	TARGET-10-PARUEU-09A.Detection.Pval	TARGET-ALL-P3	EPIC	idat_sample_sheet_TARGET-ALL-P3__EPIC_beta.txt	0.0	-19.392555	4.1762195
TARGET-10-PATALJ-09A.Detection.Pval	TARGET-10-PATALJ-09A.Detection.Pval	TARGET-ALL-P3	EPIC	idat_sample_sheet_TARGET-ALL-P3__EPIC_beta.txt	0.0	-19.193117	5.353621
TARGET-10-PAPEZX-09A.Detection.Pval	TARGET-10-PAPEZX-09A.Detection.Pval	TARGET-ALL-P3	EPIC	idat_sample_sheet_TARGET-ALL-P3__EPIC_beta.txt	0.0	-19.686367	3.62984
TARGET-15-SJMPAL012418-09A.3.Detection.Pval	TARGET-15-SJMPAL012418-09A.3.Detection.Pval	TARGET-ALL-P3	EPIC	idat_sample_sheet_TARGET-ALL-P3__EPIC_beta.txt	0.0	-19.189064	3.9238207
TARGET-10-PASZJW-03A.Detection.Pval	TARGET-10-PASZJW-03A.Detection.Pval	TARGET-ALL-P3	EPIC	idat_sample_sheet_TARGET-ALL-P3__EPIC_beta.txt	0.0	-19.375582	4.1262736
TARGET-15-SJMPAL012419-09A.1.Detection.Pval	TARGET-15-SJMPAL012419-09A.1.Detection.Pval	TARGET-ALL-P3	EPIC	idat_sample_sheet_TARGET-ALL-P3__EPIC_beta.txt	0.0	-18.736073	5.0885644
TARGET-20-SJAML045737-09A.Detection.Pval	TARGET-20-SJAML045737-09A.Detection.Pval	TARGET-ALL-P3	EPIC	idat_sample_sheet_TARGET-ALL-P3__EPIC_beta.txt	0.0	-19.315466	4.4171915
TARGET-15-SJMPAL016447-09A.3.Detection.Pval	TARGET-15-SJMPAL016447-09A.3.Detection.Pval	TARGET-ALL-P3	EPIC	idat_sample_sheet_TARGET-ALL-P3__EPIC_beta.txt	0.0	-19.456335	3.6799898
TARGET-10-PARTBP-09A.Detection.Pval	TARGET-10-PARTBP-09A.Detection.Pval	TARGET-ALL-P3	EPIC	idat_sample_sheet_TARGET-ALL-P3__EPIC_beta.txt	0.0	-19.471954	5.119215
TARGET-15-SJMPAL012425-09A.2.Detection.Pval	TARGET-15-SJMPAL012425-09A.2.Detection.Pval	TARGET-ALL-P3	EPIC	idat_sample_sheet_TARGET-ALL-P3__EPIC_beta.txt	0.0	-16.16966	5.9479656
TARGET-10-SJBALL004182-09A.Detection.Pval	TARGET-10-SJBALL004182-09A.Detection.Pval	TARGET-ALL-P3	EPIC	idat_sample_sheet_TARGET-ALL-P3__EPIC_beta.txt	0.0	-16.573671	6.771486
TARGET-10-PAPAJU-09A.Detection.Pval	TARGET-10-PAPAJU-09A.Detection.Pval	TARGET-ALL-P3	EPIC	idat_sample_sheet_TARGET-ALL-P3__EPIC_beta.txt	0.0	-19.410355	4.809224
TARGET-15-SJMPAL046471-09A.1.Detection.Pval	TARGET-15-SJMPAL046471-09A.1.Detection.Pval	TARGET-ALL-P3	EPIC	idat_sample_sheet_TARGET-ALL-P3__EPIC_beta.txt	0.0	-19.539564	3.7231884
TARGET-10-PASJLN-09A.Detection.Pval	TARGET-10-PASJLN-09A.Detection.Pval	TARGET-ALL-P3	EPIC	idat_sample_sheet_TARGET-ALL-P3__EPIC_beta.txt	0.0	-19.308609	5.021867
TARGET-10-PANWPI-09A.Detection.Pval	TARGET-10-PANWPI-09A.Detection.Pval	TARGET-ALL-P3	EPIC	idat_sample_sheet_TARGET-ALL-P3__EPIC_beta.txt	0.0	-19.709412	4.633458
TARGET-00-SJNORM018231-17A.3.Detection.Pval	TARGET-00-SJNORM018231-17A.3.Detection.Pval	TARGET-ALL-P3	EPIC	idat_sample_sheet_TARGET-ALL-P3__EPIC_beta.txt	0.0	-18.154243	6.032623
TARGET-10-PAPDAU-09A.Detection.Pval	TARGET-10-PAPDAU-09A.Detection.Pval	TARGET-ALL-P3	EPIC	idat_sample_sheet_TARGET-ALL-P3__EPIC_beta.txt	0.0	-19.423897	3.8666663
TARGET-10-SJBALL014594-03A.Detection.Pval	TARGET-10-SJBALL014594-03A.Detection.Pval	TARGET-ALL-P3	EPIC	idat_sample_sheet_TARGET-ALL-P3__EPIC_beta.txt	0.0	-18.430244	4.823964
TARGET-10-PATFWF-09A.Detection.Pval	TARGET-10-PATFWF-09A.Detection.Pval	TARGET-ALL-P3	EPIC	idat_sample_sheet_TARGET-ALL-P3__EPIC_beta.txt	0.0	-19.426708	5.2310553
TARGET-52-PARECB-01A	TARGET-52-PARECB-01A.Ave_Beta	TARGET-RT	EPIC	idat_sample_sheet_TARGET-RT__EPIC_beta.txt	0.0	9.471799	1.3941807
TARGET-52-PASVDP-01A	TARGET-52-PASVDP-01A.Ave_Beta	TARGET-RT	EPIC	idat_sample_sheet_TARGET-RT__EPIC_beta.txt	0.0	9.774424	0.5073864
TARGET-52-PAUFVP-01A	TARGET-52-PAUFVP-01A.Ave_Beta	TARGET-RT	EPIC	idat_sample_sheet_TARGET-RT__EPIC_beta.txt	0.0	10.392597	1.2999055
TARGET-52-PATAFT-01A	TARGET-52-PATAFT-01A.Ave_Beta	TARGET-RT	EPIC	idat_sample_sheet_TARGET-RT__EPIC_beta.txt	0.0	10.508406	1.2781084
TARGET-52-PAWFWK-01A	TARGET-52-PAWFWK-01A.Ave_Beta	TARGET-RT	EPIC	idat_sample_sheet_TARGET-RT__EPIC_beta.txt	0.0	9.741304	0.4142596
TARGET-52-PARTKH-01A	TARGET-52-PARTKH-01A.Ave_Beta	TARGET-RT	EPIC	idat_sample_sheet_TARGET-RT__EPIC_beta.txt	0.0	10.67216	1.8089249
TARGET-52-PAKHTL-01A	TARGET-52-PAKHTL-01A.Ave_Beta	TARGET-RT	EPIC	idat_sample_sheet_TARGET-RT__EPIC_beta.txt	0.0	10.240135	1.1801527
TARGET-52-PADWRZ-01A	TARGET-52-PADWRZ-01A.Ave_Beta	TARGET-RT	EPIC	idat_sample_sheet_TARGET-RT__EPIC_beta.txt	0.0	9.767522	1.4887629
TARGET-52-PATENH-01A	TARGET-52-PATENH-01A.Ave_Beta	TARGET-RT	EPIC	idat_sample_sheet_TARGET-RT__EPIC_beta.txt	0.0	9.874607	1.3817326
TARGET-52-PAVDPR-01A	TARGET-52-PAVDPR-01A.Ave_Beta	TARGET-RT	EPIC	idat_sample_sheet_TARGET-RT__EPIC_beta.txt	0.0	9.575223	1.2597417
TARGET-52-PABKLN-01A	TARGET-52-PABKLN-01A.Ave_Beta	TARGET-RT	EPIC	idat_sample_sheet_TARGET-RT__EPIC_beta.txt	0.0	10.019333	1.5371349
TARGET-52-PAVCKS-01A	TARGET-52-PAVCKS-01A.Ave_Beta	TARGET-RT	EPIC	idat_sample_sheet_TARGET-RT__EPIC_beta.txt	0.0	10.189431	1.0827705
TARGET-52-PASXNA-01A	TARGET-52-PASXNA-01A.Ave_Beta	TARGET-RT	EPIC	idat_sample_sheet_TARGET-RT__EPIC_beta.txt	0.0	11.003759	1.8234059
TARGET-52-PASDLA-01A	TARGET-52-PASDLA-01A.Ave_Beta	TARGET-RT	EPIC	idat_sample_sheet_TARGET-RT__EPIC_beta.txt	0.0	9.557994	0.23175761
TARGET-52-PATXKA-01A	TARGET-52-PATXKA-01A.Ave_Beta	TARGET-RT	EPIC	idat_sample_sheet_TARGET-RT__EPIC_beta.txt	0.0	10.099767	1.1160154
TARGET-52-PARRCL-01A	TARGET-52-PARRCL-01A.Ave_Beta	TARGET-RT	EPIC	idat_sample_sheet_TARGET-RT__EPIC_beta.txt	0.0	9.516403	1.2422756
TARGET-52-PARGRN-01A	TARGET-52-PARGRN-01A.Ave_Beta	TARGET-RT	EPIC	idat_sample_sheet_TARGET-RT__EPIC_beta.txt	0.0	9.552141	1.7456862
TARGET-52-PADYZI-01A	TARGET-52-PADYZI-01A.Ave_Beta	TARGET-RT	EPIC	idat_sample_sheet_TARGET-RT__EPIC_beta.txt	0.0	10.27896	1.5991825
TARGET-52-PASYNF-01A	TARGET-52-PASYNF-01A.Ave_Beta	TARGET-RT	EPIC	idat_sample_sheet_TARGET-RT__EPIC_beta.txt	0.0	10.562053	1.4785358
TARGET-52-PAVYKD-01A	TARGET-52-PAVYKD-01A.Ave_Beta	TARGET-RT	EPIC	idat_sample_sheet_TARGET-RT__EPIC_beta.txt	0.0	9.505707	1.7539555
TARGET-52-PAJMRB-01A	TARGET-52-PAJMRB-01A.Ave_Beta	TARGET-RT	EPIC	idat_sample_sheet_TARGET-RT__EPIC_beta.txt	0.0	10.515653	1.6158237
TARGET-52-PAVVIT-01A	TARGET-52-PAVVIT-01A.Ave_Beta	TARGET-RT	EPIC	idat_sample_sheet_TARGET-RT__EPIC_beta.txt	0.0	9.929228	0.6951979
TARGET-52-PATYUA-01A	TARGET-52-PATYUA-01A.Ave_Beta	TARGET-RT	EPIC	idat_sample_sheet_TARGET-RT__EPIC_beta.txt	0.0	9.886623	0.81055784
TARGET-52-PATFZZ-01A	TARGET-52-PATFZZ-01A.Ave_Beta	TARGET-RT	EPIC	idat_sample_sheet_TARGET-RT__EPIC_beta.txt	0.0	9.787532	0.5607358
TARGET-52-PAJLRA-01A	TARGET-52-PAJLRA-01A.Ave_Beta	TARGET-RT	EPIC	idat_sample_sheet_TARGET-RT__EPIC_beta.txt	0.0	10.71552	1.4913492
TARGET-52-PAJNER-01A	TARGET-52-PAJNER-01A.Ave_Beta	TARGET-RT	EPIC	idat_sample_sheet_TARGET-RT__EPIC_beta.txt	0.0	9.843807	1.3389702
TARGET-52-PARKKN-01A	TARGET-52-PARKKN-01A.Ave_Beta	TARGET-RT	EPIC	idat_sample_sheet_TARGET-RT__EPIC_beta.txt	0.0	10.821385	1.5902653
TARGET-52-PAKPEW-01A	TARGET-52-PAKPEW-01A.Ave_Beta	TARGET-RT	EPIC	idat_sample_sheet_TARGET-RT__EPIC_beta.txt	0.0	9.632198	1.3173399
TARGET-52-PAUDPV-01A	TARGET-52-PAUDPV-01A.Ave_Beta	TARGET-RT	EPIC	idat_sample_sheet_TARGET-RT__EPIC_beta.txt	0.0	9.720361	1.7723902
TARGET-52-PAREWI-01A	TARGET-52-PAREWI-01A.Ave_Beta	TARGET-RT	EPIC	idat_sample_sheet_TARGET-RT__EPIC_beta.txt	0.0	9.409034	1.6548262
TARGET-52-PAUNPA-01A	TARGET-52-PAUNPA-01A.Ave_Beta	TARGET-RT	EPIC	idat_sample_sheet_TARGET-RT__EPIC_beta.txt	0.0	10.175048	1.5684912
TARGET-52-PAKLYZ-01A	TARGET-52-PAKLYZ-01A.Ave_Beta	TARGET-RT	EPIC	idat_sample_sheet_TARGET-RT__EPIC_beta.txt	0.0	9.711815	1.2978902
TARGET-52-PASGCL-01A	TARGET-52-PASGCL-01A.Ave_Beta	TARGET-RT	EPIC	idat_sample_sheet_TARGET-RT__EPIC_beta.txt	0.0	10.741552	1.9482546
TARGET-52-PAUCGJ-01A	TARGET-52-PAUCGJ-01A.Ave_Beta	TARGET-RT	EPIC	idat_sample_sheet_TARGET-RT__EPIC_beta.txt	0.0	9.637271	1.6656046
TARGET-52-PASNED-01A	TARGET-52-PASNED-01A.Ave_Beta	TARGET-RT	EPIC	idat_sample_sheet_TARGET-RT__EPIC_beta.txt	0.0	10.9697275	1.882459
TARGET-52-PARZBI-01A	TARGET-52-PARZBI-01A.Ave_Beta	TARGET-RT	EPIC	idat_sample_sheet_TARGET-RT__EPIC_beta.txt	0.0	10.1878395	1.0678743
TARGET-52-PAKTCT-01A	TARGET-52-PAKTCT-01A.Ave_Beta	TARGET-RT	EPIC	idat_sample_sheet_TARGET-RT__EPIC_beta.txt	0.0	9.81159	1.0804771
TARGET-52-PASABD-01A	TARGET-52-PASABD-01A.Ave_Beta	TARGET-RT	EPIC	idat_sample_sheet_TARGET-RT__EPIC_beta.txt	0.0	9.725586	0.33099973
TARGET-52-PASAMZ-01A	TARGET-52-PASAMZ-01A.Ave_Beta	TARGET-RT	EPIC	idat_sample_sheet_TARGET-RT__EPIC_beta.txt	0.0	9.717825	1.2625333
TARGET-52-PARUGK-01A	TARGET-52-PARUGK-01A.Ave_Beta	TARGET-RT	EPIC	idat_sample_sheet_TARGET-RT__EPIC_beta.txt	0.0	9.9723835	1.3157779
TARGET-52-PAUHAZ-01A	TARGET-52-PAUHAZ-01A.Ave_Beta	TARGET-RT	EPIC	idat_sample_sheet_TARGET-RT__EPIC_beta.txt	0.0	9.641015	0.32647538
TARGET-52-PAWDGA-01A	TARGET-52-PAWDGA-01A.Ave_Beta	TARGET-RT	EPIC	idat_sample_sheet_TARGET-RT__EPIC_beta.txt	0.0	10.504489	0.97786856
TARGET-52-PATFXW-01A	TARGET-52-PATFXW-01A.Ave_Beta	TARGET-RT	EPIC	idat_sample_sheet_TARGET-RT__EPIC_beta.txt	0.0	9.545471	0.20943779
TARGET-52-PAEHIP-01A	TARGET-52-PAEHIP-01A.Ave_Beta	TARGET-RT	EPIC	idat_sample_sheet_TARGET-RT__EPIC_beta.txt	0.0	9.791419	0.95853513
TARGET-52-PASRHU-01A	TARGET-52-PASRHU-01A.Ave_Beta	TARGET-RT	EPIC	idat_sample_sheet_TARGET-RT__EPIC_beta.txt	0.0	9.536451	0.1974909
TARGET-52-PAJNFZ-01A	TARGET-52-PAJNFZ-01A.Ave_Beta	TARGET-RT	EPIC	idat_sample_sheet_TARGET-RT__EPIC_beta.txt	0.0	9.8946705	1.2131919
TARGET-52-PAUGYZ-01A	TARGET-52-PAUGYZ-01A.Ave_Beta	TARGET-RT	EPIC	idat_sample_sheet_TARGET-RT__EPIC_beta.txt	0.0	9.624496	0.32021955
TARGET-52-PASXGF-01A	TARGET-52-PASXGF-01A.Ave_Beta	TARGET-RT	EPIC	idat_sample_sheet_TARGET-RT__EPIC_beta.txt	0.0	9.951662	1.2747753
TARGET-52-PASILR-01A	TARGET-52-PASILR-01A.Ave_Beta	TARGET-RT	EPIC	idat_sample_sheet_TARGET-RT__EPIC_beta.txt	0.0	10.617168	1.2278565
TARGET-52-PARZRH-01A	TARGET-52-PARZRH-01A.Ave_Beta	TARGET-RT	EPIC	idat_sample_sheet_TARGET-RT__EPIC_beta.txt	0.0	9.446465	1.6121532
TARGET-52-PARIRN-01A	TARGET-52-PARIRN-01A.Ave_Beta	TARGET-RT	EPIC	idat_sample_sheet_TARGET-RT__EPIC_beta.txt	0.0	10.724053	1.7910588
TARGET-52-PARPFY-01A	TARGET-52-PARPFY-01A.Ave_Beta	TARGET-RT	EPIC	idat_sample_sheet_TARGET-RT__EPIC_beta.txt	0.0	10.383561	1.1006109
TARGET-52-PASZYE-01A	TARGET-52-PASZYE-01A.Ave_Beta	TARGET-RT	EPIC	idat_sample_sheet_TARGET-RT__EPIC_beta.txt	0.0	10.148184	1.6478615
TARGET-52-PASADZ-01A	TARGET-52-PASADZ-01A.Ave_Beta	TARGET-RT	EPIC	idat_sample_sheet_TARGET-RT__EPIC_beta.txt	0.0	9.449057	1.7833844
TARGET-52-PATBLF-01A	TARGET-52-PATBLF-01A.Ave_Beta	TARGET-RT	EPIC	idat_sample_sheet_TARGET-RT__EPIC_beta.txt	0.0	10.588159	1.206025
TARGET-52-PAJLWM-01A	TARGET-52-PAJLWM-01A.Ave_Beta	TARGET-RT	EPIC	idat_sample_sheet_TARGET-RT__EPIC_beta.txt	0.0	10.957033	2.1114376
TARGET-52-PAWFBL-01A	TARGET-52-PAWFBL-01A.Ave_Beta	TARGET-RT	EPIC	idat_sample_sheet_TARGET-RT__EPIC_beta.txt	0.0	11.261595	1.5410178
TARGET-52-PAJPHJ-01A	TARGET-52-PAJPHJ-01A.Ave_Beta	TARGET-RT	EPIC	idat_sample_sheet_TARGET-RT__EPIC_beta.txt	0.0	10.826138	2.1451664
TARGET-52-PASGGN-01A	TARGET-52-PASGGN-01A.Ave_Beta	TARGET-RT	EPIC	idat_sample_sheet_TARGET-RT__EPIC_beta.txt	0.0	10.003675	0.8962448
TARGET-52-PASWZZ-01A	TARGET-52-PASWZZ-01A.Ave_Beta	TARGET-RT	EPIC	idat_sample_sheet_TARGET-RT__EPIC_beta.txt	0.0	9.903138	0.8980469
TARGET-52-PAJMBW-01A	TARGET-52-PAJMBW-01A.Ave_Beta	TARGET-RT	EPIC	idat_sample_sheet_TARGET-RT__EPIC_beta.txt	0.0	9.659249	0.39317855
TARGET-52-PAVYDM-01A	TARGET-52-PAVYDM-01A.Ave_Beta	TARGET-RT	EPIC	idat_sample_sheet_TARGET-RT__EPIC_beta.txt	0.0	9.86041	0.9094952
TARGET-52-PASCDH-01A	TARGET-52-PASCDH-01A.Ave_Beta	TARGET-RT	EPIC	idat_sample_sheet_TARGET-RT__EPIC_beta.txt	0.0	9.96355	1.3195007
TARGET-52-PAJNFP-01A	TARGET-52-PAJNFP-01A.Ave_Beta	TARGET-RT	EPIC	idat_sample_sheet_TARGET-RT__EPIC_beta.txt	0.0	9.458351	1.745653
TARGET-52-PATXEE-01A	TARGET-52-PATXEE-01A.Ave_Beta	TARGET-RT	EPIC	idat_sample_sheet_TARGET-RT__EPIC_beta.txt	0.0	9.635984	1.3380058
TARGET-52-PAVITI-01A	TARGET-52-PAVITI-01A.Ave_Beta	TARGET-RT	EPIC	idat_sample_sheet_TARGET-RT__EPIC_beta.txt	0.0	9.740638	1.496828
TARGET-52-PATDVL-01A	TARGET-52-PATDVL-01A.Ave_Beta	TARGET-RT	EPIC	idat_sample_sheet_TARGET-RT__EPIC_beta.txt	0.0	9.681967	0.36547023
TARGET-52-PAUEKW-01A	TARGET-52-PAUEKW-01A.Ave_Beta	TARGET-RT	EPIC	idat_sample_sheet_TARGET-RT__EPIC_beta.txt	0.0	10.489245	1.6085466
TARGET-52-PARECB-01A.Detection.Pval	TARGET-52-PARECB-01A.Detection.Pval	TARGET-RT	EPIC	idat_sample_sheet_TARGET-RT__EPIC_beta.txt	0.0	-17.0678	5.8291974
TARGET-52-PASVDP-01A.Detection.Pval	TARGET-52-PASVDP-01A.Detection.Pval	TARGET-RT	EPIC	idat_sample_sheet_TARGET-RT__EPIC_beta.txt	0.0	-19.733452	4.4135675
TARGET-52-PAUFVP-01A.Detection.Pval	TARGET-52-PAUFVP-01A.Detection.Pval	TARGET-RT	EPIC	idat_sample_sheet_TARGET-RT__EPIC_beta.txt	0.0	-18.737278	3.2021136
TARGET-52-PATAFT-01A.Detection.Pval	TARGET-52-PATAFT-01A.Detection.Pval	TARGET-RT	EPIC	idat_sample_sheet_TARGET-RT__EPIC_beta.txt	0.0	-19.541216	4.5847173
TARGET-52-PAWFWK-01A.Detection.Pval	TARGET-52-PAWFWK-01A.Detection.Pval	TARGET-RT	EPIC	idat_sample_sheet_TARGET-RT__EPIC_beta.txt	0.0	-18.742023	4.157091
TARGET-52-PARTKH-01A.Detection.Pval	TARGET-52-PARTKH-01A.Detection.Pval	TARGET-RT	EPIC	idat_sample_sheet_TARGET-RT__EPIC_beta.txt	0.0	-18.695713	4.6243086
TARGET-52-PAKHTL-01A.Detection.Pval	TARGET-52-PAKHTL-01A.Detection.Pval	TARGET-RT	EPIC	idat_sample_sheet_TARGET-RT__EPIC_beta.txt	0.0	-16.532127	6.7957015
TARGET-52-PADWRZ-01A.Detection.Pval	TARGET-52-PADWRZ-01A.Detection.Pval	TARGET-RT	EPIC	idat_sample_sheet_TARGET-RT__EPIC_beta.txt	0.0	-19.426012	4.897968
TARGET-52-PATENH-01A.Detection.Pval	TARGET-52-PATENH-01A.Detection.Pval	TARGET-RT	EPIC	idat_sample_sheet_TARGET-RT__EPIC_beta.txt	0.0	-18.715693	3.8477576
TARGET-52-PAVDPR-01A.Detection.Pval	TARGET-52-PAVDPR-01A.Detection.Pval	TARGET-RT	EPIC	idat_sample_sheet_TARGET-RT__EPIC_beta.txt	0.0	-19.754425	4.0732126
TARGET-52-PABKLN-01A.Detection.Pval	TARGET-52-PABKLN-01A.Detection.Pval	TARGET-RT	EPIC	idat_sample_sheet_TARGET-RT__EPIC_beta.txt	0.0	-19.202957	3.841
TARGET-52-PAVCKS-01A.Detection.Pval	TARGET-52-PAVCKS-01A.Detection.Pval	TARGET-RT	EPIC	idat_sample_sheet_TARGET-RT__EPIC_beta.txt	0.0	-19.680132	4.17629
TARGET-52-PASXNA-01A.Detection.Pval	TARGET-52-PASXNA-01A.Detection.Pval	TARGET-RT	EPIC	idat_sample_sheet_TARGET-RT__EPIC_beta.txt	0.0	-17.37316	6.008634
TARGET-52-PASDLA-01A.Detection.Pval	TARGET-52-PASDLA-01A.Detection.Pval	TARGET-RT	EPIC	idat_sample_sheet_TARGET-RT__EPIC_beta.txt	0.0	-19.682764	4.8491907
TARGET-52-PATXKA-01A.Detection.Pval	TARGET-52-PATXKA-01A.Detection.Pval	TARGET-RT	EPIC	idat_sample_sheet_TARGET-RT__EPIC_beta.txt	0.0	-17.321743	5.955518
TARGET-52-PARRCL-01A.Detection.Pval	TARGET-52-PARRCL-01A.Detection.Pval	TARGET-RT	EPIC	idat_sample_sheet_TARGET-RT__EPIC_beta.txt	0.0	-18.892784	4.1007485
TARGET-52-PARGRN-01A.Detection.Pval	TARGET-52-PARGRN-01A.Detection.Pval	TARGET-RT	EPIC	idat_sample_sheet_TARGET-RT__EPIC_beta.txt	0.0	-16.63469	5.112712
TARGET-52-PADYZI-01A.Detection.Pval	TARGET-52-PADYZI-01A.Detection.Pval	TARGET-RT	EPIC	idat_sample_sheet_TARGET-RT__EPIC_beta.txt	0.0	-19.304956	4.003087
TARGET-52-PASYNF-01A.Detection.Pval	TARGET-52-PASYNF-01A.Detection.Pval	TARGET-RT	EPIC	idat_sample_sheet_TARGET-RT__EPIC_beta.txt	0.0	-14.768981	6.698314
TARGET-52-PAVYKD-01A.Detection.Pval	TARGET-52-PAVYKD-01A.Detection.Pval	TARGET-RT	EPIC	idat_sample_sheet_TARGET-RT__EPIC_beta.txt	0.0	-19.462923	3.8198404
TARGET-52-PAJMRB-01A.Detection.Pval	TARGET-52-PAJMRB-01A.Detection.Pval	TARGET-RT	EPIC	idat_sample_sheet_TARGET-RT__EPIC_beta.txt	0.0	-18.694876	3.9538496
TARGET-52-PAVVIT-01A.Detection.Pval	TARGET-52-PAVVIT-01A.Detection.Pval	TARGET-RT	EPIC	idat_sample_sheet_TARGET-RT__EPIC_beta.txt	0.0	-18.248919	5.969271
TARGET-52-PATYUA-01A.Detection.Pval	TARGET-52-PATYUA-01A.Detection.Pval	TARGET-RT	EPIC	idat_sample_sheet_TARGET-RT__EPIC_beta.txt	0.0	-19.455435	4.461003
TARGET-52-PATFZZ-01A.Detection.Pval	TARGET-52-PATFZZ-01A.Detection.Pval	TARGET-RT	EPIC	idat_sample_sheet_TARGET-RT__EPIC_beta.txt	0.0	-19.17001	4.7339845
TARGET-52-PAJLRA-01A.Detection.Pval	TARGET-52-PAJLRA-01A.Detection.Pval	TARGET-RT	EPIC	idat_sample_sheet_TARGET-RT__EPIC_beta.txt	0.0	-18.404877	3.910731
TARGET-52-PAJNER-01A.Detection.Pval	TARGET-52-PAJNER-01A.Detection.Pval	TARGET-RT	EPIC	idat_sample_sheet_TARGET-RT__EPIC_beta.txt	0.0	-16.692894	5.2010055
TARGET-52-PARKKN-01A.Detection.Pval	TARGET-52-PARKKN-01A.Detection.Pval	TARGET-RT	EPIC	idat_sample_sheet_TARGET-RT__EPIC_beta.txt	0.0	-14.784784	6.6778927
TARGET-52-PAKPEW-01A.Detection.Pval	TARGET-52-PAKPEW-01A.Detection.Pval	TARGET-RT	EPIC	idat_sample_sheet_TARGET-RT__EPIC_beta.txt	0.0	-18.965172	3.1542537
TARGET-52-PAUDPV-01A.Detection.Pval	TARGET-52-PAUDPV-01A.Detection.Pval	TARGET-RT	EPIC	idat_sample_sheet_TARGET-RT__EPIC_beta.txt	0.0	-19.01947	3.820201
TARGET-52-PAREWI-01A.Detection.Pval	TARGET-52-PAREWI-01A.Detection.Pval	TARGET-RT	EPIC	idat_sample_sheet_TARGET-RT__EPIC_beta.txt	0.0	-14.805179	6.667648
TARGET-52-PAUNPA-01A.Detection.Pval	TARGET-52-PAUNPA-01A.Detection.Pval	TARGET-RT	EPIC	idat_sample_sheet_TARGET-RT__EPIC_beta.txt	0.0	-19.021673	3.557216
TARGET-52-PAKLYZ-01A.Detection.Pval	TARGET-52-PAKLYZ-01A.Detection.Pval	TARGET-RT	EPIC	idat_sample_sheet_TARGET-RT__EPIC_beta.txt	0.0	-19.301992	4.065732
TARGET-52-PASGCL-01A.Detection.Pval	TARGET-52-PASGCL-01A.Detection.Pval	TARGET-RT	EPIC	idat_sample_sheet_TARGET-RT__EPIC_beta.txt	0.0	-19.069893	4.813539
TARGET-52-PAUCGJ-01A.Detection.Pval	TARGET-52-PAUCGJ-01A.Detection.Pval	TARGET-RT	EPIC	idat_sample_sheet_TARGET-RT__EPIC_beta.txt	0.0	-18.471281	4.482506
TARGET-52-PASNED-01A.Detection.Pval	TARGET-52-PASNED-01A.Detection.Pval	TARGET-RT	EPIC	idat_sample_sheet_TARGET-RT__EPIC_beta.txt	0.0	-18.334366	4.5965667
TARGET-52-PARZBI-01A.Detection.Pval	TARGET-52-PARZBI-01A.Detection.Pval	TARGET-RT	EPIC	idat_sample_sheet_TARGET-RT__EPIC_beta.txt	0.0	-19.145868	4.84379
TARGET-52-PAKTCT-01A.Detection.Pval	TARGET-52-PAKTCT-01A.Detection.Pval	TARGET-RT	EPIC	idat_sample_sheet_TARGET-RT__EPIC_beta.txt	0.0	-18.368662	3.3385305
TARGET-52-PASABD-01A.Detection.Pval	TARGET-52-PASABD-01A.Detection.Pval	TARGET-RT	EPIC	idat_sample_sheet_TARGET-RT__EPIC_beta.txt	0.0	-19.0139	4.412598
TARGET-52-PASAMZ-01A.Detection.Pval	TARGET-52-PASAMZ-01A.Detection.Pval	TARGET-RT	EPIC	idat_sample_sheet_TARGET-RT__EPIC_beta.txt	0.0	-19.161139	4.041685
TARGET-52-PARUGK-01A.Detection.Pval	TARGET-52-PARUGK-01A.Detection.Pval	TARGET-RT	EPIC	idat_sample_sheet_TARGET-RT__EPIC_beta.txt	0.0	-19.435524	3.4372027
TARGET-52-PAUHAZ-01A.Detection.Pval	TARGET-52-PAUHAZ-01A.Detection.Pval	TARGET-RT	EPIC	idat_sample_sheet_TARGET-RT__EPIC_beta.txt	0.0	-18.862263	3.6648123
TARGET-52-PAWDGA-01A.Detection.Pval	TARGET-52-PAWDGA-01A.Detection.Pval	TARGET-RT	EPIC	idat_sample_sheet_TARGET-RT__EPIC_beta.txt	0.0	-18.480198	3.91503
TARGET-52-PATFXW-01A.Detection.Pval	TARGET-52-PATFXW-01A.Detection.Pval	TARGET-RT	EPIC	idat_sample_sheet_TARGET-RT__EPIC_beta.txt	0.0	-18.87958	4.644232
TARGET-52-PAEHIP-01A.Detection.Pval	TARGET-52-PAEHIP-01A.Detection.Pval	TARGET-RT	EPIC	idat_sample_sheet_TARGET-RT__EPIC_beta.txt	0.0	-18.622562	3.4340045
TARGET-52-PASRHU-01A.Detection.Pval	TARGET-52-PASRHU-01A.Detection.Pval	TARGET-RT	EPIC	idat_sample_sheet_TARGET-RT__EPIC_beta.txt	0.0	-19.013243	3.9887521
TARGET-52-PAJNFZ-01A.Detection.Pval	TARGET-52-PAJNFZ-01A.Detection.Pval	TARGET-RT	EPIC	idat_sample_sheet_TARGET-RT__EPIC_beta.txt	0.0	-18.896975	5.273278
TARGET-52-PAUGYZ-01A.Detection.Pval	TARGET-52-PAUGYZ-01A.Detection.Pval	TARGET-RT	EPIC	idat_sample_sheet_TARGET-RT__EPIC_beta.txt	0.0	-18.779537	3.6237333
TARGET-52-PASXGF-01A.Detection.Pval	TARGET-52-PASXGF-01A.Detection.Pval	TARGET-RT	EPIC	idat_sample_sheet_TARGET-RT__EPIC_beta.txt	0.0	-18.907589	4.6635313
TARGET-52-PASILR-01A.Detection.Pval	TARGET-52-PASILR-01A.Detection.Pval	TARGET-RT	EPIC	idat_sample_sheet_TARGET-RT__EPIC_beta.txt	0.0	-18.465057	3.4849484
TARGET-52-PARZRH-01A.Detection.Pval	TARGET-52-PARZRH-01A.Detection.Pval	TARGET-RT	EPIC	idat_sample_sheet_TARGET-RT__EPIC_beta.txt	0.0	-18.689068	4.0880857
TARGET-52-PARIRN-01A.Detection.Pval	TARGET-52-PARIRN-01A.Detection.Pval	TARGET-RT	EPIC	idat_sample_sheet_TARGET-RT__EPIC_beta.txt	0.0	-18.442112	5.228511
TARGET-52-PARPFY-01A.Detection.Pval	TARGET-52-PARPFY-01A.Detection.Pval	TARGET-RT	EPIC	idat_sample_sheet_TARGET-RT__EPIC_beta.txt	0.0	-18.394957	5.3067904
TARGET-52-PASZYE-01A.Detection.Pval	TARGET-52-PASZYE-01A.Detection.Pval	TARGET-RT	EPIC	idat_sample_sheet_TARGET-RT__EPIC_beta.txt	0.0	-19.063072	4.847765
TARGET-52-PASADZ-01A.Detection.Pval	TARGET-52-PASADZ-01A.Detection.Pval	TARGET-RT	EPIC	idat_sample_sheet_TARGET-RT__EPIC_beta.txt	0.0	-18.501804	4.1886253
TARGET-52-PATBLF-01A.Detection.Pval	TARGET-52-PATBLF-01A.Detection.Pval	TARGET-RT	EPIC	idat_sample_sheet_TARGET-RT__EPIC_beta.txt	0.0	-14.736266	6.734467
TARGET-52-PAJLWM-01A.Detection.Pval	TARGET-52-PAJLWM-01A.Detection.Pval	TARGET-RT	EPIC	idat_sample_sheet_TARGET-RT__EPIC_beta.txt	0.0	-19.094963	3.0113547
TARGET-52-PAWFBL-01A.Detection.Pval	TARGET-52-PAWFBL-01A.Detection.Pval	TARGET-RT	EPIC	idat_sample_sheet_TARGET-RT__EPIC_beta.txt	0.0	-19.126509	3.3631608
TARGET-52-PAJPHJ-01A.Detection.Pval	TARGET-52-PAJPHJ-01A.Detection.Pval	TARGET-RT	EPIC	idat_sample_sheet_TARGET-RT__EPIC_beta.txt	0.0	-18.92756	3.3813593
TARGET-52-PASGGN-01A.Detection.Pval	TARGET-52-PASGGN-01A.Detection.Pval	TARGET-RT	EPIC	idat_sample_sheet_TARGET-RT__EPIC_beta.txt	0.0	-19.013243	3.4694738
TARGET-52-PASWZZ-01A.Detection.Pval	TARGET-52-PASWZZ-01A.Detection.Pval	TARGET-RT	EPIC	idat_sample_sheet_TARGET-RT__EPIC_beta.txt	0.0	-19.6503	3.526897
TARGET-52-PAJMBW-01A.Detection.Pval	TARGET-52-PAJMBW-01A.Detection.Pval	TARGET-RT	EPIC	idat_sample_sheet_TARGET-RT__EPIC_beta.txt	0.0	-17.75311	5.043254
TARGET-52-PAVYDM-01A.Detection.Pval	TARGET-52-PAVYDM-01A.Detection.Pval	TARGET-RT	EPIC	idat_sample_sheet_TARGET-RT__EPIC_beta.txt	0.0	-19.382898	4.451715
TARGET-52-PASCDH-01A.Detection.Pval	TARGET-52-PASCDH-01A.Detection.Pval	TARGET-RT	EPIC	idat_sample_sheet_TARGET-RT__EPIC_beta.txt	0.0	-18.573132	5.3435054
TARGET-52-PAJNFP-01A.Detection.Pval	TARGET-52-PAJNFP-01A.Detection.Pval	TARGET-RT	EPIC	idat_sample_sheet_TARGET-RT__EPIC_beta.txt	0.0	-16.627714	5.15439
TARGET-52-PATXEE-01A.Detection.Pval	TARGET-52-PATXEE-01A.Detection.Pval	TARGET-RT	EPIC	idat_sample_sheet_TARGET-RT__EPIC_beta.txt	0.0	-18.583345	3.7706509
TARGET-52-PAVITI-01A.Detection.Pval	TARGET-52-PAVITI-01A.Detection.Pval	TARGET-RT	EPIC	idat_sample_sheet_TARGET-RT__EPIC_beta.txt	0.0	-19.3012	4.584594
TARGET-52-PATDVL-01A.Detection.Pval	TARGET-52-PATDVL-01A.Detection.Pval	TARGET-RT	EPIC	idat_sample_sheet_TARGET-RT__EPIC_beta.txt	0.0	-18.331938	4.017414
TARGET-52-PAUEKW-01A.Detection.Pval	TARGET-52-PAUEKW-01A.Detection.Pval	TARGET-RT	EPIC	idat_sample_sheet_TARGET-RT__EPIC_beta.txt	0.0	-19.136553	3.2194526
