sample_id	platform	file_project	original_column	source_file	proj	patient	stype	disease	is_normal	UMAP1	UMAP2
TARGET-20-PASJGZ-04A	450K	TARGET-AML	TARGET-20-PASJGZ-04A.Ave_Beta	idat_sample_sheet_TARGET-AML__450k_beta.txt	20	PASJGZ	04	AML	False	15.012107	19.711023
TARGET-20-PADZCG-09A	450K	TARGET-AML	TARGET-20-PADZCG-09A.Ave_Beta	idat_sample_sheet_TARGET-AML__450k_beta.txt	20	PADZCG	09	AML	False	14.174877	21.626318
TARGET-20-PABLDZ-09A	450K	TARGET-AML	TARGET-20-PABLDZ-09A.Ave_Beta	idat_sample_sheet_TARGET-AML__450k_beta.txt	20	PABLDZ	09	AML	False	12.628604	21.889181
TARGET-20-PANTWV-04A	450K	TARGET-AML	TARGET-20-PANTWV-04A.Ave_Beta	idat_sample_sheet_TARGET-AML__450k_beta.txt	20	PANTWV	04	AML	False	14.456125	20.793673
TARGET-20-PASIEP-09A	450K	TARGET-AML	TARGET-20-PASIEP-09A.Ave_Beta	idat_sample_sheet_TARGET-AML__450k_beta.txt	20	PASIEP	09	AML	False	13.47242	21.19829
TARGET-20-PANLIR-09A	450K	TARGET-AML	TARGET-20-PANLIR-09A.Ave_Beta	idat_sample_sheet_TARGET-AML__450k_beta.txt	20	PANLIR	09	AML	False	13.7497015	20.986752
TARGET-21-PARLSL-09A	450K	TARGET-AML	TARGET-21-PARLSL-09A.Ave_Beta	idat_sample_sheet_TARGET-AML__450k_beta.txt	21	PARLSL	09	AML	False	14.18958	21.674799
TARGET-20-PASCFW-09A	450K	TARGET-AML	TARGET-20-PASCFW-09A.Ave_Beta	idat_sample_sheet_TARGET-AML__450k_beta.txt	20	PASCFW	09	AML	False	15.390491	19.428936
TARGET-20-PAKSMZ-03A	450K	TARGET-AML	TARGET-20-PAKSMZ-03A.Ave_Beta	idat_sample_sheet_TARGET-AML__450k_beta.txt	20	PAKSMZ	03	AML	False	13.436692	21.50704
TARGET-20-PANDER-09A	450K	TARGET-AML	TARGET-20-PANDER-09A.Ave_Beta	idat_sample_sheet_TARGET-AML__450k_beta.txt	20	PANDER	09	AML	False	13.863144	20.325191
TARGET-20-PASJGZ-03A	450K	TARGET-AML	TARGET-20-PASJGZ-03A.Ave_Beta	idat_sample_sheet_TARGET-AML__450k_beta.txt	20	PASJGZ	03	AML	False	15.097687	19.279785
TARGET-20-PATKJB-09A	450K	TARGET-AML	TARGET-20-PATKJB-09A.Ave_Beta	idat_sample_sheet_TARGET-AML__450k_beta.txt	20	PATKJB	09	AML	False	14.050849	21.181263
TARGET-20-PANYNR-04A	450K	TARGET-AML	TARGET-20-PANYNR-04A.Ave_Beta	idat_sample_sheet_TARGET-AML__450k_beta.txt	20	PANYNR	04	AML	False	14.565648	19.425339
TARGET-20-PARUDL-03A	450K	TARGET-AML	TARGET-20-PARUDL-03A.Ave_Beta	idat_sample_sheet_TARGET-AML__450k_beta.txt	20	PARUDL	03	AML	False	14.168927	20.089312
TARGET-20-PATIAK-09A	450K	TARGET-AML	TARGET-20-PATIAK-09A.Ave_Beta	idat_sample_sheet_TARGET-AML__450k_beta.txt	20	PATIAK	09	AML	False	14.174359	20.016607
TARGET-20-PAECCE-04A	450K	TARGET-AML	TARGET-20-PAECCE-04A.Ave_Beta	idat_sample_sheet_TARGET-AML__450k_beta.txt	20	PAECCE	04	AML	False	14.621813	20.673077
TARGET-20-PANNHB-04A	450K	TARGET-AML	TARGET-20-PANNHB-04A.Ave_Beta	idat_sample_sheet_TARGET-AML__450k_beta.txt	20	PANNHB	04	AML	False	15.269785	19.9832
TARGET-21-PATKKJ-09A	450K	TARGET-AML	TARGET-21-PATKKJ-09A.Ave_Beta	idat_sample_sheet_TARGET-AML__450k_beta.txt	21	PATKKJ	09	AML	False	12.470762	21.82337
TARGET-20-PALGKX-04A	450K	TARGET-AML	TARGET-20-PALGKX-04A.Ave_Beta	idat_sample_sheet_TARGET-AML__450k_beta.txt	20	PALGKX	04	AML	False	14.82089	19.850588
TARGET-20-PABLDZ-04A	450K	TARGET-AML	TARGET-20-PABLDZ-04A.Ave_Beta	idat_sample_sheet_TARGET-AML__450k_beta.txt	20	PABLDZ	04	AML	False	12.574462	21.84
TARGET-20-PAKIWK-09A	450K	TARGET-AML	TARGET-20-PAKIWK-09A.Ave_Beta	idat_sample_sheet_TARGET-AML__450k_beta.txt	20	PAKIWK	09	AML	False	14.185978	20.489933
TARGET-20-PARUBT-09A	450K	TARGET-AML	TARGET-20-PARUBT-09A.Ave_Beta	idat_sample_sheet_TARGET-AML__450k_beta.txt	20	PARUBT	09	AML	False	14.294264	20.712687
TARGET-20-PARBIU-09A	450K	TARGET-AML	TARGET-20-PARBIU-09A.Ave_Beta	idat_sample_sheet_TARGET-AML__450k_beta.txt	20	PARBIU	09	AML	False	14.705999	20.672115
TARGET-20-PASCGR-04A	450K	TARGET-AML	TARGET-20-PASCGR-04A.Ave_Beta	idat_sample_sheet_TARGET-AML__450k_beta.txt	20	PASCGR	04	AML	False	15.362543	19.981081
TARGET-20-PARFXF-09A	450K	TARGET-AML	TARGET-20-PARFXF-09A.Ave_Beta	idat_sample_sheet_TARGET-AML__450k_beta.txt	20	PARFXF	09	AML	False	14.495223	20.886995
TARGET-21-PAMYMA-09A	450K	TARGET-AML	TARGET-21-PAMYMA-09A.Ave_Beta	idat_sample_sheet_TARGET-AML__450k_beta.txt	21	PAMYMA	09	AML	False	13.560966	21.225584
TARGET-21-PANVPB-09A	450K	TARGET-AML	TARGET-21-PANVPB-09A.Ave_Beta	idat_sample_sheet_TARGET-AML__450k_beta.txt	21	PANVPB	09	AML	False	12.753618	21.786531
TARGET-20-PASHHH-09A	450K	TARGET-AML	TARGET-20-PASHHH-09A.Ave_Beta	idat_sample_sheet_TARGET-AML__450k_beta.txt	20	PASHHH	09	AML	False	14.779723	19.305431
TARGET-20-PARNZW-09A	450K	TARGET-AML	TARGET-20-PARNZW-09A.Ave_Beta	idat_sample_sheet_TARGET-AML__450k_beta.txt	20	PARNZW	09	AML	False	13.868336	21.650215
TARGET-20-PAPBEJ-09A	450K	TARGET-AML	TARGET-20-PAPBEJ-09A.Ave_Beta	idat_sample_sheet_TARGET-AML__450k_beta.txt	20	PAPBEJ	09	AML	False	15.507989	19.621393
TARGET-20-PAPVZK-40A	450K	TARGET-AML	TARGET-20-PAPVZK-40A.Ave_Beta	idat_sample_sheet_TARGET-AML__450k_beta.txt	20	PAPVZK	40	AML	False	14.521013	19.645842
TARGET-20-PAKERZ-04A	450K	TARGET-AML	TARGET-20-PAKERZ-04A.Ave_Beta	idat_sample_sheet_TARGET-AML__450k_beta.txt	20	PAKERZ	04	AML	False	15.449009	19.69779
TARGET-21-PASTZK-09A	450K	TARGET-AML	TARGET-21-PASTZK-09A.Ave_Beta	idat_sample_sheet_TARGET-AML__450k_beta.txt	21	PASTZK	09	AML	False	12.508305	21.762915
TARGET-20-PAEIKD-04A	450K	TARGET-AML	TARGET-20-PAEIKD-04A.Ave_Beta	idat_sample_sheet_TARGET-AML__450k_beta.txt	20	PAEIKD	04	AML	False	14.948541	20.384907
TARGET-21-PASIGA-09A	450K	TARGET-AML	TARGET-21-PASIGA-09A.Ave_Beta	idat_sample_sheet_TARGET-AML__450k_beta.txt	21	PASIGA	09	AML	False	14.580286	19.223692
TARGET-21-PATKBK-03A	450K	TARGET-AML	TARGET-21-PATKBK-03A.Ave_Beta	idat_sample_sheet_TARGET-AML__450k_beta.txt	21	PATKBK	03	AML	False	14.869154	19.153015
TARGET-20-PASJTM-09A	450K	TARGET-AML	TARGET-20-PASJTM-09A.Ave_Beta	idat_sample_sheet_TARGET-AML__450k_beta.txt	20	PASJTM	09	AML	False	15.485053	19.49084
TARGET-20-PARUBT-40A	450K	TARGET-AML	TARGET-20-PARUBT-40A.Ave_Beta	idat_sample_sheet_TARGET-AML__450k_beta.txt	20	PARUBT	40	AML	False	14.22416	20.3693
TARGET-20-PASCGR-03A	450K	TARGET-AML	TARGET-20-PASCGR-03A.Ave_Beta	idat_sample_sheet_TARGET-AML__450k_beta.txt	20	PASCGR	03	AML	False	14.950568	20.4894
TARGET-20-PASPLU-09A	450K	TARGET-AML	TARGET-20-PASPLU-09A.Ave_Beta	idat_sample_sheet_TARGET-AML__450k_beta.txt	20	PASPLU	09	AML	False	13.747828	22.02755
TARGET-20-PASTTW-09A	450K	TARGET-AML	TARGET-20-PASTTW-09A.Ave_Beta	idat_sample_sheet_TARGET-AML__450k_beta.txt	20	PASTTW	09	AML	False	15.044882	19.283222
TARGET-20-PASMHY-03A	450K	TARGET-AML	TARGET-20-PASMHY-03A.Ave_Beta	idat_sample_sheet_TARGET-AML__450k_beta.txt	20	PASMHY	03	AML	False	14.342581	20.104692
TARGET-20-PASZLJ-09A	450K	TARGET-AML	TARGET-20-PASZLJ-09A.Ave_Beta	idat_sample_sheet_TARGET-AML__450k_beta.txt	20	PASZLJ	09	AML	False	14.455253	21.346401
TARGET-20-PANDIX-04A	450K	TARGET-AML	TARGET-20-PANDIX-04A.Ave_Beta	idat_sample_sheet_TARGET-AML__450k_beta.txt	20	PANDIX	04	AML	False	14.302034	20.85228
TARGET-20-PAEERJ-03A	450K	TARGET-AML	TARGET-20-PAEERJ-03A.Ave_Beta	idat_sample_sheet_TARGET-AML__450k_beta.txt	20	PAEERJ	03	AML	False	14.131284	21.706686
TARGET-21-PATKWH-09A	450K	TARGET-AML	TARGET-21-PATKWH-09A.Ave_Beta	idat_sample_sheet_TARGET-AML__450k_beta.txt	21	PATKWH	09	AML	False	13.950239	21.373951
TARGET-20-PARASV-04A	450K	TARGET-AML	TARGET-20-PARASV-04A.Ave_Beta	idat_sample_sheet_TARGET-AML__450k_beta.txt	20	PARASV	04	AML	False	14.828703	20.649479
TARGET-20-PAKVGI-09A	450K	TARGET-AML	TARGET-20-PAKVGI-09A.Ave_Beta	idat_sample_sheet_TARGET-AML__450k_beta.txt	20	PAKVGI	09	AML	False	15.479959	19.577433
TARGET-20-PAKERZ-09A	450K	TARGET-AML	TARGET-20-PAKERZ-09A.Ave_Beta	idat_sample_sheet_TARGET-AML__450k_beta.txt	20	PAKERZ	09	AML	False	15.533269	19.591131
TARGET-20-PARCCH-03A	450K	TARGET-AML	TARGET-20-PARCCH-03A.Ave_Beta	idat_sample_sheet_TARGET-AML__450k_beta.txt	20	PARCCH	03	AML	False	15.007264	19.16126
TARGET-21-PAMXZY-09A	450K	TARGET-AML	TARGET-21-PAMXZY-09A.Ave_Beta	idat_sample_sheet_TARGET-AML__450k_beta.txt	21	PAMXZY	09	AML	False	13.986304	21.32613
TARGET-21-PARZIA-09A	450K	TARGET-AML	TARGET-21-PARZIA-09A.Ave_Beta	idat_sample_sheet_TARGET-AML__450k_beta.txt	21	PARZIA	09	AML	False	12.619016	21.61699
TARGET-20-PASVVS-09A	450K	TARGET-AML	TARGET-20-PASVVS-09A.Ave_Beta	idat_sample_sheet_TARGET-AML__450k_beta.txt	20	PASVVS	09	AML	False	14.974388	20.090006
TARGET-20-PAEFGT-03A	450K	TARGET-AML	TARGET-20-PAEFGT-03A.Ave_Beta	idat_sample_sheet_TARGET-AML__450k_beta.txt	20	PAEFGT	03	AML	False	14.022241	21.706467
TARGET-20-PARUCB-04A	450K	TARGET-AML	TARGET-20-PARUCB-04A.Ave_Beta	idat_sample_sheet_TARGET-AML__450k_beta.txt	20	PARUCB	04	AML	False	12.9136095	21.494047
TARGET-20-PARPDS-04A	450K	TARGET-AML	TARGET-20-PARPDS-04A.Ave_Beta	idat_sample_sheet_TARGET-AML__450k_beta.txt	20	PARPDS	04	AML	False	13.991854	20.597881
TARGET-20-PASJIM-09A	450K	TARGET-AML	TARGET-20-PASJIM-09A.Ave_Beta	idat_sample_sheet_TARGET-AML__450k_beta.txt	20	PASJIM	09	AML	False	15.071492	19.448671
TARGET-20-PAKTCX-04A	450K	TARGET-AML	TARGET-20-PAKTCX-04A.Ave_Beta	idat_sample_sheet_TARGET-AML__450k_beta.txt	20	PAKTCX	04	AML	False	14.06563	20.909458
TARGET-20-PARWXU-04A	450K	TARGET-AML	TARGET-20-PARWXU-04A.Ave_Beta	idat_sample_sheet_TARGET-AML__450k_beta.txt	20	PARWXU	04	AML	False	13.518366	20.80065
TARGET-20-PAPBEJ-04A	450K	TARGET-AML	TARGET-20-PAPBEJ-04A.Ave_Beta	idat_sample_sheet_TARGET-AML__450k_beta.txt	20	PAPBEJ	04	AML	False	15.51496	19.57226
TARGET-20-PASLSD-04A	450K	TARGET-AML	TARGET-20-PASLSD-04A.Ave_Beta	idat_sample_sheet_TARGET-AML__450k_beta.txt	20	PASLSD	04	AML	False	13.299179	20.839542
TARGET-21-PASNKZ-09A	450K	TARGET-AML	TARGET-21-PASNKZ-09A.Ave_Beta	idat_sample_sheet_TARGET-AML__450k_beta.txt	21	PASNKZ	09	AML	False	12.549186	21.870123
TARGET-20-PANLIR-04A	450K	TARGET-AML	TARGET-20-PANLIR-04A.Ave_Beta	idat_sample_sheet_TARGET-AML__450k_beta.txt	20	PANLIR	04	AML	False	13.946231	20.844313
TARGET-20-PASWLN-04A	450K	TARGET-AML	TARGET-20-PASWLN-04A.Ave_Beta	idat_sample_sheet_TARGET-AML__450k_beta.txt	20	PASWLN	04	AML	False	13.057352	21.751163
TARGET-20-PATJHJ-09A	450K	TARGET-AML	TARGET-20-PATJHJ-09A.Ave_Beta	idat_sample_sheet_TARGET-AML__450k_beta.txt	20	PATJHJ	09	AML	False	13.364457	20.79174
TARGET-20-PAPXRJ-04A	450K	TARGET-AML	TARGET-20-PAPXRJ-04A.Ave_Beta	idat_sample_sheet_TARGET-AML__450k_beta.txt	20	PAPXRJ	04	AML	False	14.482733	21.223133
TARGET-21-PARBTV-09A	450K	TARGET-AML	TARGET-21-PARBTV-09A.Ave_Beta	idat_sample_sheet_TARGET-AML__450k_beta.txt	21	PARBTV	09	AML	False	14.73793	19.323175
TARGET-20-PARSAN-09A	450K	TARGET-AML	TARGET-20-PARSAN-09A.Ave_Beta	idat_sample_sheet_TARGET-AML__450k_beta.txt	20	PARSAN	09	AML	False	14.2472515	21.201056
TARGET-21-PASSLT-09A	450K	TARGET-AML	TARGET-21-PASSLT-09A.Ave_Beta	idat_sample_sheet_TARGET-AML__450k_beta.txt	21	PASSLT	09	AML	False	12.453673	21.68915
TARGET-20-PASVYA-04A	450K	TARGET-AML	TARGET-20-PASVYA-04A.Ave_Beta	idat_sample_sheet_TARGET-AML__450k_beta.txt	20	PASVYA	04	AML	False	14.846975	19.123592
TARGET-20-PANGDN-04A	450K	TARGET-AML	TARGET-20-PANGDN-04A.Ave_Beta	idat_sample_sheet_TARGET-AML__450k_beta.txt	20	PANGDN	04	AML	False	14.470492	20.782959
TARGET-20-PARPDS-09A	450K	TARGET-AML	TARGET-20-PARPDS-09A.Ave_Beta	idat_sample_sheet_TARGET-AML__450k_beta.txt	20	PARPDS	09	AML	False	12.82835	21.378319
TARGET-20-PARCEC-03A	450K	TARGET-AML	TARGET-20-PARCEC-03A.Ave_Beta	idat_sample_sheet_TARGET-AML__450k_beta.txt	20	PARCEC	03	AML	False	13.90233	20.32835
TARGET-20-PASMGW-04A	450K	TARGET-AML	TARGET-20-PASMGW-04A.Ave_Beta	idat_sample_sheet_TARGET-AML__450k_beta.txt	20	PASMGW	04	AML	False	14.825968	20.396667
TARGET-20-PASBBE-09A	450K	TARGET-AML	TARGET-20-PASBBE-09A.Ave_Beta	idat_sample_sheet_TARGET-AML__450k_beta.txt	20	PASBBE	09	AML	False	13.468435	21.245192
TARGET-20-PAMYJX-04A	450K	TARGET-AML	TARGET-20-PAMYJX-04A.Ave_Beta	idat_sample_sheet_TARGET-AML__450k_beta.txt	20	PAMYJX	04	AML	False	14.089787	21.79504
TARGET-20-PASLSD-03A	450K	TARGET-AML	TARGET-20-PASLSD-03A.Ave_Beta	idat_sample_sheet_TARGET-AML__450k_beta.txt	20	PASLSD	03	AML	False	13.321789	20.804682
TARGET-20-PARIMT-03A	450K	TARGET-AML	TARGET-20-PARIMT-03A.Ave_Beta	idat_sample_sheet_TARGET-AML__450k_beta.txt	20	PARIMT	03	AML	False	14.251454	19.944992
TARGET-20-PANYCG-09A	450K	TARGET-AML	TARGET-20-PANYCG-09A.Ave_Beta	idat_sample_sheet_TARGET-AML__450k_beta.txt	20	PANYCG	09	AML	False	14.256469	20.498741
TARGET-20-PASGCE-40A	450K	TARGET-AML	TARGET-20-PASGCE-40A.Ave_Beta	idat_sample_sheet_TARGET-AML__450k_beta.txt	20	PASGCE	40	AML	False	13.397422	21.645157
TARGET-20-PADZCG-04A	450K	TARGET-AML	TARGET-20-PADZCG-04A.Ave_Beta	idat_sample_sheet_TARGET-AML__450k_beta.txt	20	PADZCG	04	AML	False	14.039265	21.722649
TARGET-21-PASFJJ-09A	450K	TARGET-AML	TARGET-21-PASFJJ-09A.Ave_Beta	idat_sample_sheet_TARGET-AML__450k_beta.txt	21	PASFJJ	09	AML	False	12.4961815	21.933271
TARGET-21-PASDKZ-03A	450K	TARGET-AML	TARGET-21-PASDKZ-03A.Ave_Beta	idat_sample_sheet_TARGET-AML__450k_beta.txt	21	PASDKZ	03	AML	False	13.59937	21.861134
TARGET-20-PASTUH-09A	450K	TARGET-AML	TARGET-20-PASTUH-09A.Ave_Beta	idat_sample_sheet_TARGET-AML__450k_beta.txt	20	PASTUH	09	AML	False	13.804079	21.575655
TARGET-20-PATJHJ-40A	450K	TARGET-AML	TARGET-20-PATJHJ-40A.Ave_Beta	idat_sample_sheet_TARGET-AML__450k_beta.txt	20	PATJHJ	40	AML	False	12.945369	21.129086
TARGET-20-PAKTCX-09A	450K	TARGET-AML	TARGET-20-PAKTCX-09A.Ave_Beta	idat_sample_sheet_TARGET-AML__450k_beta.txt	20	PAKTCX	09	AML	False	13.501535	21.73255
TARGET-20-PASVYL-04A	450K	TARGET-AML	TARGET-20-PASVYL-04A.Ave_Beta	idat_sample_sheet_TARGET-AML__450k_beta.txt	20	PASVYL	04	AML	False	14.954042	19.761349
TARGET-20-PAKVGI-04A	450K	TARGET-AML	TARGET-20-PAKVGI-04A.Ave_Beta	idat_sample_sheet_TARGET-AML__450k_beta.txt	20	PAKVGI	04	AML	False	14.922455	19.656113
TARGET-20-PARNNT-09A	450K	TARGET-AML	TARGET-20-PARNNT-09A.Ave_Beta	idat_sample_sheet_TARGET-AML__450k_beta.txt	20	PARNNT	09	AML	False	14.894959	20.592047
TARGET-20-PANLXM-04A	450K	TARGET-AML	TARGET-20-PANLXM-04A.Ave_Beta	idat_sample_sheet_TARGET-AML__450k_beta.txt	20	PANLXM	04	AML	False	13.00522	21.55163
TARGET-20-PAMYJX-09A	450K	TARGET-AML	TARGET-20-PAMYJX-09A.Ave_Beta	idat_sample_sheet_TARGET-AML__450k_beta.txt	20	PAMYJX	09	AML	False	14.267383	21.68219
TARGET-21-PATISD-09A	450K	TARGET-AML	TARGET-21-PATISD-09A.Ave_Beta	idat_sample_sheet_TARGET-AML__450k_beta.txt	21	PATISD	09	AML	False	12.938276	21.587004
TARGET-20-PAMYAS-04A	450K	TARGET-AML	TARGET-20-PAMYAS-04A.Ave_Beta	idat_sample_sheet_TARGET-AML__450k_beta.txt	20	PAMYAS	04	AML	False	13.783598	20.461895
TARGET-20-PASWPD-09A	450K	TARGET-AML	TARGET-20-PASWPD-09A.Ave_Beta	idat_sample_sheet_TARGET-AML__450k_beta.txt	20	PASWPD	09	AML	False	13.725853	20.711391
TARGET-20-PARPPY-40A	450K	TARGET-AML	TARGET-20-PARPPY-40A.Ave_Beta	idat_sample_sheet_TARGET-AML__450k_beta.txt	20	PARPPY	40	AML	False	13.842679	20.478909
TARGET-20-PASVYA-09A	450K	TARGET-AML	TARGET-20-PASVYA-09A.Ave_Beta	idat_sample_sheet_TARGET-AML__450k_beta.txt	20	PASVYA	09	AML	False	14.739116	19.232635
TARGET-20-PANNHB-09A	450K	TARGET-AML	TARGET-20-PANNHB-09A.Ave_Beta	idat_sample_sheet_TARGET-AML__450k_beta.txt	20	PANNHB	09	AML	False	13.711952	20.301062
TARGET-21-PATJMY-09A	450K	TARGET-AML	TARGET-21-PATJMY-09A.Ave_Beta	idat_sample_sheet_TARGET-AML__450k_beta.txt	21	PATJMY	09	AML	False	13.108209	21.71344
TARGET-20-PAEFGR-04A	450K	TARGET-AML	TARGET-20-PAEFGR-04A.Ave_Beta	idat_sample_sheet_TARGET-AML__450k_beta.txt	20	PAEFGR	04	AML	False	14.006418	20.125288
TARGET-20-PARSAN-04A	450K	TARGET-AML	TARGET-20-PARSAN-04A.Ave_Beta	idat_sample_sheet_TARGET-AML__450k_beta.txt	20	PARSAN	04	AML	False	14.259824	21.069681
TARGET-20-PANLXM-09A	450K	TARGET-AML	TARGET-20-PANLXM-09A.Ave_Beta	idat_sample_sheet_TARGET-AML__450k_beta.txt	20	PANLXM	09	AML	False	13.73975	21.439852
TARGET-20-PARYVW-04A	450K	TARGET-AML	TARGET-20-PARYVW-04A.Ave_Beta	idat_sample_sheet_TARGET-AML__450k_beta.txt	20	PARYVW	04	AML	False	12.537161	21.671337
TARGET-20-PASCRZ-04A	450K	TARGET-AML	TARGET-20-PASCRZ-04A.Ave_Beta	idat_sample_sheet_TARGET-AML__450k_beta.txt	20	PASCRZ	04	AML	False	14.88662	19.871187
TARGET-20-PASGCE-09A	450K	TARGET-AML	TARGET-20-PASGCE-09A.Ave_Beta	idat_sample_sheet_TARGET-AML__450k_beta.txt	20	PASGCE	09	AML	False	13.763595	21.244448
TARGET-20-PASCRZ-03A	450K	TARGET-AML	TARGET-20-PASCRZ-03A.Ave_Beta	idat_sample_sheet_TARGET-AML__450k_beta.txt	20	PASCRZ	03	AML	False	12.557424	21.566505
TARGET-20-PARNIA-04A	450K	TARGET-AML	TARGET-20-PARNIA-04A.Ave_Beta	idat_sample_sheet_TARGET-AML__450k_beta.txt	20	PARNIA	04	AML	False	14.845587	19.563135
TARGET-20-PAMYAS-09A	450K	TARGET-AML	TARGET-20-PAMYAS-09A.Ave_Beta	idat_sample_sheet_TARGET-AML__450k_beta.txt	20	PAMYAS	09	AML	False	13.798583	20.288958
TARGET-21-PARNAW-09A	450K	TARGET-AML	TARGET-21-PARNAW-09A.Ave_Beta	idat_sample_sheet_TARGET-AML__450k_beta.txt	21	PARNAW	09	AML	False	14.985816	19.28032
TARGET-20-PANYCG-04A	450K	TARGET-AML	TARGET-20-PANYCG-04A.Ave_Beta	idat_sample_sheet_TARGET-AML__450k_beta.txt	20	PANYCG	04	AML	False	12.597148	21.573143
TARGET-20-PASAUT-03A	450K	TARGET-AML	TARGET-20-PASAUT-03A.Ave_Beta	idat_sample_sheet_TARGET-AML__450k_beta.txt	20	PASAUT	03	AML	False	14.900677	19.56609
TARGET-20-PARVAI-03A	450K	TARGET-AML	TARGET-20-PARVAI-03A.Ave_Beta	idat_sample_sheet_TARGET-AML__450k_beta.txt	20	PARVAI	03	AML	False	14.259035	21.521564
TARGET-20-PASWAT-04A	450K	TARGET-AML	TARGET-20-PASWAT-04A.Ave_Beta	idat_sample_sheet_TARGET-AML__450k_beta.txt	20	PASWAT	04	AML	False	14.978661	19.85615
TARGET-20-PASTUH-04A	450K	TARGET-AML	TARGET-20-PASTUH-04A.Ave_Beta	idat_sample_sheet_TARGET-AML__450k_beta.txt	20	PASTUH	04	AML	False	13.514633	21.758951
TARGET-21-PATAIJ-09A	450K	TARGET-AML	TARGET-21-PATAIJ-09A.Ave_Beta	idat_sample_sheet_TARGET-AML__450k_beta.txt	21	PATAIJ	09	AML	False	15.078744	20.171356
TARGET-20-PAECCE-09A	450K	TARGET-AML	TARGET-20-PAECCE-09A.Ave_Beta	idat_sample_sheet_TARGET-AML__450k_beta.txt	20	PAECCE	09	AML	False	14.746241	20.551168
TARGET-20-PANYNR-03A	450K	TARGET-AML	TARGET-20-PANYNR-03A.Ave_Beta	idat_sample_sheet_TARGET-AML__450k_beta.txt	20	PANYNR	03	AML	False	14.080563	19.966553
TARGET-20-PASRLS-09A	450K	TARGET-AML	TARGET-20-PASRLS-09A.Ave_Beta	idat_sample_sheet_TARGET-AML__450k_beta.txt	20	PASRLS	09	AML	False	14.791173	19.265234
TARGET-20-PARIMT-04A	450K	TARGET-AML	TARGET-20-PARIMT-04A.Ave_Beta	idat_sample_sheet_TARGET-AML__450k_beta.txt	20	PARIMT	04	AML	False	14.542914	19.533274
TARGET-20-PARDMG-09A	450K	TARGET-AML	TARGET-20-PARDMG-09A.Ave_Beta	idat_sample_sheet_TARGET-AML__450k_beta.txt	20	PARDMG	09	AML	False	14.160703	20.104801
TARGET-20-PARPPY-09A	450K	TARGET-AML	TARGET-20-PARPPY-09A.Ave_Beta	idat_sample_sheet_TARGET-AML__450k_beta.txt	20	PARPPY	09	AML	False	13.651516	20.43473
TARGET-20-PARNZW-40A	450K	TARGET-AML	TARGET-20-PARNZW-40A.Ave_Beta	idat_sample_sheet_TARGET-AML__450k_beta.txt	20	PARNZW	40	AML	False	14.691901	19.66711
TARGET-21-PATHIU-09A	450K	TARGET-AML	TARGET-21-PATHIU-09A.Ave_Beta	idat_sample_sheet_TARGET-AML__450k_beta.txt	21	PATHIU	09	AML	False	13.473135	21.556965
TARGET-20-PAEIKD-09A	450K	TARGET-AML	TARGET-20-PAEIKD-09A.Ave_Beta	idat_sample_sheet_TARGET-AML__450k_beta.txt	20	PAEIKD	09	AML	False	14.639263	19.344067
TARGET-20-PARWXU-09A	450K	TARGET-AML	TARGET-20-PARWXU-09A.Ave_Beta	idat_sample_sheet_TARGET-AML__450k_beta.txt	20	PARWXU	09	AML	False	13.567978	20.710443
TARGET-20-PARUCB-09A	450K	TARGET-AML	TARGET-20-PARUCB-09A.Ave_Beta	idat_sample_sheet_TARGET-AML__450k_beta.txt	20	PARUCB	09	AML	False	14.65999	20.98033
TARGET-20-PARCUK-04A	450K	TARGET-AML	TARGET-20-PARCUK-04A.Ave_Beta	idat_sample_sheet_TARGET-AML__450k_beta.txt	20	PARCUK	04	AML	False	15.197469	19.930721
TARGET-20-PARBTC-03A	450K	TARGET-AML	TARGET-20-PARBTC-03A.Ave_Beta	idat_sample_sheet_TARGET-AML__450k_beta.txt	20	PARBTC	03	AML	False	14.591794	19.206915
TARGET-20-PANDIX-09A	450K	TARGET-AML	TARGET-20-PANDIX-09A.Ave_Beta	idat_sample_sheet_TARGET-AML__450k_beta.txt	20	PANDIX	09	AML	False	13.604036	21.72825
TARGET-21-PASYEJ-09A	450K	TARGET-AML	TARGET-21-PASYEJ-09A.Ave_Beta	idat_sample_sheet_TARGET-AML__450k_beta.txt	21	PASYEJ	09	AML	False	13.960183	21.513905
TARGET-20-PAKIWK-04A	450K	TARGET-AML	TARGET-20-PAKIWK-04A.Ave_Beta	idat_sample_sheet_TARGET-AML__450k_beta.txt	20	PAKIWK	04	AML	False	13.98785	20.903076
TARGET-20-PARSHM-03A	450K	TARGET-AML	TARGET-20-PARSHM-03A.Ave_Beta	idat_sample_sheet_TARGET-AML__450k_beta.txt	20	PARSHM	03	AML	False	14.247633	19.810364
TARGET-20-PAEDKB-09A	450K	TARGET-AML	TARGET-20-PAEDKB-09A.Ave_Beta	idat_sample_sheet_TARGET-AML__450k_beta.txt	20	PAEDKB	09	AML	False	14.532027	19.445148
TARGET-20-PARTAL-04A	450K	TARGET-AML	TARGET-20-PARTAL-04A.Ave_Beta	idat_sample_sheet_TARGET-AML__450k_beta.txt	20	PARTAL	04	AML	False	14.359676	20.32297
TARGET-21-PASFHK-09A	450K	TARGET-AML	TARGET-21-PASFHK-09A.Ave_Beta	idat_sample_sheet_TARGET-AML__450k_beta.txt	21	PASFHK	09	AML	False	12.492539	21.88413
TARGET-20-PARNIA-09A	450K	TARGET-AML	TARGET-20-PARNIA-09A.Ave_Beta	idat_sample_sheet_TARGET-AML__450k_beta.txt	20	PARNIA	09	AML	False	15.034697	19.305717
TARGET-20-PASPLU-04A	450K	TARGET-AML	TARGET-20-PASPLU-04A.Ave_Beta	idat_sample_sheet_TARGET-AML__450k_beta.txt	20	PASPLU	04	AML	False	13.665761	21.924452
TARGET-21-PANZLR-09A	450K	TARGET-AML	TARGET-21-PANZLR-09A.Ave_Beta	idat_sample_sheet_TARGET-AML__450k_beta.txt	21	PANZLR	09	AML	False	13.679197	22.034176
TARGET-20-PASHBI-09A	450K	TARGET-AML	TARGET-20-PASHBI-09A.Ave_Beta	idat_sample_sheet_TARGET-AML__450k_beta.txt	20	PASHBI	09	AML	False	13.68071	20.430607
TARGET-20-PATDHA-04A	450K	TARGET-AML	TARGET-20-PATDHA-04A.Ave_Beta	idat_sample_sheet_TARGET-AML__450k_beta.txt	20	PATDHA	04	AML	False	14.605763	20.146244
TARGET-20-PARUWX-09A	450K	TARGET-AML	TARGET-20-PARUWX-09A.Ave_Beta	idat_sample_sheet_TARGET-AML__450k_beta.txt	20	PARUWX	09	AML	False	14.1824255	21.651737
TARGET-20-PATIAK-04A	450K	TARGET-AML	TARGET-20-PATIAK-04A.Ave_Beta	idat_sample_sheet_TARGET-AML__450k_beta.txt	20	PATIAK	04	AML	False	14.09209	20.086931
TARGET-20-PASRTP-09A	450K	TARGET-AML	TARGET-20-PASRTP-09A.Ave_Beta	idat_sample_sheet_TARGET-AML__450k_beta.txt	20	PASRTP	09	AML	False	13.65008	21.787647
TARGET-20-PARTAL-09A	450K	TARGET-AML	TARGET-20-PARTAL-09A.Ave_Beta	idat_sample_sheet_TARGET-AML__450k_beta.txt	20	PARTAL	09	AML	False	14.195182	20.164112
TARGET-20-PANCSC-04A	450K	TARGET-AML	TARGET-20-PANCSC-04A.Ave_Beta	idat_sample_sheet_TARGET-AML__450k_beta.txt	20	PANCSC	04	AML	False	14.546728	20.018671
TARGET-21-PASYWA-09A	450K	TARGET-AML	TARGET-21-PASYWA-09A.Ave_Beta	idat_sample_sheet_TARGET-AML__450k_beta.txt	21	PASYWA	09	AML	False	12.59497	21.966375
TARGET-20-PANLLX-04A	450K	TARGET-AML	TARGET-20-PANLLX-04A.Ave_Beta	idat_sample_sheet_TARGET-AML__450k_beta.txt	20	PANLLX	04	AML	False	14.346698	19.91214
TARGET-20-PANLRE-09A	450K	TARGET-AML	TARGET-20-PANLRE-09A.Ave_Beta	idat_sample_sheet_TARGET-AML__450k_beta.txt	20	PANLRE	09	AML	False	13.735296	20.276678
TARGET-20-PADYIR-04A	450K	TARGET-AML	TARGET-20-PADYIR-04A.Ave_Beta	idat_sample_sheet_TARGET-AML__450k_beta.txt	20	PADYIR	04	AML	False	14.546248	20.700115
TARGET-20-PAEFGR-09A	450K	TARGET-AML	TARGET-20-PAEFGR-09A.Ave_Beta	idat_sample_sheet_TARGET-AML__450k_beta.txt	20	PAEFGR	09	AML	False	14.105644	20.03832
TARGET-20-PASJIM-04A	450K	TARGET-AML	TARGET-20-PASJIM-04A.Ave_Beta	idat_sample_sheet_TARGET-AML__450k_beta.txt	20	PASJIM	04	AML	False	14.949382	19.683123
TARGET-21-PARHRS-09A	450K	TARGET-AML	TARGET-21-PARHRS-09A.Ave_Beta	idat_sample_sheet_TARGET-AML__450k_beta.txt	21	PARHRS	09	AML	False	12.443517	21.945381
TARGET-20-PAPXRJ-09A	450K	TARGET-AML	TARGET-20-PAPXRJ-09A.Ave_Beta	idat_sample_sheet_TARGET-AML__450k_beta.txt	20	PAPXRJ	09	AML	False	14.34809	21.583643
TARGET-20-PARYVW-09A	450K	TARGET-AML	TARGET-20-PARYVW-09A.Ave_Beta	idat_sample_sheet_TARGET-AML__450k_beta.txt	20	PARYVW	09	AML	False	12.676444	21.674341
TARGET-20-PASIEJ-09A	450K	TARGET-AML	TARGET-20-PASIEJ-09A.Ave_Beta	idat_sample_sheet_TARGET-AML__450k_beta.txt	20	PASIEJ	09	AML	False	14.366488	21.30573
TARGET-20-PASVVS-04A	450K	TARGET-AML	TARGET-20-PASVVS-04A.Ave_Beta	idat_sample_sheet_TARGET-AML__450k_beta.txt	20	PASVVS	04	AML	False	14.830736	20.367638
TARGET-20-PANLLX-09A	450K	TARGET-AML	TARGET-20-PANLLX-09A.Ave_Beta	idat_sample_sheet_TARGET-AML__450k_beta.txt	20	PANLLX	09	AML	False	13.886465	21.41467
TARGET-21-PASFLG-09A	450K	TARGET-AML	TARGET-21-PASFLG-09A.Ave_Beta	idat_sample_sheet_TARGET-AML__450k_beta.txt	21	PASFLG	09	AML	False	13.655929	22.001745
TARGET-20-PAEDKB-04A	450K	TARGET-AML	TARGET-20-PAEDKB-04A.Ave_Beta	idat_sample_sheet_TARGET-AML__450k_beta.txt	20	PAEDKB	04	AML	False	14.562115	19.750772
TARGET-20-PATDHA-09A	450K	TARGET-AML	TARGET-20-PATDHA-09A.Ave_Beta	idat_sample_sheet_TARGET-AML__450k_beta.txt	20	PATDHA	09	AML	False	14.172007	20.271482
TARGET-20-PASWPD-04A	450K	TARGET-AML	TARGET-20-PASWPD-04A.Ave_Beta	idat_sample_sheet_TARGET-AML__450k_beta.txt	20	PASWPD	04	AML	False	13.48671	21.252947
TARGET-20-PARBIU-04A	450K	TARGET-AML	TARGET-20-PARBIU-04A.Ave_Beta	idat_sample_sheet_TARGET-AML__450k_beta.txt	20	PARBIU	04	AML	False	14.790143	20.63403
TARGET-20-PAEFGT-04A	450K	TARGET-AML	TARGET-20-PAEFGT-04A.Ave_Beta	idat_sample_sheet_TARGET-AML__450k_beta.txt	20	PAEFGT	04	AML	False	13.837814	21.790564
TARGET-20-PASIEJ-04A	450K	TARGET-AML	TARGET-20-PASIEJ-04A.Ave_Beta	idat_sample_sheet_TARGET-AML__450k_beta.txt	20	PASIEJ	04	AML	False	14.433351	20.901064
TARGET-20-PAEERJ-04A	450K	TARGET-AML	TARGET-20-PAEERJ-04A.Ave_Beta	idat_sample_sheet_TARGET-AML__450k_beta.txt	20	PAEERJ	04	AML	False	14.165187	21.6429
TARGET-20-PANTNA-04A	450K	TARGET-AML	TARGET-20-PANTNA-04A.Ave_Beta	idat_sample_sheet_TARGET-AML__450k_beta.txt	20	PANTNA	04	AML	False	12.599562	21.584194
TARGET-21-PASHMK-09A	450K	TARGET-AML	TARGET-21-PASHMK-09A.Ave_Beta	idat_sample_sheet_TARGET-AML__450k_beta.txt	21	PASHMK	09	AML	False	14.257903	21.514668
TARGET-20-PAPXWI-04A	450K	TARGET-AML	TARGET-20-PAPXWI-04A.Ave_Beta	idat_sample_sheet_TARGET-AML__450k_beta.txt	20	PAPXWI	04	AML	False	14.98892	19.597538
TARGET-21-PASDXR-09A	450K	TARGET-AML	TARGET-21-PASDXR-09A.Ave_Beta	idat_sample_sheet_TARGET-AML__450k_beta.txt	21	PASDXR	09	AML	False	13.733386	21.94139
TARGET-20-PARVUA-03A	450K	TARGET-AML	TARGET-20-PARVUA-03A.Ave_Beta	idat_sample_sheet_TARGET-AML__450k_beta.txt	20	PARVUA	03	AML	False	14.242298	21.641422
TARGET-20-PARXMP-09A	450K	TARGET-AML	TARGET-20-PARXMP-09A.Ave_Beta	idat_sample_sheet_TARGET-AML__450k_beta.txt	20	PARXMP	09	AML	False	15.572072	19.494938
TARGET-20-PARFIW-03A	450K	TARGET-AML	TARGET-20-PARFIW-03A.Ave_Beta	idat_sample_sheet_TARGET-AML__450k_beta.txt	20	PARFIW	03	AML	False	14.708207	19.221006
TARGET-20-PANGTF-09A	450K	TARGET-AML	TARGET-20-PANGTF-09A.Ave_Beta	idat_sample_sheet_TARGET-AML__450k_beta.txt	20	PANGTF	09	AML	False	14.888164	20.64914
TARGET-20-PADYIR-03A	450K	TARGET-AML	TARGET-20-PADYIR-03A.Ave_Beta	idat_sample_sheet_TARGET-AML__450k_beta.txt	20	PADYIR	03	AML	False	14.561444	20.103344
TARGET-20-PASGMZ-09A	450K	TARGET-AML	TARGET-20-PASGMZ-09A.Ave_Beta	idat_sample_sheet_TARGET-AML__450k_beta.txt	20	PASGMZ	09	AML	False	13.188173	21.662142
TARGET-20-PASWLN-09A	450K	TARGET-AML	TARGET-20-PASWLN-09A.Ave_Beta	idat_sample_sheet_TARGET-AML__450k_beta.txt	20	PASWLN	09	AML	False	13.220784	21.776672
TARGET-20-PANCSC-09A	450K	TARGET-AML	TARGET-20-PANCSC-09A.Ave_Beta	idat_sample_sheet_TARGET-AML__450k_beta.txt	20	PANCSC	09	AML	False	13.216443	21.449804
TARGET-20-PANSJB-09A	450K	TARGET-AML	TARGET-20-PANSJB-09A.Ave_Beta	idat_sample_sheet_TARGET-AML__450k_beta.txt	20	PANSJB	09	AML	False	13.423205	21.757639
TARGET-51-PAJMFS-01A	450K	TARGET-CCSK	TARGET-51-PAJMFS-01A.Ave_Beta	idat_sample_sheet_TARGET-CCSK__450k_beta.txt	51	PAJMFS	01	CCSK	False	14.830457	-7.9196053
TARGET-51-PAKWMM-01A	450K	TARGET-CCSK	TARGET-51-PAKWMM-01A.Ave_Beta	idat_sample_sheet_TARGET-CCSK__450k_beta.txt	51	PAKWMM	01	CCSK	False	14.798955	-7.8889585
TARGET-51-PALEIR-01A	450K	TARGET-CCSK	TARGET-51-PALEIR-01A.Ave_Beta	idat_sample_sheet_TARGET-CCSK__450k_beta.txt	51	PALEIR	01	CCSK	False	14.851602	-7.940893
TARGET-51-PAEALX-01A	450K	TARGET-CCSK	TARGET-51-PAEALX-01A.Ave_Beta	idat_sample_sheet_TARGET-CCSK__450k_beta.txt	51	PAEALX	01	CCSK	False	14.8145075	-7.904503
TARGET-51-PAJLWU-01A	450K	TARGET-CCSK	TARGET-51-PAJLWU-01A.Ave_Beta	idat_sample_sheet_TARGET-CCSK__450k_beta.txt	51	PAJLWU	01	CCSK	False	14.77155	-7.8605733
TARGET-51-PALFYG-01A	450K	TARGET-CCSK	TARGET-51-PALFYG-01A.Ave_Beta	idat_sample_sheet_TARGET-CCSK__450k_beta.txt	51	PALFYG	01	CCSK	False	14.796378	-7.8851776
TARGET-51-PALKEI-01A	450K	TARGET-CCSK	TARGET-51-PALKEI-01A.Ave_Beta	idat_sample_sheet_TARGET-CCSK__450k_beta.txt	51	PALKEI	01	CCSK	False	14.773745	-7.862703
TARGET-51-PALLXV-01A	450K	TARGET-CCSK	TARGET-51-PALLXV-01A.Ave_Beta	idat_sample_sheet_TARGET-CCSK__450k_beta.txt	51	PALLXV	01	CCSK	False	14.797336	-7.8700957
TARGET-51-PAJPFB-01A	450K	TARGET-CCSK	TARGET-51-PAJPFB-01A.Ave_Beta	idat_sample_sheet_TARGET-CCSK__450k_beta.txt	51	PAJPFB	01	CCSK	False	14.77343	-7.862042
TARGET-51-PALFEF-01A	450K	TARGET-CCSK	TARGET-51-PALFEF-01A.Ave_Beta	idat_sample_sheet_TARGET-CCSK__450k_beta.txt	51	PALFEF	01	CCSK	False	14.763019	-7.852148
TARGET-51-PAJNCV-01A	450K	TARGET-CCSK	TARGET-51-PAJNCV-01A.Ave_Beta	idat_sample_sheet_TARGET-CCSK__450k_beta.txt	51	PAJNCV	01	CCSK	False	14.793446	-7.881185
TARGET-30-PAPSEI-01A	450K	TARGET-NBL	TARGET-30-PAPSEI-01A.Ave_Beta	idat_sample_sheet_TARGET-NBL__450k_beta.txt	30	PAPSEI	01	NBL	False	9.583756	2.1912642
TARGET-30-PASUYG-01A	450K	TARGET-NBL	TARGET-30-PASUYG-01A.Ave_Beta	idat_sample_sheet_TARGET-NBL__450k_beta.txt	30	PASUYG	01	NBL	False	8.731823	5.1920323
TARGET-30-PAPTAN-01A	450K	TARGET-NBL	TARGET-30-PAPTAN-01A.Ave_Beta	idat_sample_sheet_TARGET-NBL__450k_beta.txt	30	PAPTAN	01	NBL	False	7.891982	4.567614
TARGET-30-PARACM-01A	450K	TARGET-NBL	TARGET-30-PARACM-01A.Ave_Beta	idat_sample_sheet_TARGET-NBL__450k_beta.txt	30	PARACM	01	NBL	False	8.7904	5.920589
TARGET-30-PAPVXS-01A	450K	TARGET-NBL	TARGET-30-PAPVXS-01A.Ave_Beta	idat_sample_sheet_TARGET-NBL__450k_beta.txt	30	PAPVXS	01	NBL	False	8.079948	4.6699333
TARGET-30-PAMMXF-01A	450K	TARGET-NBL	TARGET-30-PAMMXF-01A.Ave_Beta	idat_sample_sheet_TARGET-NBL__450k_beta.txt	30	PAMMXF	01	NBL	False	9.746404	2.3683918
TARGET-30-PASTKC-01A	450K	TARGET-NBL	TARGET-30-PASTKC-01A.Ave_Beta	idat_sample_sheet_TARGET-NBL__450k_beta.txt	30	PASTKC	01	NBL	False	8.11083	4.742784
TARGET-30-PARHYL-01A	450K	TARGET-NBL	TARGET-30-PARHYL-01A.Ave_Beta	idat_sample_sheet_TARGET-NBL__450k_beta.txt	30	PARHYL	01	NBL	False	9.912006	4.212848
TARGET-30-PALBFW-01A	450K	TARGET-NBL	TARGET-30-PALBFW-01A.Ave_Beta	idat_sample_sheet_TARGET-NBL__450k_beta.txt	30	PALBFW	01	NBL	False	8.412632	5.08
TARGET-30-PASJYB-01A	450K	TARGET-NBL	TARGET-30-PASJYB-01A.Ave_Beta	idat_sample_sheet_TARGET-NBL__450k_beta.txt	30	PASJYB	01	NBL	False	9.73845	3.3170598
TARGET-30-PAPUJU-01A	450K	TARGET-NBL	TARGET-30-PAPUJU-01A.Ave_Beta	idat_sample_sheet_TARGET-NBL__450k_beta.txt	30	PAPUJU	01	NBL	False	9.503113	6.4883847
TARGET-30-PAMZMJ-01A	450K	TARGET-NBL	TARGET-30-PAMZMJ-01A.Ave_Beta	idat_sample_sheet_TARGET-NBL__450k_beta.txt	30	PAMZMJ	01	NBL	False	10.538551	4.680476
TARGET-30-PASGUT-01A	450K	TARGET-NBL	TARGET-30-PASGUT-01A.Ave_Beta	idat_sample_sheet_TARGET-NBL__450k_beta.txt	30	PASGUT	01	NBL	False	8.044493	3.6476347
TARGET-30-PASNPG-01A	450K	TARGET-NBL	TARGET-30-PASNPG-01A.Ave_Beta	idat_sample_sheet_TARGET-NBL__450k_beta.txt	30	PASNPG	01	NBL	False	9.970268	4.262812
TARGET-30-PANRVJ-01A	450K	TARGET-NBL	TARGET-30-PANRVJ-01A.Ave_Beta	idat_sample_sheet_TARGET-NBL__450k_beta.txt	30	PANRVJ	01	NBL	False	9.077937	4.6012945
TARGET-30-PASMDM-01A	450K	TARGET-NBL	TARGET-30-PASMDM-01A.Ave_Beta	idat_sample_sheet_TARGET-NBL__450k_beta.txt	30	PASMDM	01	NBL	False	9.583753	6.21683
TARGET-30-PASGPY-01A	450K	TARGET-NBL	TARGET-30-PASGPY-01A.Ave_Beta	idat_sample_sheet_TARGET-NBL__450k_beta.txt	30	PASGPY	01	NBL	False	9.531845	4.267005
TARGET-30-PASWFB-01A	450K	TARGET-NBL	TARGET-30-PASWFB-01A.Ave_Beta	idat_sample_sheet_TARGET-NBL__450k_beta.txt	30	PASWFB	01	NBL	False	9.542919	2.076825
TARGET-30-PAPVEB-04A	450K	TARGET-NBL	TARGET-30-PAPVEB-04A.Ave_Beta	idat_sample_sheet_TARGET-NBL__450k_beta.txt	30	PAPVEB	04	NBL	False	8.853541	4.2984085
TARGET-30-PAIVMJ-01A	450K	TARGET-NBL	TARGET-30-PAIVMJ-01A.Ave_Beta	idat_sample_sheet_TARGET-NBL__450k_beta.txt	30	PAIVMJ	01	NBL	False	10.694839	5.0005717
TARGET-30-PATYIL-01A	450K	TARGET-NBL	TARGET-30-PATYIL-01A.Ave_Beta	idat_sample_sheet_TARGET-NBL__450k_beta.txt	30	PATYIL	01	NBL	False	9.574944	3.593974
TARGET-30-PARSHT-01A	450K	TARGET-NBL	TARGET-30-PARSHT-01A.Ave_Beta	idat_sample_sheet_TARGET-NBL__450k_beta.txt	30	PARSHT	01	NBL	False	9.498478	3.5411003
TARGET-30-PARSBI-01A	450K	TARGET-NBL	TARGET-30-PARSBI-01A.Ave_Beta	idat_sample_sheet_TARGET-NBL__450k_beta.txt	30	PARSBI	01	NBL	False	8.88363	4.366342
TARGET-30-PANNMS-01A	450K	TARGET-NBL	TARGET-30-PANNMS-01A.Ave_Beta	idat_sample_sheet_TARGET-NBL__450k_beta.txt	30	PANNMS	01	NBL	False	8.1335125	4.7708297
TARGET-30-PASXIE-01A	450K	TARGET-NBL	TARGET-30-PASXIE-01A.Ave_Beta	idat_sample_sheet_TARGET-NBL__450k_beta.txt	30	PASXIE	01	NBL	False	9.853569	2.5138505
TARGET-30-PASREY-01A	450K	TARGET-NBL	TARGET-30-PASREY-01A.Ave_Beta	idat_sample_sheet_TARGET-NBL__450k_beta.txt	30	PASREY	01	NBL	False	10.420656	5.355564
TARGET-30-PASHFA-02A	450K	TARGET-NBL	TARGET-30-PASHFA-02A.Ave_Beta	idat_sample_sheet_TARGET-NBL__450k_beta.txt	30	PASHFA	02	NBL	False	10.055114	2.6504862
TARGET-30-PAPEFE-01A	450K	TARGET-NBL	TARGET-30-PAPEFE-01A.Ave_Beta	idat_sample_sheet_TARGET-NBL__450k_beta.txt	30	PAPEFE	01	NBL	False	9.439137	5.467568
TARGET-30-PASNEF-01A	450K	TARGET-NBL	TARGET-30-PASNEF-01A.Ave_Beta	idat_sample_sheet_TARGET-NBL__450k_beta.txt	30	PASNEF	01	NBL	False	7.9462986	3.6725051
TARGET-30-PALXTB-01A	450K	TARGET-NBL	TARGET-30-PALXTB-01A.Ave_Beta	idat_sample_sheet_TARGET-NBL__450k_beta.txt	30	PALXTB	01	NBL	False	8.530784	5.333507
TARGET-30-PARVLK-01A	450K	TARGET-NBL	TARGET-30-PARVLK-01A.Ave_Beta	idat_sample_sheet_TARGET-NBL__450k_beta.txt	30	PARVLK	01	NBL	False	9.129359	4.5389113
TARGET-30-PALKXJ-01A	450K	TARGET-NBL	TARGET-30-PALKXJ-01A.Ave_Beta	idat_sample_sheet_TARGET-NBL__450k_beta.txt	30	PALKXJ	01	NBL	False	10.72514	5.2229857
TARGET-30-PAPTLY-01A	450K	TARGET-NBL	TARGET-30-PAPTLY-01A.Ave_Beta	idat_sample_sheet_TARGET-NBL__450k_beta.txt	30	PAPTLY	01	NBL	False	9.690328	2.3631208
TARGET-30-PARSEA-01A	450K	TARGET-NBL	TARGET-30-PARSEA-01A.Ave_Beta	idat_sample_sheet_TARGET-NBL__450k_beta.txt	30	PARSEA	01	NBL	False	9.546171	6.50152
TARGET-30-PARGDJ-01A	450K	TARGET-NBL	TARGET-30-PARGDJ-01A.Ave_Beta	idat_sample_sheet_TARGET-NBL__450k_beta.txt	30	PARGDJ	01	NBL	False	7.920242	3.7391715
TARGET-30-PATDWN-01A	450K	TARGET-NBL	TARGET-30-PATDWN-01A.Ave_Beta	idat_sample_sheet_TARGET-NBL__450k_beta.txt	30	PATDWN	01	NBL	False	9.673287	3.0537107
TARGET-30-PATGLU-01A	450K	TARGET-NBL	TARGET-30-PATGLU-01A.Ave_Beta	idat_sample_sheet_TARGET-NBL__450k_beta.txt	30	PATGLU	01	NBL	False	8.702156	5.7024107
TARGET-30-PANUIF-01A	450K	TARGET-NBL	TARGET-30-PANUIF-01A.Ave_Beta	idat_sample_sheet_TARGET-NBL__450k_beta.txt	30	PANUIF	01	NBL	False	8.2352	4.5796375
TARGET-30-PARZCJ-01A	450K	TARGET-NBL	TARGET-30-PARZCJ-01A.Ave_Beta	idat_sample_sheet_TARGET-NBL__450k_beta.txt	30	PARZCJ	01	NBL	False	10.297975	4.373952
TARGET-30-PASNPG-02A	450K	TARGET-NBL	TARGET-30-PASNPG-02A.Ave_Beta	idat_sample_sheet_TARGET-NBL__450k_beta.txt	30	PASNPG	02	NBL	False	9.63175	4.2734733
TARGET-30-PASATK-01A	450K	TARGET-NBL	TARGET-30-PASATK-01A.Ave_Beta	idat_sample_sheet_TARGET-NBL__450k_beta.txt	30	PASATK	01	NBL	False	7.919496	4.4837976
TARGET-30-PARGKK-01A	450K	TARGET-NBL	TARGET-30-PARGKK-01A.Ave_Beta	idat_sample_sheet_TARGET-NBL__450k_beta.txt	30	PARGKK	01	NBL	False	8.643018	4.9644356
TARGET-30-PARAMT-01A	450K	TARGET-NBL	TARGET-30-PARAMT-01A.Ave_Beta	idat_sample_sheet_TARGET-NBL__450k_beta.txt	30	PARAMT	01	NBL	False	8.534215	4.0255113
TARGET-30-PARIRD-01A	450K	TARGET-NBL	TARGET-30-PARIRD-01A.Ave_Beta	idat_sample_sheet_TARGET-NBL__450k_beta.txt	30	PARIRD	01	NBL	False	9.46304	5.3948855
TARGET-30-PARZIP-01A	450K	TARGET-NBL	TARGET-30-PARZIP-01A.Ave_Beta	idat_sample_sheet_TARGET-NBL__450k_beta.txt	30	PARZIP	01	NBL	False	9.72076	4.187118
TARGET-30-PASVRU-01A	450K	TARGET-NBL	TARGET-30-PASVRU-01A.Ave_Beta	idat_sample_sheet_TARGET-NBL__450k_beta.txt	30	PASVRU	01	NBL	False	9.661911	2.137362
TARGET-30-PAPCTS-01A	450K	TARGET-NBL	TARGET-30-PAPCTS-01A.Ave_Beta	idat_sample_sheet_TARGET-NBL__450k_beta.txt	30	PAPCTS	01	NBL	False	9.274069	2.4852986
TARGET-30-PALETP-01A	450K	TARGET-NBL	TARGET-30-PALETP-01A.Ave_Beta	idat_sample_sheet_TARGET-NBL__450k_beta.txt	30	PALETP	01	NBL	False	8.828471	6.313607
TARGET-30-PALRIA-01A	450K	TARGET-NBL	TARGET-30-PALRIA-01A.Ave_Beta	idat_sample_sheet_TARGET-NBL__450k_beta.txt	30	PALRIA	01	NBL	False	9.939992	4.17411
TARGET-30-PAKINP-01A	450K	TARGET-NBL	TARGET-30-PAKINP-01A.Ave_Beta	idat_sample_sheet_TARGET-NBL__450k_beta.txt	30	PAKINP	01	NBL	False	9.048672	4.595514
TARGET-30-PASCLP-01A	450K	TARGET-NBL	TARGET-30-PASCLP-01A.Ave_Beta	idat_sample_sheet_TARGET-NBL__450k_beta.txt	30	PASCLP	01	NBL	False	9.560827	2.0761516
TARGET-30-PAPTLD-01A	450K	TARGET-NBL	TARGET-30-PAPTLD-01A.Ave_Beta	idat_sample_sheet_TARGET-NBL__450k_beta.txt	30	PAPTLD	01	NBL	False	8.548739	5.0574994
TARGET-30-PASCKI-01A	450K	TARGET-NBL	TARGET-30-PASCKI-01A.Ave_Beta	idat_sample_sheet_TARGET-NBL__450k_beta.txt	30	PASCKI	01	NBL	False	8.767934	5.0567894
TARGET-30-PASLGS-01A	450K	TARGET-NBL	TARGET-30-PASLGS-01A.Ave_Beta	idat_sample_sheet_TARGET-NBL__450k_beta.txt	30	PASLGS	01	NBL	False	9.14903	4.117424
TARGET-30-PAPICY-01A	450K	TARGET-NBL	TARGET-30-PAPICY-01A.Ave_Beta	idat_sample_sheet_TARGET-NBL__450k_beta.txt	30	PAPICY	01	NBL	False	10.585352	5.067502
TARGET-30-PALHVD-01A	450K	TARGET-NBL	TARGET-30-PALHVD-01A.Ave_Beta	idat_sample_sheet_TARGET-NBL__450k_beta.txt	30	PALHVD	01	NBL	False	7.9242854	4.608698
TARGET-30-PAPTLV-01A	450K	TARGET-NBL	TARGET-30-PAPTLV-01A.Ave_Beta	idat_sample_sheet_TARGET-NBL__450k_beta.txt	30	PAPTLV	01	NBL	False	9.997324	3.2091374
TARGET-30-PAPWUC-01A	450K	TARGET-NBL	TARGET-30-PAPWUC-01A.Ave_Beta	idat_sample_sheet_TARGET-NBL__450k_beta.txt	30	PAPWUC	01	NBL	False	9.022075	6.5761633
TARGET-30-PALIIN-01A	450K	TARGET-NBL	TARGET-30-PALIIN-01A.Ave_Beta	idat_sample_sheet_TARGET-NBL__450k_beta.txt	30	PALIIN	01	NBL	False	10.43743	4.463201
TARGET-30-PAPUAR-01A	450K	TARGET-NBL	TARGET-30-PAPUAR-01A.Ave_Beta	idat_sample_sheet_TARGET-NBL__450k_beta.txt	30	PAPUAR	01	NBL	False	9.029573	6.4786463
TARGET-30-PATNKP-01A	450K	TARGET-NBL	TARGET-30-PATNKP-01A.Ave_Beta	idat_sample_sheet_TARGET-NBL__450k_beta.txt	30	PATNKP	01	NBL	False	9.523551	3.916572
TARGET-30-PATCFL-01A	450K	TARGET-NBL	TARGET-30-PATCFL-01A.Ave_Beta	idat_sample_sheet_TARGET-NBL__450k_beta.txt	30	PATCFL	01	NBL	False	14.515436	19.068132
TARGET-30-PARNTS-01A	450K	TARGET-NBL	TARGET-30-PARNTS-01A.Ave_Beta	idat_sample_sheet_TARGET-NBL__450k_beta.txt	30	PARNTS	01	NBL	False	9.771659	3.9165835
TARGET-30-PAPUNH-01A	450K	TARGET-NBL	TARGET-30-PAPUNH-01A.Ave_Beta	idat_sample_sheet_TARGET-NBL__450k_beta.txt	30	PAPUNH	01	NBL	False	9.682082	2.7145455
TARGET-30-PAUDDK-02A	450K	TARGET-NBL	TARGET-30-PAUDDK-02A.Ave_Beta	idat_sample_sheet_TARGET-NBL__450k_beta.txt	30	PAUDDK	02	NBL	False	9.0351	4.4516306
TARGET-30-PAITCI-01A	450K	TARGET-NBL	TARGET-30-PAITCI-01A.Ave_Beta	idat_sample_sheet_TARGET-NBL__450k_beta.txt	30	PAITCI	01	NBL	False	8.525288	5.3569136
TARGET-30-PASNML-01A	450K	TARGET-NBL	TARGET-30-PASNML-01A.Ave_Beta	idat_sample_sheet_TARGET-NBL__450k_beta.txt	30	PASNML	01	NBL	False	10.943608	4.7765865
TARGET-30-PAPTIP-01A	450K	TARGET-NBL	TARGET-30-PAPTIP-01A.Ave_Beta	idat_sample_sheet_TARGET-NBL__450k_beta.txt	30	PAPTIP	01	NBL	False	9.892195	3.3928118
TARGET-30-PASXHE-01A	450K	TARGET-NBL	TARGET-30-PASXHE-01A.Ave_Beta	idat_sample_sheet_TARGET-NBL__450k_beta.txt	30	PASXHE	01	NBL	False	7.983083	3.5833902
TARGET-30-PASUCB-01A	450K	TARGET-NBL	TARGET-30-PASUCB-01A.Ave_Beta	idat_sample_sheet_TARGET-NBL__450k_beta.txt	30	PASUCB	01	NBL	False	9.632109	2.1783915
TARGET-30-PASCUF-01A	450K	TARGET-NBL	TARGET-30-PASCUF-01A.Ave_Beta	idat_sample_sheet_TARGET-NBL__450k_beta.txt	30	PASCUF	01	NBL	False	7.995096	4.6892676
TARGET-30-PASPER-01A	450K	TARGET-NBL	TARGET-30-PASPER-01A.Ave_Beta	idat_sample_sheet_TARGET-NBL__450k_beta.txt	30	PASPER	01	NBL	False	9.45926	6.1201363
TARGET-30-PAPVRN-01A	450K	TARGET-NBL	TARGET-30-PAPVRN-01A.Ave_Beta	idat_sample_sheet_TARGET-NBL__450k_beta.txt	30	PAPVRN	01	NBL	False	9.410899	6.58797
TARGET-30-PASJZC-01A	450K	TARGET-NBL	TARGET-30-PASJZC-01A.Ave_Beta	idat_sample_sheet_TARGET-NBL__450k_beta.txt	30	PASJZC	01	NBL	False	10.691159	5.187372
TARGET-30-PASSWW-01A	450K	TARGET-NBL	TARGET-30-PASSWW-01A.Ave_Beta	idat_sample_sheet_TARGET-NBL__450k_beta.txt	30	PASSWW	01	NBL	False	11.192734	4.6187253
TARGET-30-PARMFA-01A	450K	TARGET-NBL	TARGET-30-PARMFA-01A.Ave_Beta	idat_sample_sheet_TARGET-NBL__450k_beta.txt	30	PARMFA	01	NBL	False	8.051992	4.3124857
TARGET-30-PARDIW-01A	450K	TARGET-NBL	TARGET-30-PARDIW-01A.Ave_Beta	idat_sample_sheet_TARGET-NBL__450k_beta.txt	30	PARDIW	01	NBL	False	8.697329	5.335088
TARGET-30-PARABN-01A	450K	TARGET-NBL	TARGET-30-PARABN-01A.Ave_Beta	idat_sample_sheet_TARGET-NBL__450k_beta.txt	30	PARABN	01	NBL	False	9.92061	2.735437
TARGET-30-PALSAE-01A	450K	TARGET-NBL	TARGET-30-PALSAE-01A.Ave_Beta	idat_sample_sheet_TARGET-NBL__450k_beta.txt	30	PALSAE	01	NBL	False	8.435164	3.7735748
TARGET-30-PARKGJ-01A	450K	TARGET-NBL	TARGET-30-PARKGJ-01A.Ave_Beta	idat_sample_sheet_TARGET-NBL__450k_beta.txt	30	PARKGJ	01	NBL	False	7.9463387	3.9873154
TARGET-30-PATFXV-01A	450K	TARGET-NBL	TARGET-30-PATFXV-01A.Ave_Beta	idat_sample_sheet_TARGET-NBL__450k_beta.txt	30	PATFXV	01	NBL	False	9.794576	2.3701508
TARGET-30-PALZRG-01A	450K	TARGET-NBL	TARGET-30-PALZRG-01A.Ave_Beta	idat_sample_sheet_TARGET-NBL__450k_beta.txt	30	PALZRG	01	NBL	False	10.134577	4.0791135
TARGET-30-PASSRN-01A	450K	TARGET-NBL	TARGET-30-PASSRN-01A.Ave_Beta	idat_sample_sheet_TARGET-NBL__450k_beta.txt	30	PASSRN	01	NBL	False	9.63232	2.6517906
TARGET-30-PAIVZR-01A	450K	TARGET-NBL	TARGET-30-PAIVZR-01A.Ave_Beta	idat_sample_sheet_TARGET-NBL__450k_beta.txt	30	PAIVZR	01	NBL	False	9.814196	2.3912122
TARGET-30-PAPBZI-01A	450K	TARGET-NBL	TARGET-30-PAPBZI-01A.Ave_Beta	idat_sample_sheet_TARGET-NBL__450k_beta.txt	30	PAPBZI	01	NBL	False	9.36329	2.5615473
TARGET-30-PARFWB-01A	450K	TARGET-NBL	TARGET-30-PARFWB-01A.Ave_Beta	idat_sample_sheet_TARGET-NBL__450k_beta.txt	30	PARFWB	01	NBL	False	7.932787	4.546658
TARGET-30-PASSRS-01A	450K	TARGET-NBL	TARGET-30-PASSRS-01A.Ave_Beta	idat_sample_sheet_TARGET-NBL__450k_beta.txt	30	PASSRS	01	NBL	False	8.452719	4.0187254
TARGET-30-PANBSP-01A	450K	TARGET-NBL	TARGET-30-PANBSP-01A.Ave_Beta	idat_sample_sheet_TARGET-NBL__450k_beta.txt	30	PANBSP	01	NBL	False	9.926783	3.9014854
TARGET-30-PARDCK-01A	450K	TARGET-NBL	TARGET-30-PARDCK-01A.Ave_Beta	idat_sample_sheet_TARGET-NBL__450k_beta.txt	30	PARDCK	01	NBL	False	8.118595	4.016727
TARGET-30-PAKYZS-01A	450K	TARGET-NBL	TARGET-30-PAKYZS-01A.Ave_Beta	idat_sample_sheet_TARGET-NBL__450k_beta.txt	30	PAKYZS	01	NBL	False	9.506929	6.273777
TARGET-30-PAPTCR-01A	450K	TARGET-NBL	TARGET-30-PAPTCR-01A.Ave_Beta	idat_sample_sheet_TARGET-NBL__450k_beta.txt	30	PAPTCR	01	NBL	False	9.653649	6.9084544
TARGET-30-PARIKF-01A	450K	TARGET-NBL	TARGET-30-PARIKF-01A.Ave_Beta	idat_sample_sheet_TARGET-NBL__450k_beta.txt	30	PARIKF	01	NBL	False	9.757068	2.343654
TARGET-30-PARJVP-01A	450K	TARGET-NBL	TARGET-30-PARJVP-01A.Ave_Beta	idat_sample_sheet_TARGET-NBL__450k_beta.txt	30	PARJVP	01	NBL	False	10.931975	4.49761
TARGET-30-PALZZV-01A	450K	TARGET-NBL	TARGET-30-PALZZV-01A.Ave_Beta	idat_sample_sheet_TARGET-NBL__450k_beta.txt	30	PALZZV	01	NBL	False	9.603901	2.0135322
TARGET-30-PATESI-01A	450K	TARGET-NBL	TARGET-30-PATESI-01A.Ave_Beta	idat_sample_sheet_TARGET-NBL__450k_beta.txt	30	PATESI	01	NBL	False	9.71395	2.8163006
TARGET-30-PALEVG-01A	450K	TARGET-NBL	TARGET-30-PALEVG-01A.Ave_Beta	idat_sample_sheet_TARGET-NBL__450k_beta.txt	30	PALEVG	01	NBL	False	9.643747	3.1020403
TARGET-30-PAPSKM-01A	450K	TARGET-NBL	TARGET-30-PAPSKM-01A.Ave_Beta	idat_sample_sheet_TARGET-NBL__450k_beta.txt	30	PAPSKM	01	NBL	False	8.832093	6.298128
TARGET-30-PASWVY-01A	450K	TARGET-NBL	TARGET-30-PASWVY-01A.Ave_Beta	idat_sample_sheet_TARGET-NBL__450k_beta.txt	30	PASWVY	01	NBL	False	8.0959835	3.7259898
TARGET-30-PASFIC-01A	450K	TARGET-NBL	TARGET-30-PASFIC-01A.Ave_Beta	idat_sample_sheet_TARGET-NBL__450k_beta.txt	30	PASFIC	01	NBL	False	10.687404	5.2367373
TARGET-30-PASBEN-01A	450K	TARGET-NBL	TARGET-30-PASBEN-01A.Ave_Beta	idat_sample_sheet_TARGET-NBL__450k_beta.txt	30	PASBEN	01	NBL	False	8.90642	6.306782
TARGET-30-PARMTT-01A	450K	TARGET-NBL	TARGET-30-PARMTT-01A.Ave_Beta	idat_sample_sheet_TARGET-NBL__450k_beta.txt	30	PARMTT	01	NBL	False	7.969285	3.9217024
TARGET-30-PARVME-01A	450K	TARGET-NBL	TARGET-30-PARVME-01A.Ave_Beta	idat_sample_sheet_TARGET-NBL__450k_beta.txt	30	PARVME	01	NBL	False	7.9711943	4.3641496
TARGET-30-PASRFS-01A	450K	TARGET-NBL	TARGET-30-PASRFS-01A.Ave_Beta	idat_sample_sheet_TARGET-NBL__450k_beta.txt	30	PASRFS	01	NBL	False	8.018056	4.7198725
TARGET-30-PAUDDK-01A	450K	TARGET-NBL	TARGET-30-PAUDDK-01A.Ave_Beta	idat_sample_sheet_TARGET-NBL__450k_beta.txt	30	PAUDDK	01	NBL	False	10.090969	4.3983626
TARGET-30-PANZVU-01A	450K	TARGET-NBL	TARGET-30-PANZVU-01A.Ave_Beta	idat_sample_sheet_TARGET-NBL__450k_beta.txt	30	PANZVU	01	NBL	False	8.652625	4.401675
TARGET-30-PAPKXS-01A	450K	TARGET-NBL	TARGET-30-PAPKXS-01A.Ave_Beta	idat_sample_sheet_TARGET-NBL__450k_beta.txt	30	PAPKXS	01	NBL	False	8.106965	3.7781882
TARGET-30-PARACS-01A	450K	TARGET-NBL	TARGET-30-PARACS-01A.Ave_Beta	idat_sample_sheet_TARGET-NBL__450k_beta.txt	30	PARACS	01	NBL	False	7.925889	4.1274037
TARGET-30-PATAYJ-01A	450K	TARGET-NBL	TARGET-30-PATAYJ-01A.Ave_Beta	idat_sample_sheet_TARGET-NBL__450k_beta.txt	30	PATAYJ	01	NBL	False	11.008669	4.7093086
TARGET-30-PAPRXW-01A	450K	TARGET-NBL	TARGET-30-PAPRXW-01A.Ave_Beta	idat_sample_sheet_TARGET-NBL__450k_beta.txt	30	PAPRXW	01	NBL	False	9.802079	2.3300612
TARGET-30-PARFRE-01A	450K	TARGET-NBL	TARGET-30-PARFRE-01A.Ave_Beta	idat_sample_sheet_TARGET-NBL__450k_beta.txt	30	PARFRE	01	NBL	False	10.4505	4.554145
TARGET-30-PAREGK-01A	450K	TARGET-NBL	TARGET-30-PAREGK-01A.Ave_Beta	idat_sample_sheet_TARGET-NBL__450k_beta.txt	30	PAREGK	01	NBL	False	9.796109	4.217229
TARGET-30-PAPBGH-01A	450K	TARGET-NBL	TARGET-30-PAPBGH-01A.Ave_Beta	idat_sample_sheet_TARGET-NBL__450k_beta.txt	30	PAPBGH	01	NBL	False	9.339949	2.4070182
TARGET-30-PASMJG-01A	450K	TARGET-NBL	TARGET-30-PASMJG-01A.Ave_Beta	idat_sample_sheet_TARGET-NBL__450k_beta.txt	30	PASMJG	01	NBL	False	9.652863	6.869018
TARGET-30-PATGJU-01A	450K	TARGET-NBL	TARGET-30-PATGJU-01A.Ave_Beta	idat_sample_sheet_TARGET-NBL__450k_beta.txt	30	PATGJU	01	NBL	False	10.722573	5.210721
TARGET-30-PANZPV-01A	450K	TARGET-NBL	TARGET-30-PANZPV-01A.Ave_Beta	idat_sample_sheet_TARGET-NBL__450k_beta.txt	30	PANZPV	01	NBL	False	9.092732	6.1526628
TARGET-30-PANRRW-01A	450K	TARGET-NBL	TARGET-30-PANRRW-01A.Ave_Beta	idat_sample_sheet_TARGET-NBL__450k_beta.txt	30	PANRRW	01	NBL	False	8.8411255	6.331816
TARGET-30-PARCET-01A	450K	TARGET-NBL	TARGET-30-PARCET-01A.Ave_Beta	idat_sample_sheet_TARGET-NBL__450k_beta.txt	30	PARCET	01	NBL	False	9.510536	6.939748
TARGET-30-PALVUC-01A	450K	TARGET-NBL	TARGET-30-PALVUC-01A.Ave_Beta	idat_sample_sheet_TARGET-NBL__450k_beta.txt	30	PALVUC	01	NBL	False	10.5686245	4.649282
TARGET-30-PARBAJ-01A	450K	TARGET-NBL	TARGET-30-PARBAJ-01A.Ave_Beta	idat_sample_sheet_TARGET-NBL__450k_beta.txt	30	PARBAJ	01	NBL	False	11.193865	4.590081
TARGET-30-PALCBW-01A	450K	TARGET-NBL	TARGET-30-PALCBW-01A.Ave_Beta	idat_sample_sheet_TARGET-NBL__450k_beta.txt	30	PALCBW	01	NBL	False	9.695802	6.867373
TARGET-30-PALNVP-01A	450K	TARGET-NBL	TARGET-30-PALNVP-01A.Ave_Beta	idat_sample_sheet_TARGET-NBL__450k_beta.txt	30	PALNVP	01	NBL	False	9.806239	4.358423
TARGET-30-PASXRJ-01A	450K	TARGET-NBL	TARGET-30-PASXRJ-01A.Ave_Beta	idat_sample_sheet_TARGET-NBL__450k_beta.txt	30	PASXRJ	01	NBL	False	8.957825	6.415286
TARGET-30-PASFRV-01A	450K	TARGET-NBL	TARGET-30-PASFRV-01A.Ave_Beta	idat_sample_sheet_TARGET-NBL__450k_beta.txt	30	PASFRV	01	NBL	False	8.26776	4.530665
TARGET-30-PAPZYP-01A	450K	TARGET-NBL	TARGET-30-PAPZYP-01A.Ave_Beta	idat_sample_sheet_TARGET-NBL__450k_beta.txt	30	PAPZYP	01	NBL	False	10.000754	2.516557
TARGET-30-PARURB-01A	450K	TARGET-NBL	TARGET-30-PARURB-01A.Ave_Beta	idat_sample_sheet_TARGET-NBL__450k_beta.txt	30	PARURB	01	NBL	False	9.711551	4.2995615
TARGET-30-PAPVFD-01A	450K	TARGET-NBL	TARGET-30-PAPVFD-01A.Ave_Beta	idat_sample_sheet_TARGET-NBL__450k_beta.txt	30	PAPVFD	01	NBL	False	8.008794	4.700741
TARGET-30-PATNKP-02A	450K	TARGET-NBL	TARGET-30-PATNKP-02A.Ave_Beta	idat_sample_sheet_TARGET-NBL__450k_beta.txt	30	PATNKP	02	NBL	False	9.376174	3.8998928
TARGET-30-PATDXC-01A	450K	TARGET-NBL	TARGET-30-PATDXC-01A.Ave_Beta	idat_sample_sheet_TARGET-NBL__450k_beta.txt	30	PATDXC	01	NBL	False	8.869721	5.7393
TARGET-30-PASKJX-01A	450K	TARGET-NBL	TARGET-30-PASKJX-01A.Ave_Beta	idat_sample_sheet_TARGET-NBL__450k_beta.txt	30	PASKJX	01	NBL	False	8.297905	4.3940225
TARGET-30-PAPZFW-01A	450K	TARGET-NBL	TARGET-30-PAPZFW-01A.Ave_Beta	idat_sample_sheet_TARGET-NBL__450k_beta.txt	30	PAPZFW	01	NBL	False	8.490923	5.2912836
TARGET-30-PASZKE-01A	450K	TARGET-NBL	TARGET-30-PASZKE-01A.Ave_Beta	idat_sample_sheet_TARGET-NBL__450k_beta.txt	30	PASZKE	01	NBL	False	10.630398	4.7508264
TARGET-30-PARCWT-01A	450K	TARGET-NBL	TARGET-30-PARCWT-01A.Ave_Beta	idat_sample_sheet_TARGET-NBL__450k_beta.txt	30	PARCWT	01	NBL	False	8.803881	5.7645802
TARGET-30-PARRBU-01A	450K	TARGET-NBL	TARGET-30-PARRBU-01A.Ave_Beta	idat_sample_sheet_TARGET-NBL__450k_beta.txt	30	PARRBU	01	NBL	False	10.104035	2.9681776
TARGET-30-PAPUTN-01A	450K	TARGET-NBL	TARGET-30-PAPUTN-01A.Ave_Beta	idat_sample_sheet_TARGET-NBL__450k_beta.txt	30	PAPUTN	01	NBL	False	10.032907	2.6863017
TARGET-30-PAPTFZ-01A	450K	TARGET-NBL	TARGET-30-PAPTFZ-01A.Ave_Beta	idat_sample_sheet_TARGET-NBL__450k_beta.txt	30	PAPTFZ	01	NBL	False	9.865721	2.4422479
TARGET-30-PAMZSH-01A	450K	TARGET-NBL	TARGET-30-PAMZSH-01A.Ave_Beta	idat_sample_sheet_TARGET-NBL__450k_beta.txt	30	PAMZSH	01	NBL	False	9.903635	5.734263
TARGET-30-PAPKWN-01A	450K	TARGET-NBL	TARGET-30-PAPKWN-01A.Ave_Beta	idat_sample_sheet_TARGET-NBL__450k_beta.txt	30	PAPKWN	01	NBL	False	9.858479	4.454654
TARGET-30-PASDZJ-01A	450K	TARGET-NBL	TARGET-30-PASDZJ-01A.Ave_Beta	idat_sample_sheet_TARGET-NBL__450k_beta.txt	30	PASDZJ	01	NBL	False	9.106139	6.709277
TARGET-30-PALVVH-01A	450K	TARGET-NBL	TARGET-30-PALVVH-01A.Ave_Beta	idat_sample_sheet_TARGET-NBL__450k_beta.txt	30	PALVVH	01	NBL	False	10.939835	4.556949
TARGET-30-PARDUJ-01A	450K	TARGET-NBL	TARGET-30-PARDUJ-01A.Ave_Beta	idat_sample_sheet_TARGET-NBL__450k_beta.txt	30	PARDUJ	01	NBL	False	8.352565	5.1667275
TARGET-30-PATFCY-01A	450K	TARGET-NBL	TARGET-30-PATFCY-01A.Ave_Beta	idat_sample_sheet_TARGET-NBL__450k_beta.txt	30	PATFCY	01	NBL	False	8.850216	5.0412097
TARGET-30-PAMYCE-01A	450K	TARGET-NBL	TARGET-30-PAMYCE-01A.Ave_Beta	idat_sample_sheet_TARGET-NBL__450k_beta.txt	30	PAMYCE	01	NBL	False	8.258314	4.8991585
TARGET-30-PAKZRH-01A	450K	TARGET-NBL	TARGET-30-PAKZRH-01A.Ave_Beta	idat_sample_sheet_TARGET-NBL__450k_beta.txt	30	PAKZRH	01	NBL	False	11.206002	4.643993
TARGET-30-PAMNLH-01A	450K	TARGET-NBL	TARGET-30-PAMNLH-01A.Ave_Beta	idat_sample_sheet_TARGET-NBL__450k_beta.txt	30	PAMNLH	01	NBL	False	7.85445	4.051015
TARGET-30-PAPTLA-01A	450K	TARGET-NBL	TARGET-30-PAPTLA-01A.Ave_Beta	idat_sample_sheet_TARGET-NBL__450k_beta.txt	30	PAPTLA	01	NBL	False	8.04715	4.6313343
TARGET-30-PASMNT-01A	450K	TARGET-NBL	TARGET-30-PASMNT-01A.Ave_Beta	idat_sample_sheet_TARGET-NBL__450k_beta.txt	30	PASMNT	01	NBL	False	8.066646	3.6978235
TARGET-30-PAMLNB-01A	450K	TARGET-NBL	TARGET-30-PAMLNB-01A.Ave_Beta	idat_sample_sheet_TARGET-NBL__450k_beta.txt	30	PAMLNB	01	NBL	False	9.678211	6.8213773
TARGET-30-PANRHJ-01A	450K	TARGET-NBL	TARGET-30-PANRHJ-01A.Ave_Beta	idat_sample_sheet_TARGET-NBL__450k_beta.txt	30	PANRHJ	01	NBL	False	9.889941	4.146312
TARGET-30-PASEGA-01A	450K	TARGET-NBL	TARGET-30-PASEGA-01A.Ave_Beta	idat_sample_sheet_TARGET-NBL__450k_beta.txt	30	PASEGA	01	NBL	False	9.452172	6.3689604
TARGET-30-PARYNK-01A	450K	TARGET-NBL	TARGET-30-PARYNK-01A.Ave_Beta	idat_sample_sheet_TARGET-NBL__450k_beta.txt	30	PARYNK	01	NBL	False	8.846356	6.1575003
TARGET-30-PASWIJ-01A	450K	TARGET-NBL	TARGET-30-PASWIJ-01A.Ave_Beta	idat_sample_sheet_TARGET-NBL__450k_beta.txt	30	PASWIJ	01	NBL	False	8.314035	5.009634
TARGET-30-PAMZMG-01A	450K	TARGET-NBL	TARGET-30-PAMZMG-01A.Ave_Beta	idat_sample_sheet_TARGET-NBL__450k_beta.txt	30	PAMZMG	01	NBL	False	10.027286	2.807034
TARGET-30-PAIFXV-01A	450K	TARGET-NBL	TARGET-30-PAIFXV-01A.Ave_Beta	idat_sample_sheet_TARGET-NBL__450k_beta.txt	30	PAIFXV	01	NBL	False	9.025678	6.036682
TARGET-30-PATBMM-01A	450K	TARGET-NBL	TARGET-30-PATBMM-01A.Ave_Beta	idat_sample_sheet_TARGET-NBL__450k_beta.txt	30	PATBMM	01	NBL	False	8.269432	4.984307
TARGET-30-PALKKV-01A	450K	TARGET-NBL	TARGET-30-PALKKV-01A.Ave_Beta	idat_sample_sheet_TARGET-NBL__450k_beta.txt	30	PALKKV	01	NBL	False	10.292249	5.087008
TARGET-30-PALUDH-01A	450K	TARGET-NBL	TARGET-30-PALUDH-01A.Ave_Beta	idat_sample_sheet_TARGET-NBL__450k_beta.txt	30	PALUDH	01	NBL	False	8.119603	3.7268996
TARGET-30-PAPBJE-01A	450K	TARGET-NBL	TARGET-30-PAPBJE-01A.Ave_Beta	idat_sample_sheet_TARGET-NBL__450k_beta.txt	30	PAPBJE	01	NBL	False	9.859255	2.3739
TARGET-30-PASGAP-01A	450K	TARGET-NBL	TARGET-30-PASGAP-01A.Ave_Beta	idat_sample_sheet_TARGET-NBL__450k_beta.txt	30	PASGAP	01	NBL	False	9.456728	6.3054476
TARGET-30-PAPZYZ-01A	450K	TARGET-NBL	TARGET-30-PAPZYZ-01A.Ave_Beta	idat_sample_sheet_TARGET-NBL__450k_beta.txt	30	PAPZYZ	01	NBL	False	9.986655	2.6892538
TARGET-30-PATYIL-02A	450K	TARGET-NBL	TARGET-30-PATYIL-02A.Ave_Beta	idat_sample_sheet_TARGET-NBL__450k_beta.txt	30	PATYIL	02	NBL	False	9.330027	3.6264927
TARGET-30-PARHAM-01A	450K	TARGET-NBL	TARGET-30-PARHAM-01A.Ave_Beta	idat_sample_sheet_TARGET-NBL__450k_beta.txt	30	PARHAM	01	NBL	False	9.905399	4.331368
TARGET-30-PAPTMM-01A	450K	TARGET-NBL	TARGET-30-PAPTMM-01A.Ave_Beta	idat_sample_sheet_TARGET-NBL__450k_beta.txt	30	PAPTMM	01	NBL	False	10.1921015	3.1323595
TARGET-30-PANXJL-01A	450K	TARGET-NBL	TARGET-30-PANXJL-01A.Ave_Beta	idat_sample_sheet_TARGET-NBL__450k_beta.txt	30	PANXJL	01	NBL	False	8.998473	5.6268387
TARGET-30-PASAZJ-01A	450K	TARGET-NBL	TARGET-30-PASAZJ-01A.Ave_Beta	idat_sample_sheet_TARGET-NBL__450k_beta.txt	30	PASAZJ	01	NBL	False	8.974118	6.6186423
TARGET-30-PARDYU-01A	450K	TARGET-NBL	TARGET-30-PARDYU-01A.Ave_Beta	idat_sample_sheet_TARGET-NBL__450k_beta.txt	30	PARDYU	01	NBL	False	9.809284	2.3420472
TARGET-30-PANBMJ-01A	450K	TARGET-NBL	TARGET-30-PANBMJ-01A.Ave_Beta	idat_sample_sheet_TARGET-NBL__450k_beta.txt	30	PANBMJ	01	NBL	False	14.55063	19.103434
TARGET-30-PARBLH-01A	450K	TARGET-NBL	TARGET-30-PARBLH-01A.Ave_Beta	idat_sample_sheet_TARGET-NBL__450k_beta.txt	30	PARBLH	01	NBL	False	8.704095	5.933061
TARGET-30-PASGAP-02A	450K	TARGET-NBL	TARGET-30-PASGAP-02A.Ave_Beta	idat_sample_sheet_TARGET-NBL__450k_beta.txt	30	PASGAP	02	NBL	False	11.140254	4.781349
TARGET-30-PARNNC-01A	450K	TARGET-NBL	TARGET-30-PARNNC-01A.Ave_Beta	idat_sample_sheet_TARGET-NBL__450k_beta.txt	30	PARNNC	01	NBL	False	11.066345	4.5698776
TARGET-30-PARASL-01A	450K	TARGET-NBL	TARGET-30-PARASL-01A.Ave_Beta	idat_sample_sheet_TARGET-NBL__450k_beta.txt	30	PARASL	01	NBL	False	8.765253	6.2606635
TARGET-30-PANUKV-01A	450K	TARGET-NBL	TARGET-30-PANUKV-01A.Ave_Beta	idat_sample_sheet_TARGET-NBL__450k_beta.txt	30	PANUKV	01	NBL	False	9.668221	2.884902
TARGET-30-PASNZU-01A	450K	TARGET-NBL	TARGET-30-PASNZU-01A.Ave_Beta	idat_sample_sheet_TARGET-NBL__450k_beta.txt	30	PASNZU	01	NBL	False	9.508002	2.3653278
TARGET-30-PARBGP-01A	450K	TARGET-NBL	TARGET-30-PARBGP-01A.Ave_Beta	idat_sample_sheet_TARGET-NBL__450k_beta.txt	30	PARBGP	01	NBL	False	8.659867	4.916146
TARGET-30-PASHFA-01A	450K	TARGET-NBL	TARGET-30-PASHFA-01A.Ave_Beta	idat_sample_sheet_TARGET-NBL__450k_beta.txt	30	PASHFA	01	NBL	False	9.032031	6.6412063
TARGET-30-PASCTR-01A	450K	TARGET-NBL	TARGET-30-PASCTR-01A.Ave_Beta	idat_sample_sheet_TARGET-NBL__450k_beta.txt	30	PASCTR	01	NBL	False	11.1308	4.694599
TARGET-30-PANWRR-01A	450K	TARGET-NBL	TARGET-30-PANWRR-01A.Ave_Beta	idat_sample_sheet_TARGET-NBL__450k_beta.txt	30	PANWRR	01	NBL	False	9.264954	5.83935
TARGET-30-PAMCXF-01A	450K	TARGET-NBL	TARGET-30-PAMCXF-01A.Ave_Beta	idat_sample_sheet_TARGET-NBL__450k_beta.txt	30	PAMCXF	01	NBL	False	9.292639	2.4339974
TARGET-30-PAPTDH-01A	450K	TARGET-NBL	TARGET-30-PAPTDH-01A.Ave_Beta	idat_sample_sheet_TARGET-NBL__450k_beta.txt	30	PAPTDH	01	NBL	False	10.919051	4.858302
TARGET-30-PARSRJ-01A	450K	TARGET-NBL	TARGET-30-PARSRJ-01A.Ave_Beta	idat_sample_sheet_TARGET-NBL__450k_beta.txt	30	PARSRJ	01	NBL	False	9.802628	3.9226084
TARGET-30-PAIPGU-01A	450K	TARGET-NBL	TARGET-30-PAIPGU-01A.Ave_Beta	idat_sample_sheet_TARGET-NBL__450k_beta.txt	30	PAIPGU	01	NBL	False	8.059697	3.6290247
TARGET-30-PAMZGT-01A	450K	TARGET-NBL	TARGET-30-PAMZGT-01A.Ave_Beta	idat_sample_sheet_TARGET-NBL__450k_beta.txt	30	PAMZGT	01	NBL	False	9.200867	2.543683
TARGET-30-PASUML-01A	450K	TARGET-NBL	TARGET-30-PASUML-01A.Ave_Beta	idat_sample_sheet_TARGET-NBL__450k_beta.txt	30	PASUML	01	NBL	False	10.727918	5.314782
TARGET-30-PATHKB-01A	450K	TARGET-NBL	TARGET-30-PATHKB-01A.Ave_Beta	idat_sample_sheet_TARGET-NBL__450k_beta.txt	30	PATHKB	01	NBL	False	10.740329	5.234315
TARGET-30-PARUXY-01A	450K	TARGET-NBL	TARGET-30-PARUXY-01A.Ave_Beta	idat_sample_sheet_TARGET-NBL__450k_beta.txt	30	PARUXY	01	NBL	False	9.15217	6.006342
TARGET-30-PARDVT-01A	450K	TARGET-NBL	TARGET-30-PARDVT-01A.Ave_Beta	idat_sample_sheet_TARGET-NBL__450k_beta.txt	30	PARDVT	01	NBL	False	8.629094	4.8345594
TARGET-30-PASYLD-01A	450K	TARGET-NBL	TARGET-30-PASYLD-01A.Ave_Beta	idat_sample_sheet_TARGET-NBL__450k_beta.txt	30	PASYLD	01	NBL	False	9.248041	6.1940374
TARGET-30-PAIXFZ-01A	450K	TARGET-NBL	TARGET-30-PAIXFZ-01A.Ave_Beta	idat_sample_sheet_TARGET-NBL__450k_beta.txt	30	PAIXFZ	01	NBL	False	11.162017	4.557145
TARGET-30-PASPBZ-01A	450K	TARGET-NBL	TARGET-30-PASPBZ-01A.Ave_Beta	idat_sample_sheet_TARGET-NBL__450k_beta.txt	30	PASPBZ	01	NBL	False	11.212616	4.564344
TARGET-30-PASCFC-01A	450K	TARGET-NBL	TARGET-30-PASCFC-01A.Ave_Beta	idat_sample_sheet_TARGET-NBL__450k_beta.txt	30	PASCFC	01	NBL	False	10.630194	5.090716
TARGET-30-PASYPX-01A	450K	TARGET-NBL	TARGET-30-PASYPX-01A.Ave_Beta	idat_sample_sheet_TARGET-NBL__450k_beta.txt	30	PASYPX	01	NBL	False	8.233468	4.8750043
TARGET-30-PATHVK-01A	450K	TARGET-NBL	TARGET-30-PATHVK-01A.Ave_Beta	idat_sample_sheet_TARGET-NBL__450k_beta.txt	30	PATHVK	01	NBL	False	8.98929	4.397476
TARGET-30-PANYGR-01A	450K	TARGET-NBL	TARGET-30-PANYGR-01A.Ave_Beta	idat_sample_sheet_TARGET-NBL__450k_beta.txt	30	PANYGR	01	NBL	False	7.8343754	4.457446
TARGET-30-PASWYR-01A	450K	TARGET-NBL	TARGET-30-PASWYR-01A.Ave_Beta	idat_sample_sheet_TARGET-NBL__450k_beta.txt	30	PASWYR	01	NBL	False	9.672117	2.2293212
TARGET-30-PARNCW-01A	450K	TARGET-NBL	TARGET-30-PARNCW-01A.Ave_Beta	idat_sample_sheet_TARGET-NBL__450k_beta.txt	30	PARNCW	01	NBL	False	8.97894	6.3390527
TARGET-30-PANKFE-01A	450K	TARGET-NBL	TARGET-30-PANKFE-01A.Ave_Beta	idat_sample_sheet_TARGET-NBL__450k_beta.txt	30	PANKFE	01	NBL	False	9.626829	6.8775444
TARGET-30-PARNEE-01A	450K	TARGET-NBL	TARGET-30-PARNEE-01A.Ave_Beta	idat_sample_sheet_TARGET-NBL__450k_beta.txt	30	PARNEE	01	NBL	False	9.596112	2.137657
TARGET-30-PAPUWY-01A	450K	TARGET-NBL	TARGET-30-PAPUWY-01A.Ave_Beta	idat_sample_sheet_TARGET-NBL__450k_beta.txt	30	PAPUWY	01	NBL	False	8.729545	5.002388
TARGET-30-PASXRG-01A	450K	TARGET-NBL	TARGET-30-PASXRG-01A.Ave_Beta	idat_sample_sheet_TARGET-NBL__450k_beta.txt	30	PASXRG	01	NBL	False	9.3539915	2.673211
TARGET-30-PAIVHE-01A	450K	TARGET-NBL	TARGET-30-PAIVHE-01A.Ave_Beta	idat_sample_sheet_TARGET-NBL__450k_beta.txt	30	PAIVHE	01	NBL	False	8.324601	4.965715
TARGET-30-PASFGG-01A	450K	TARGET-NBL	TARGET-30-PASFGG-01A.Ave_Beta	idat_sample_sheet_TARGET-NBL__450k_beta.txt	30	PASFGG	01	NBL	False	9.034092	6.6684318
TARGET-30-PARBAJ-02A	450K	TARGET-NBL	TARGET-30-PARBAJ-02A.Ave_Beta	idat_sample_sheet_TARGET-NBL__450k_beta.txt	30	PARBAJ	02	NBL	False	9.61879	4.323357
TARGET-30-PARAHE-01A	450K	TARGET-NBL	TARGET-30-PARAHE-01A.Ave_Beta	idat_sample_sheet_TARGET-NBL__450k_beta.txt	30	PARAHE	01	NBL	False	8.678968	3.895326
TARGET-30-PARXLM-01A	450K	TARGET-NBL	TARGET-30-PARXLM-01A.Ave_Beta	idat_sample_sheet_TARGET-NBL__450k_beta.txt	30	PARXLM	01	NBL	False	10.716677	5.065741
TARGET-30-PAISNS-01A	450K	TARGET-NBL	TARGET-30-PAISNS-01A.Ave_Beta	idat_sample_sheet_TARGET-NBL__450k_beta.txt	30	PAISNS	01	NBL	False	8.403235	3.95637
TARGET-30-PALLJJ-01A	450K	TARGET-NBL	TARGET-30-PALLJJ-01A.Ave_Beta	idat_sample_sheet_TARGET-NBL__450k_beta.txt	30	PALLJJ	01	NBL	False	9.922874	5.059754
TARGET-30-PAPVEB-01A	450K	TARGET-NBL	TARGET-30-PAPVEB-01A.Ave_Beta	idat_sample_sheet_TARGET-NBL__450k_beta.txt	30	PAPVEB	01	NBL	False	8.733632	4.6163726
TARGET-30-PASTCN-01A	450K	TARGET-NBL	TARGET-30-PASTCN-01A.Ave_Beta	idat_sample_sheet_TARGET-NBL__450k_beta.txt	30	PASTCN	01	NBL	False	7.935503	4.615733
TARGET-30-PANLET-01A	450K	TARGET-NBL	TARGET-30-PANLET-01A.Ave_Beta	idat_sample_sheet_TARGET-NBL__450k_beta.txt	30	PANLET	01	NBL	False	8.01275	3.6896598
TARGET-30-PATGWT-01A	450K	TARGET-NBL	TARGET-30-PATGWT-01A.Ave_Beta	idat_sample_sheet_TARGET-NBL__450k_beta.txt	30	PATGWT	01	NBL	False	9.684488	2.1940289
TARGET-30-PARZHA-01A	450K	TARGET-NBL	TARGET-30-PARZHA-01A.Ave_Beta	idat_sample_sheet_TARGET-NBL__450k_beta.txt	30	PARZHA	01	NBL	False	10.763161	4.8014326
TARGET-30-PARKGJ-01A_1	450K	TARGET-NBL	TARGET-30-PARKGJ-01A_1.Ave_Beta	idat_sample_sheet_TARGET-NBL__450k_beta.txt	30	PARKGJ	01	NBL	False	7.900186	4.053064
TARGET-30-PALEAC-01A	450K	TARGET-NBL	TARGET-30-PALEAC-01A.Ave_Beta	idat_sample_sheet_TARGET-NBL__450k_beta.txt	30	PALEAC	01	NBL	False	10.685168	4.9828267
TARGET-30-PATEPF-01A	450K	TARGET-NBL	TARGET-30-PATEPF-01A.Ave_Beta	idat_sample_sheet_TARGET-NBL__450k_beta.txt	30	PATEPF	01	NBL	False	8.034214	3.691986
TARGET-30-PAPHPE-01A	450K	TARGET-NBL	TARGET-30-PAPHPE-01A.Ave_Beta	idat_sample_sheet_TARGET-NBL__450k_beta.txt	30	PAPHPE	01	NBL	False	8.518454	5.295958
TARGET-30-PARHAM-02A	450K	TARGET-NBL	TARGET-30-PARHAM-02A.Ave_Beta	idat_sample_sheet_TARGET-NBL__450k_beta.txt	30	PARHAM	02	NBL	False	9.733362	4.3806467
TARGET-30-PAKGCI-01A	450K	TARGET-NBL	TARGET-30-PAKGCI-01A.Ave_Beta	idat_sample_sheet_TARGET-NBL__450k_beta.txt	30	PAKGCI	01	NBL	False	11.06322	4.607044
TARGET-30-PARETE-01A	450K	TARGET-NBL	TARGET-30-PARETE-01A.Ave_Beta	idat_sample_sheet_TARGET-NBL__450k_beta.txt	30	PARETE	01	NBL	False	9.765649	4.032214
TARGET-30-PAPEAV-01A	450K	TARGET-NBL	TARGET-30-PAPEAV-01A.Ave_Beta	idat_sample_sheet_TARGET-NBL__450k_beta.txt	30	PAPEAV	01	NBL	False	8.703224	3.779509
TARGET-30-PARGUX-01A	450K	TARGET-NBL	TARGET-30-PARGUX-01A.Ave_Beta	idat_sample_sheet_TARGET-NBL__450k_beta.txt	30	PARGUX	01	NBL	False	11.051644	4.758905
TARGET-30-PAMAFV-01A	450K	TARGET-NBL	TARGET-30-PAMAFV-01A.Ave_Beta	idat_sample_sheet_TARGET-NBL__450k_beta.txt	30	PAMAFV	01	NBL	False	10.248435	4.262022
TARGET-30-PASXGP-01A	450K	TARGET-NBL	TARGET-30-PASXGP-01A.Ave_Beta	idat_sample_sheet_TARGET-NBL__450k_beta.txt	30	PASXGP	01	NBL	False	8.077306	3.739237
TARGET-30-PALFSE-01A	450K	TARGET-NBL	TARGET-30-PALFSE-01A.Ave_Beta	idat_sample_sheet_TARGET-NBL__450k_beta.txt	30	PALFSE	01	NBL	False	9.521929	6.2263684
TARGET-30-PAKHAV-01A	450K	TARGET-NBL	TARGET-30-PAKHAV-01A.Ave_Beta	idat_sample_sheet_TARGET-NBL__450k_beta.txt	30	PAKHAV	01	NBL	False	10.51325	4.83151
TARGET-40-PASYUK-01A	450K	TARGET-OS	TARGET-40-PASYUK-01A.Ave_Beta	idat_sample_sheet_TARGET-OS__450k_beta.txt	40	PASYUK	01	OS	False	8.927591	14.83141
TARGET-40-0A4HMC-01A	450K	TARGET-OS	TARGET-40-0A4HMC-01A.Ave_Beta	idat_sample_sheet_TARGET-OS__450k_beta.txt	40	0A4HMC	01	OS	False	8.77001	13.834739
TARGET-40-PAPXGT-01A	450K	TARGET-OS	TARGET-40-PAPXGT-01A.Ave_Beta	idat_sample_sheet_TARGET-OS__450k_beta.txt	40	PAPXGT	01	OS	False	8.762201	14.055417
TARGET-40-PALHRL-01A	450K	TARGET-OS	TARGET-40-PALHRL-01A.Ave_Beta	idat_sample_sheet_TARGET-OS__450k_beta.txt	40	PALHRL	01	OS	False	8.498629	13.302315
TARGET-40-PANGRW-01A	450K	TARGET-OS	TARGET-40-PANGRW-01A.Ave_Beta	idat_sample_sheet_TARGET-OS__450k_beta.txt	40	PANGRW	01	OS	False	8.537433	14.400765
TARGET-40-PATPBS-01A	450K	TARGET-OS	TARGET-40-PATPBS-01A.Ave_Beta	idat_sample_sheet_TARGET-OS__450k_beta.txt	40	PATPBS	01	OS	False	8.301397	13.668738
TARGET-40-PAUBIT-01A	450K	TARGET-OS	TARGET-40-PAUBIT-01A.Ave_Beta	idat_sample_sheet_TARGET-OS__450k_beta.txt	40	PAUBIT	01	OS	False	8.341876	13.905838
TARGET-40-PANPUM-01A	450K	TARGET-OS	TARGET-40-PANPUM-01A.Ave_Beta	idat_sample_sheet_TARGET-OS__450k_beta.txt	40	PANPUM	01	OS	False	8.434103	14.735627
TARGET-40-PAVCLP-01A	450K	TARGET-OS	TARGET-40-PAVCLP-01A.Ave_Beta	idat_sample_sheet_TARGET-OS__450k_beta.txt	40	PAVCLP	01	OS	False	8.435075	14.341401
TARGET-40-PATEEM-01A	450K	TARGET-OS	TARGET-40-PATEEM-01A.Ave_Beta	idat_sample_sheet_TARGET-OS__450k_beta.txt	40	PATEEM	01	OS	False	8.656999	14.485324
TARGET-40-0A4HX8-01A	450K	TARGET-OS	TARGET-40-0A4HX8-01A.Ave_Beta	idat_sample_sheet_TARGET-OS__450k_beta.txt	40	0A4HX8	01	OS	False	8.659362	14.534714
TARGET-40-PASKZZ-01A	450K	TARGET-OS	TARGET-40-PASKZZ-01A.Ave_Beta	idat_sample_sheet_TARGET-OS__450k_beta.txt	40	PASKZZ	01	OS	False	8.129562	13.518315
TARGET-40-PAUTWB-01A	450K	TARGET-OS	TARGET-40-PAUTWB-01A.Ave_Beta	idat_sample_sheet_TARGET-OS__450k_beta.txt	40	PAUTWB	01	OS	False	8.607235	13.947259
TARGET-40-0A4I0Q-01A	450K	TARGET-OS	TARGET-40-0A4I0Q-01A.Ave_Beta	idat_sample_sheet_TARGET-OS__450k_beta.txt	40	0A4I0Q	01	OS	False	8.222532	14.345772
TARGET-40-PAKFVX-01A	450K	TARGET-OS	TARGET-40-PAKFVX-01A.Ave_Beta	idat_sample_sheet_TARGET-OS__450k_beta.txt	40	PAKFVX	01	OS	False	8.355458	13.046979
TARGET-40-PASEFS-01A	450K	TARGET-OS	TARGET-40-PASEFS-01A.Ave_Beta	idat_sample_sheet_TARGET-OS__450k_beta.txt	40	PASEFS	01	OS	False	-3.9767885	10.141508
TARGET-40-0A4I42-01A	450K	TARGET-OS	TARGET-40-0A4I42-01A.Ave_Beta	idat_sample_sheet_TARGET-OS__450k_beta.txt	40	0A4I42	01	OS	False	8.465559	13.272157
TARGET-40-PANZZJ-01A	450K	TARGET-OS	TARGET-40-PANZZJ-01A.Ave_Beta	idat_sample_sheet_TARGET-OS__450k_beta.txt	40	PANZZJ	01	OS	False	8.521087	14.5448675
TARGET-40-0A4I8U-01A	450K	TARGET-OS	TARGET-40-0A4I8U-01A.Ave_Beta	idat_sample_sheet_TARGET-OS__450k_beta.txt	40	0A4I8U	01	OS	False	8.6163845	14.361886
TARGET-40-PAMJXS-01A	450K	TARGET-OS	TARGET-40-PAMJXS-01A.Ave_Beta	idat_sample_sheet_TARGET-OS__450k_beta.txt	40	PAMJXS	01	OS	False	8.276559	13.212711
TARGET-40-0A4HLD-01A	450K	TARGET-OS	TARGET-40-0A4HLD-01A.Ave_Beta	idat_sample_sheet_TARGET-OS__450k_beta.txt	40	0A4HLD	01	OS	False	8.36561	13.28969
TARGET-40-PAMLKS-01A	450K	TARGET-OS	TARGET-40-PAMLKS-01A.Ave_Beta	idat_sample_sheet_TARGET-OS__450k_beta.txt	40	PAMLKS	01	OS	False	8.730631	13.6181345
TARGET-40-0A4I4E-01A	450K	TARGET-OS	TARGET-40-0A4I4E-01A.Ave_Beta	idat_sample_sheet_TARGET-OS__450k_beta.txt	40	0A4I4E	01	OS	False	8.394702	14.688165
TARGET-40-0A4I3S-01A	450K	TARGET-OS	TARGET-40-0A4I3S-01A.Ave_Beta	idat_sample_sheet_TARGET-OS__450k_beta.txt	40	0A4I3S	01	OS	False	8.338367	13.045159
TARGET-40-PANVJJ-01A	450K	TARGET-OS	TARGET-40-PANVJJ-01A.Ave_Beta	idat_sample_sheet_TARGET-OS__450k_beta.txt	40	PANVJJ	01	OS	False	8.11006	14.18348
TARGET-40-0A4I4M-01A	450K	TARGET-OS	TARGET-40-0A4I4M-01A.Ave_Beta	idat_sample_sheet_TARGET-OS__450k_beta.txt	40	0A4I4M	01	OS	False	8.86495	13.870456
TARGET-40-0A4I48-01A	450K	TARGET-OS	TARGET-40-0A4I48-01A.Ave_Beta	idat_sample_sheet_TARGET-OS__450k_beta.txt	40	0A4I48	01	OS	False	8.590778	13.631505
TARGET-40-PASEBY-01A	450K	TARGET-OS	TARGET-40-PASEBY-01A.Ave_Beta	idat_sample_sheet_TARGET-OS__450k_beta.txt	40	PASEBY	01	OS	False	8.807823	14.634164
TARGET-40-PALECC-01A	450K	TARGET-OS	TARGET-40-PALECC-01A.Ave_Beta	idat_sample_sheet_TARGET-OS__450k_beta.txt	40	PALECC	01	OS	False	8.779253	14.177651
TARGET-40-PAVDTY-01A	450K	TARGET-OS	TARGET-40-PAVDTY-01A.Ave_Beta	idat_sample_sheet_TARGET-OS__450k_beta.txt	40	PAVDTY	01	OS	False	8.638758	14.361949
TARGET-40-PASUUH-01A	450K	TARGET-OS	TARGET-40-PASUUH-01A.Ave_Beta	idat_sample_sheet_TARGET-OS__450k_beta.txt	40	PASUUH	01	OS	False	8.720316	13.804593
TARGET-40-PATMXR-01A	450K	TARGET-OS	TARGET-40-PATMXR-01A.Ave_Beta	idat_sample_sheet_TARGET-OS__450k_beta.txt	40	PATMXR	01	OS	False	8.842956	13.999899
TARGET-40-PANZHX-01A	450K	TARGET-OS	TARGET-40-PANZHX-01A.Ave_Beta	idat_sample_sheet_TARGET-OS__450k_beta.txt	40	PANZHX	01	OS	False	8.636651	14.430026
TARGET-40-PAKZZK-01A	450K	TARGET-OS	TARGET-40-PAKZZK-01A.Ave_Beta	idat_sample_sheet_TARGET-OS__450k_beta.txt	40	PAKZZK	01	OS	False	8.389036	13.639515
TARGET-40-0A4I6O-01A	450K	TARGET-OS	TARGET-40-0A4I6O-01A.Ave_Beta	idat_sample_sheet_TARGET-OS__450k_beta.txt	40	0A4I6O	01	OS	False	8.140355	14.278064
TARGET-40-PASRNE-01A	450K	TARGET-OS	TARGET-40-PASRNE-01A.Ave_Beta	idat_sample_sheet_TARGET-OS__450k_beta.txt	40	PASRNE	01	OS	False	8.592099	13.511316
TARGET-40-PALKDP-01A	450K	TARGET-OS	TARGET-40-PALKDP-01A.Ave_Beta	idat_sample_sheet_TARGET-OS__450k_beta.txt	40	PALKDP	01	OS	False	8.375115	13.014328
TARGET-40-PALFYN-01A	450K	TARGET-OS	TARGET-40-PALFYN-01A.Ave_Beta	idat_sample_sheet_TARGET-OS__450k_beta.txt	40	PALFYN	01	OS	False	8.330673	14.227114
TARGET-40-PANMIG-01A	450K	TARGET-OS	TARGET-40-PANMIG-01A.Ave_Beta	idat_sample_sheet_TARGET-OS__450k_beta.txt	40	PANMIG	01	OS	False	8.00453	13.320259
TARGET-40-PARGTM-01A	450K	TARGET-OS	TARGET-40-PARGTM-01A.Ave_Beta	idat_sample_sheet_TARGET-OS__450k_beta.txt	40	PARGTM	01	OS	False	8.371723	13.411414
TARGET-40-PAVECB-01A	450K	TARGET-OS	TARGET-40-PAVECB-01A.Ave_Beta	idat_sample_sheet_TARGET-OS__450k_beta.txt	40	PAVECB	01	OS	False	8.030367	13.971959
TARGET-40-PASSLM-01A	450K	TARGET-OS	TARGET-40-PASSLM-01A.Ave_Beta	idat_sample_sheet_TARGET-OS__450k_beta.txt	40	PASSLM	01	OS	False	8.363263	13.13554
TARGET-40-PAUTYB-01A	450K	TARGET-OS	TARGET-40-PAUTYB-01A.Ave_Beta	idat_sample_sheet_TARGET-OS__450k_beta.txt	40	PAUTYB	01	OS	False	8.8603735	14.62478
TARGET-40-PANGPE-01A	450K	TARGET-OS	TARGET-40-PANGPE-01A.Ave_Beta	idat_sample_sheet_TARGET-OS__450k_beta.txt	40	PANGPE	01	OS	False	8.29951	13.327882
TARGET-40-PASNZV-01A	450K	TARGET-OS	TARGET-40-PASNZV-01A.Ave_Beta	idat_sample_sheet_TARGET-OS__450k_beta.txt	40	PASNZV	01	OS	False	8.944195	14.443544
TARGET-40-PATMIF-01A	450K	TARGET-OS	TARGET-40-PATMIF-01A.Ave_Beta	idat_sample_sheet_TARGET-OS__450k_beta.txt	40	PATMIF	01	OS	False	8.779715	13.83091
TARGET-40-PAPKWD-01A	450K	TARGET-OS	TARGET-40-PAPKWD-01A.Ave_Beta	idat_sample_sheet_TARGET-OS__450k_beta.txt	40	PAPKWD	01	OS	False	8.913649	14.696262
TARGET-40-PATAWV-01A	450K	TARGET-OS	TARGET-40-PATAWV-01A.Ave_Beta	idat_sample_sheet_TARGET-OS__450k_beta.txt	40	PATAWV	01	OS	False	8.144196	13.241529
TARGET-40-PASFCV-01A	450K	TARGET-OS	TARGET-40-PASFCV-01A.Ave_Beta	idat_sample_sheet_TARGET-OS__450k_beta.txt	40	PASFCV	01	OS	False	8.50648	13.942737
TARGET-40-PANSEN-01A	450K	TARGET-OS	TARGET-40-PANSEN-01A.Ave_Beta	idat_sample_sheet_TARGET-OS__450k_beta.txt	40	PANSEN	01	OS	False	8.10521	13.415218
TARGET-40-PAUYTT-01A	450K	TARGET-OS	TARGET-40-PAUYTT-01A.Ave_Beta	idat_sample_sheet_TARGET-OS__450k_beta.txt	40	PAUYTT	01	OS	False	8.124395	13.385446
TARGET-40-PAVALD-01A	450K	TARGET-OS	TARGET-40-PAVALD-01A.Ave_Beta	idat_sample_sheet_TARGET-OS__450k_beta.txt	40	PAVALD	01	OS	False	8.4446125	14.843689
TARGET-40-PAKXLD-01A	450K	TARGET-OS	TARGET-40-PAKXLD-01A.Ave_Beta	idat_sample_sheet_TARGET-OS__450k_beta.txt	40	PAKXLD	01	OS	False	8.529533	14.45059
TARGET-40-PAUVUL-01A	450K	TARGET-OS	TARGET-40-PAUVUL-01A.Ave_Beta	idat_sample_sheet_TARGET-OS__450k_beta.txt	40	PAUVUL	01	OS	False	8.418892	13.214683
TARGET-40-PAMEKS-01A	450K	TARGET-OS	TARGET-40-PAMEKS-01A.Ave_Beta	idat_sample_sheet_TARGET-OS__450k_beta.txt	40	PAMEKS	01	OS	False	8.074525	13.463355
TARGET-40-PARDAX-01A	450K	TARGET-OS	TARGET-40-PARDAX-01A.Ave_Beta	idat_sample_sheet_TARGET-OS__450k_beta.txt	40	PARDAX	01	OS	False	8.924515	14.2619915
TARGET-40-PARFTG-01A	450K	TARGET-OS	TARGET-40-PARFTG-01A.Ave_Beta	idat_sample_sheet_TARGET-OS__450k_beta.txt	40	PARFTG	01	OS	False	8.856093	14.808327
TARGET-40-PAUXPZ-01A	450K	TARGET-OS	TARGET-40-PAUXPZ-01A.Ave_Beta	idat_sample_sheet_TARGET-OS__450k_beta.txt	40	PAUXPZ	01	OS	False	8.065073	13.288163
TARGET-40-PANXSC-01A	450K	TARGET-OS	TARGET-40-PANXSC-01A.Ave_Beta	idat_sample_sheet_TARGET-OS__450k_beta.txt	40	PANXSC	01	OS	False	8.575621	13.269946
TARGET-40-0A4I65-01A	450K	TARGET-OS	TARGET-40-0A4I65-01A.Ave_Beta	idat_sample_sheet_TARGET-OS__450k_beta.txt	40	0A4I65	01	OS	False	8.431873	13.704262
TARGET-40-PAPFLB-01A	450K	TARGET-OS	TARGET-40-PAPFLB-01A.Ave_Beta	idat_sample_sheet_TARGET-OS__450k_beta.txt	40	PAPFLB	01	OS	False	8.768792	13.665956
TARGET-40-PAPNVD-01A	450K	TARGET-OS	TARGET-40-PAPNVD-01A.Ave_Beta	idat_sample_sheet_TARGET-OS__450k_beta.txt	40	PAPNVD	01	OS	False	8.9020815	14.76107
TARGET-40-PAPWWC-01A	450K	TARGET-OS	TARGET-40-PAPWWC-01A.Ave_Beta	idat_sample_sheet_TARGET-OS__450k_beta.txt	40	PAPWWC	01	OS	False	8.815458	14.747901
TARGET-40-0A4HY5-01A	450K	TARGET-OS	TARGET-40-0A4HY5-01A.Ave_Beta	idat_sample_sheet_TARGET-OS__450k_beta.txt	40	0A4HY5	01	OS	False	8.565104	14.657197
TARGET-40-PATKSS-01A	450K	TARGET-OS	TARGET-40-PATKSS-01A.Ave_Beta	idat_sample_sheet_TARGET-OS__450k_beta.txt	40	PATKSS	01	OS	False	8.461448	14.854106
TARGET-40-PATJVI-01A	450K	TARGET-OS	TARGET-40-PATJVI-01A.Ave_Beta	idat_sample_sheet_TARGET-OS__450k_beta.txt	40	PATJVI	01	OS	False	8.240606	13.954254
TARGET-40-0A4I0W-01A	450K	TARGET-OS	TARGET-40-0A4I0W-01A.Ave_Beta	idat_sample_sheet_TARGET-OS__450k_beta.txt	40	0A4I0W	01	OS	False	8.06311	13.696586
TARGET-40-PALKGN-01A	450K	TARGET-OS	TARGET-40-PALKGN-01A.Ave_Beta	idat_sample_sheet_TARGET-OS__450k_beta.txt	40	PALKGN	01	OS	False	8.71832	13.916465
TARGET-40-PALZGU-01A	450K	TARGET-OS	TARGET-40-PALZGU-01A.Ave_Beta	idat_sample_sheet_TARGET-OS__450k_beta.txt	40	PALZGU	01	OS	False	8.805818	14.615684
TARGET-40-0A4I4O-01A	450K	TARGET-OS	TARGET-40-0A4I4O-01A.Ave_Beta	idat_sample_sheet_TARGET-OS__450k_beta.txt	40	0A4I4O	01	OS	False	8.656418	13.555618
TARGET-40-PAMRHD-01A	450K	TARGET-OS	TARGET-40-PAMRHD-01A.Ave_Beta	idat_sample_sheet_TARGET-OS__450k_beta.txt	40	PAMRHD	01	OS	False	8.757823	14.582559
TARGET-40-0A4HXS-01A	450K	TARGET-OS	TARGET-40-0A4HXS-01A.Ave_Beta	idat_sample_sheet_TARGET-OS__450k_beta.txt	40	0A4HXS	01	OS	False	8.547101	14.891574
TARGET-40-PATUXZ-01A	450K	TARGET-OS	TARGET-40-PATUXZ-01A.Ave_Beta	idat_sample_sheet_TARGET-OS__450k_beta.txt	40	PATUXZ	01	OS	False	8.434239	13.170484
TARGET-40-PAMTCM-01A	450K	TARGET-OS	TARGET-40-PAMTCM-01A.Ave_Beta	idat_sample_sheet_TARGET-OS__450k_beta.txt	40	PAMTCM	01	OS	False	8.254605	13.88771
TARGET-40-PALWWX-01A	450K	TARGET-OS	TARGET-40-PALWWX-01A.Ave_Beta	idat_sample_sheet_TARGET-OS__450k_beta.txt	40	PALWWX	01	OS	False	8.041643	13.475541
TARGET-40-PARKAF-01A	450K	TARGET-OS	TARGET-40-PARKAF-01A.Ave_Beta	idat_sample_sheet_TARGET-OS__450k_beta.txt	40	PARKAF	01	OS	False	8.817174	14.56783
TARGET-40-PAUUML-01A	450K	TARGET-OS	TARGET-40-PAUUML-01A.Ave_Beta	idat_sample_sheet_TARGET-OS__450k_beta.txt	40	PAUUML	01	OS	False	8.266367	13.795748
TARGET-40-PAMYYJ-01A	450K	TARGET-OS	TARGET-40-PAMYYJ-01A.Ave_Beta	idat_sample_sheet_TARGET-OS__450k_beta.txt	40	PAMYYJ	01	OS	False	8.847628	14.517543
TARGET-40-PAKUZU-01A	450K	TARGET-OS	TARGET-40-PAKUZU-01A.Ave_Beta	idat_sample_sheet_TARGET-OS__450k_beta.txt	40	PAKUZU	01	OS	False	8.83246	14.615355
TARGET-40-PAPIJR-01A	450K	TARGET-OS	TARGET-40-PAPIJR-01A.Ave_Beta	idat_sample_sheet_TARGET-OS__450k_beta.txt	40	PAPIJR	01	OS	False	8.809537	14.054874
TARGET-40-PAPVYW-01A	450K	TARGET-OS	TARGET-40-PAPVYW-01A.Ave_Beta	idat_sample_sheet_TARGET-OS__450k_beta.txt	40	PAPVYW	01	OS	False	8.9458275	14.714383
TARGET-40-PATMPU-01A	450K	TARGET-OS	TARGET-40-PATMPU-01A.Ave_Beta	idat_sample_sheet_TARGET-OS__450k_beta.txt	40	PATMPU	01	OS	False	8.487488	13.101545
TARGET-40-0A4I9K-01A	450K	TARGET-OS	TARGET-40-0A4I9K-01A.Ave_Beta	idat_sample_sheet_TARGET-OS__450k_beta.txt	40	0A4I9K	01	OS	False	8.870289	14.796537
TARGET-40-PARJXU-01A	450K	TARGET-OS	TARGET-40-PARJXU-01A.Ave_Beta	idat_sample_sheet_TARGET-OS__450k_beta.txt	40	PARJXU	01	OS	False	8.05674	13.2560835
TARGET-40-PAMHYN-01A	450K	TARGET-OS	TARGET-40-PAMHYN-01A.Ave_Beta	idat_sample_sheet_TARGET-OS__450k_beta.txt	40	PAMHYN	01	OS	False	8.481506	13.888979
TARGET-40-0A4I5B-01A	450K	TARGET-OS	TARGET-40-0A4I5B-01A.Ave_Beta	idat_sample_sheet_TARGET-OS__450k_beta.txt	40	0A4I5B	01	OS	False	8.614047	13.512765
TARGET-50-PAJNNC-01A	450K	TARGET-WT	TARGET-50-PAJNNC-01A.Ave_Beta	idat_sample_sheet_TARGET-WT__450k_beta.txt	50	PAJNNC	01	WT	False	-2.7982845	10.0950165
TARGET-50-PAJMKJ-01A	450K	TARGET-WT	TARGET-50-PAJMKJ-01A.Ave_Beta	idat_sample_sheet_TARGET-WT__450k_beta.txt	50	PAJMKJ	01	WT	False	-3.1542768	10.065279
TARGET-50-PAJMVC-01A	450K	TARGET-WT	TARGET-50-PAJMVC-01A.Ave_Beta	idat_sample_sheet_TARGET-WT__450k_beta.txt	50	PAJMVC	01	WT	False	-4.269938	11.336226
TARGET-50-PAJMIZ-01A	450K	TARGET-WT	TARGET-50-PAJMIZ-01A.Ave_Beta	idat_sample_sheet_TARGET-WT__450k_beta.txt	50	PAJMIZ	01	WT	False	-2.6562393	11.465645
TARGET-50-PAJNUS-01A	450K	TARGET-WT	TARGET-50-PAJNUS-01A.Ave_Beta	idat_sample_sheet_TARGET-WT__450k_beta.txt	50	PAJNUS	01	WT	False	-4.685539	11.166626
TARGET-50-PAJMSE-01A	450K	TARGET-WT	TARGET-50-PAJMSE-01A.Ave_Beta	idat_sample_sheet_TARGET-WT__450k_beta.txt	50	PAJMSE	01	WT	False	-3.1849504	10.819994
TARGET-50-PAKNRX-01A	450K	TARGET-WT	TARGET-50-PAKNRX-01A.Ave_Beta	idat_sample_sheet_TARGET-WT__450k_beta.txt	50	PAKNRX	01	WT	False	-3.3390775	10.537558
TARGET-50-PAJLKC-01A	450K	TARGET-WT	TARGET-50-PAJLKC-01A.Ave_Beta	idat_sample_sheet_TARGET-WT__450k_beta.txt	50	PAJLKC	01	WT	False	-2.6254222	10.000565
TARGET-50-PAJNUP-01A	450K	TARGET-WT	TARGET-50-PAJNUP-01A.Ave_Beta	idat_sample_sheet_TARGET-WT__450k_beta.txt	50	PAJNUP	01	WT	False	-3.5379474	10.129691
TARGET-50-PAJMEL-01A	450K	TARGET-WT	TARGET-50-PAJMEL-01A.Ave_Beta	idat_sample_sheet_TARGET-WT__450k_beta.txt	50	PAJMEL	01	WT	False	-4.2785163	11.413091
TARGET-50-PAJNTJ-02A	450K	TARGET-WT	TARGET-50-PAJNTJ-02A.Ave_Beta	idat_sample_sheet_TARGET-WT__450k_beta.txt	50	PAJNTJ	02	WT	False	-3.4389646	10.358851
TARGET-50-PAJNBN-01A	450K	TARGET-WT	TARGET-50-PAJNBN-01A.Ave_Beta	idat_sample_sheet_TARGET-WT__450k_beta.txt	50	PAJNBN	01	WT	False	-2.7951314	11.5471735
TARGET-50-PAJMKI-01A	450K	TARGET-WT	TARGET-50-PAJMKI-01A.Ave_Beta	idat_sample_sheet_TARGET-WT__450k_beta.txt	50	PAJMKI	01	WT	False	-2.6808326	11.158917
TARGET-50-PAJPAU-01A	450K	TARGET-WT	TARGET-50-PAJPAU-01A.Ave_Beta	idat_sample_sheet_TARGET-WT__450k_beta.txt	50	PAJPAU	01	WT	False	-2.4254503	10.663318
TARGET-50-PAJLIP-01A	450K	TARGET-WT	TARGET-50-PAJLIP-01A.Ave_Beta	idat_sample_sheet_TARGET-WT__450k_beta.txt	50	PAJLIP	01	WT	False	-2.9481313	10.405442
TARGET-50-CAAAAJ-01A	450K	TARGET-WT	TARGET-50-CAAAAJ-01A.Ave_Beta	idat_sample_sheet_TARGET-WT__450k_beta.txt	50	CAAAAJ	01	WT	False	-4.5791297	11.358859
TARGET-50-PALEZT-01A	450K	TARGET-WT	TARGET-50-PALEZT-01A.Ave_Beta	idat_sample_sheet_TARGET-WT__450k_beta.txt	50	PALEZT	01	WT	False	-2.9355233	10.8607645
TARGET-50-PAJMEN-01A	450K	TARGET-WT	TARGET-50-PAJMEN-01A.Ave_Beta	idat_sample_sheet_TARGET-WT__450k_beta.txt	50	PAJMEN	01	WT	False	-2.871666	11.155554
TARGET-50-PAKZFK-01A	450K	TARGET-WT	TARGET-50-PAKZFK-01A.Ave_Beta	idat_sample_sheet_TARGET-WT__450k_beta.txt	50	PAKZFK	01	WT	False	-2.6131473	10.9815445
TARGET-50-PAKPDF-01A	450K	TARGET-WT	TARGET-50-PAKPDF-01A.Ave_Beta	idat_sample_sheet_TARGET-WT__450k_beta.txt	50	PAKPDF	01	WT	False	-2.9105027	10.9746
TARGET-50-CAAAAM-01A	450K	TARGET-WT	TARGET-50-CAAAAM-01A.Ave_Beta	idat_sample_sheet_TARGET-WT__450k_beta.txt	50	CAAAAM	01	WT	False	-3.8808541	10.164681
TARGET-50-PALERC-01A	450K	TARGET-WT	TARGET-50-PALERC-01A.Ave_Beta	idat_sample_sheet_TARGET-WT__450k_beta.txt	50	PALERC	01	WT	False	-3.701919	11.535002
TARGET-50-PAKGED-01A	450K	TARGET-WT	TARGET-50-PAKGED-01A.Ave_Beta	idat_sample_sheet_TARGET-WT__450k_beta.txt	50	PAKGED	01	WT	False	-2.7139287	10.288034
TARGET-50-PAJNJJ-01A	450K	TARGET-WT	TARGET-50-PAJNJJ-01A.Ave_Beta	idat_sample_sheet_TARGET-WT__450k_beta.txt	50	PAJNJJ	01	WT	False	-3.8248835	11.285512
TARGET-50-PAKECR-01A	450K	TARGET-WT	TARGET-50-PAKECR-01A.Ave_Beta	idat_sample_sheet_TARGET-WT__450k_beta.txt	50	PAKECR	01	WT	False	-3.8481224	10.119324
TARGET-50-PAJNZS-01A	450K	TARGET-WT	TARGET-50-PAJNZS-01A.Ave_Beta	idat_sample_sheet_TARGET-WT__450k_beta.txt	50	PAJNZS	01	WT	False	-3.1397502	10.424646
TARGET-50-PAJMRL-01A	450K	TARGET-WT	TARGET-50-PAJMRL-01A.Ave_Beta	idat_sample_sheet_TARGET-WT__450k_beta.txt	50	PAJMRL	01	WT	False	-2.7177923	10.036857
TARGET-50-PAJNNR-01A	450K	TARGET-WT	TARGET-50-PAJNNR-01A.Ave_Beta	idat_sample_sheet_TARGET-WT__450k_beta.txt	50	PAJNNR	01	WT	False	-2.4901116	11.006006
TARGET-50-PAJLTH-01A	450K	TARGET-WT	TARGET-50-PAJLTH-01A.Ave_Beta	idat_sample_sheet_TARGET-WT__450k_beta.txt	50	PAJLTH	01	WT	False	-2.547326	10.127104
TARGET-50-PALFRD-01A	450K	TARGET-WT	TARGET-50-PALFRD-01A.Ave_Beta	idat_sample_sheet_TARGET-WT__450k_beta.txt	50	PALFRD	01	WT	False	-2.9641476	11.302742
TARGET-50-PAJNEC-01A	450K	TARGET-WT	TARGET-50-PAJNEC-01A.Ave_Beta	idat_sample_sheet_TARGET-WT__450k_beta.txt	50	PAJNEC	01	WT	False	-2.6782718	10.423209
TARGET-50-PADXAY-01A	450K	TARGET-WT	TARGET-50-PADXAY-01A.Ave_Beta	idat_sample_sheet_TARGET-WT__450k_beta.txt	50	PADXAY	01	WT	False	-3.0049508	10.317502
TARGET-50-PAJPHA-01A	450K	TARGET-WT	TARGET-50-PAJPHA-01A.Ave_Beta	idat_sample_sheet_TARGET-WT__450k_beta.txt	50	PAJPHA	01	WT	False	-4.3390784	10.991567
TARGET-50-PAJNVX-01A	450K	TARGET-WT	TARGET-50-PAJNVX-01A.Ave_Beta	idat_sample_sheet_TARGET-WT__450k_beta.txt	50	PAJNVX	01	WT	False	-3.9888759	10.136159
TARGET-50-PAJMJT-01A	450K	TARGET-WT	TARGET-50-PAJMJT-01A.Ave_Beta	idat_sample_sheet_TARGET-WT__450k_beta.txt	50	PAJMJT	01	WT	False	-4.7408614	11.04854
TARGET-50-PAKSCC-01A	450K	TARGET-WT	TARGET-50-PAKSCC-01A.Ave_Beta	idat_sample_sheet_TARGET-WT__450k_beta.txt	50	PAKSCC	01	WT	False	-3.9553514	11.457492
TARGET-50-PALKRS-01A	450K	TARGET-WT	TARGET-50-PALKRS-01A.Ave_Beta	idat_sample_sheet_TARGET-WT__450k_beta.txt	50	PALKRS	01	WT	False	-4.2428703	10.792274
TARGET-50-PAJMJK-01A	450K	TARGET-WT	TARGET-50-PAJMJK-01A.Ave_Beta	idat_sample_sheet_TARGET-WT__450k_beta.txt	50	PAJMJK	01	WT	False	-4.0375257	11.126921
TARGET-50-PALGVY-01A	450K	TARGET-WT	TARGET-50-PALGVY-01A.Ave_Beta	idat_sample_sheet_TARGET-WT__450k_beta.txt	50	PALGVY	01	WT	False	-3.3813508	10.91367
TARGET-50-PAJNGH-01A	450K	TARGET-WT	TARGET-50-PAJNGH-01A.Ave_Beta	idat_sample_sheet_TARGET-WT__450k_beta.txt	50	PAJNGH	01	WT	False	-3.5620272	10.850857
TARGET-50-CAAAAQ-01A	450K	TARGET-WT	TARGET-50-CAAAAQ-01A.Ave_Beta	idat_sample_sheet_TARGET-WT__450k_beta.txt	50	CAAAAQ	01	WT	False	-2.5673442	11.139398
TARGET-50-PAKWPM-01A	450K	TARGET-WT	TARGET-50-PAKWPM-01A.Ave_Beta	idat_sample_sheet_TARGET-WT__450k_beta.txt	50	PAKWPM	01	WT	False	-4.0047655	10.664216
TARGET-50-PAJNVE-01A	450K	TARGET-WT	TARGET-50-PAJNVE-01A.Ave_Beta	idat_sample_sheet_TARGET-WT__450k_beta.txt	50	PAJNVE	01	WT	False	-3.6932342	10.797323
TARGET-50-CAAAAH-01A	450K	TARGET-WT	TARGET-50-CAAAAH-01A.Ave_Beta	idat_sample_sheet_TARGET-WT__450k_beta.txt	50	CAAAAH	01	WT	False	-2.5489478	11.007879
TARGET-50-PALKCW-01A	450K	TARGET-WT	TARGET-50-PALKCW-01A.Ave_Beta	idat_sample_sheet_TARGET-WT__450k_beta.txt	50	PALKCW	01	WT	False	-2.695893	11.204386
TARGET-50-PALLFB-01A	450K	TARGET-WT	TARGET-50-PALLFB-01A.Ave_Beta	idat_sample_sheet_TARGET-WT__450k_beta.txt	50	PALLFB	01	WT	False	-3.231615	10.621733
TARGET-50-PAKRZW-01A	450K	TARGET-WT	TARGET-50-PAKRZW-01A.Ave_Beta	idat_sample_sheet_TARGET-WT__450k_beta.txt	50	PAKRZW	01	WT	False	-4.3067865	11.113595
TARGET-50-PAKZHF-01A	450K	TARGET-WT	TARGET-50-PAKZHF-01A.Ave_Beta	idat_sample_sheet_TARGET-WT__450k_beta.txt	50	PAKZHF	01	WT	False	-2.5500913	11.091956
TARGET-50-PAJMFY-01A	450K	TARGET-WT	TARGET-50-PAJMFY-01A.Ave_Beta	idat_sample_sheet_TARGET-WT__450k_beta.txt	50	PAJMFY	01	WT	False	-2.8022418	11.438157
TARGET-50-PAJNYT-01A	450K	TARGET-WT	TARGET-50-PAJNYT-01A.Ave_Beta	idat_sample_sheet_TARGET-WT__450k_beta.txt	50	PAJNYT	01	WT	False	-4.181923	11.371528
TARGET-50-PAKYLT-01A	450K	TARGET-WT	TARGET-50-PAKYLT-01A.Ave_Beta	idat_sample_sheet_TARGET-WT__450k_beta.txt	50	PAKYLT	01	WT	False	-3.8355758	10.067306
TARGET-50-PAJNAA-01A	450K	TARGET-WT	TARGET-50-PAJNAA-01A.Ave_Beta	idat_sample_sheet_TARGET-WT__450k_beta.txt	50	PAJNAA	01	WT	False	-2.9609864	10.365111
TARGET-50-PAKKNS-01A	450K	TARGET-WT	TARGET-50-PAKKNS-01A.Ave_Beta	idat_sample_sheet_TARGET-WT__450k_beta.txt	50	PAKKNS	01	WT	False	-3.2163503	10.11162
TARGET-50-PAJPCM-01A	450K	TARGET-WT	TARGET-50-PAJPCM-01A.Ave_Beta	idat_sample_sheet_TARGET-WT__450k_beta.txt	50	PAJPCM	01	WT	False	-3.0379071	11.557892
TARGET-50-PAJLUJ-06A	450K	TARGET-WT	TARGET-50-PAJLUJ-06A.Ave_Beta	idat_sample_sheet_TARGET-WT__450k_beta.txt	50	PAJLUJ	06	WT	False	-4.6705036	11.166362
TARGET-50-PALJIP-01A	450K	TARGET-WT	TARGET-50-PALJIP-01A.Ave_Beta	idat_sample_sheet_TARGET-WT__450k_beta.txt	50	PALJIP	01	WT	False	-2.6702988	9.98053
TARGET-50-PAJNZU-01A	450K	TARGET-WT	TARGET-50-PAJNZU-01A.Ave_Beta	idat_sample_sheet_TARGET-WT__450k_beta.txt	50	PAJNZU	01	WT	False	-4.540173	11.394977
TARGET-50-CAAAAO-01A	450K	TARGET-WT	TARGET-50-CAAAAO-01A.Ave_Beta	idat_sample_sheet_TARGET-WT__450k_beta.txt	50	CAAAAO	01	WT	False	-2.899655	11.649937
TARGET-50-PALDTE-01A	450K	TARGET-WT	TARGET-50-PALDTE-01A.Ave_Beta	idat_sample_sheet_TARGET-WT__450k_beta.txt	50	PALDTE	01	WT	False	-2.8179893	11.609555
TARGET-50-PAJLKR-01A	450K	TARGET-WT	TARGET-50-PAJLKR-01A.Ave_Beta	idat_sample_sheet_TARGET-WT__450k_beta.txt	50	PAJLKR	01	WT	False	-2.5074768	11.161662
TARGET-50-PAJPDC-01A	450K	TARGET-WT	TARGET-50-PAJPDC-01A.Ave_Beta	idat_sample_sheet_TARGET-WT__450k_beta.txt	50	PAJPDC	01	WT	False	-2.4507902	10.746127
TARGET-50-CAAAAC-01A	450K	TARGET-WT	TARGET-50-CAAAAC-01A.Ave_Beta	idat_sample_sheet_TARGET-WT__450k_beta.txt	50	CAAAAC	01	WT	False	-2.5782902	10.092359
TARGET-50-PAJLSP-01A	450K	TARGET-WT	TARGET-50-PAJLSP-01A.Ave_Beta	idat_sample_sheet_TARGET-WT__450k_beta.txt	50	PAJLSP	01	WT	False	-2.5166795	11.149919
TARGET-50-PAKUIT-01A	450K	TARGET-WT	TARGET-50-PAKUIT-01A.Ave_Beta	idat_sample_sheet_TARGET-WT__450k_beta.txt	50	PAKUIT	01	WT	False	-3.6285207	10.572899
TARGET-50-PAKZER-01A	450K	TARGET-WT	TARGET-50-PAKZER-01A.Ave_Beta	idat_sample_sheet_TARGET-WT__450k_beta.txt	50	PAKZER	01	WT	False	-4.193148	10.626278
TARGET-50-CAAAAS-01A	450K	TARGET-WT	TARGET-50-CAAAAS-01A.Ave_Beta	idat_sample_sheet_TARGET-WT__450k_beta.txt	50	CAAAAS	01	WT	False	-2.5798879	10.095025
TARGET-50-CAAAAP-01A	450K	TARGET-WT	TARGET-50-CAAAAP-01A.Ave_Beta	idat_sample_sheet_TARGET-WT__450k_beta.txt	50	CAAAAP	01	WT	False	-2.4457874	10.995812
TARGET-50-PAKXXF-01A	450K	TARGET-WT	TARGET-50-PAKXXF-01A.Ave_Beta	idat_sample_sheet_TARGET-WT__450k_beta.txt	50	PAKXXF	01	WT	False	-4.1103888	11.637278
TARGET-50-PADZUB-01A	450K	TARGET-WT	TARGET-50-PADZUB-01A.Ave_Beta	idat_sample_sheet_TARGET-WT__450k_beta.txt	50	PADZUB	01	WT	False	-3.2853124	10.751127
TARGET-50-PAJNRL-01A	450K	TARGET-WT	TARGET-50-PAJNRL-01A.Ave_Beta	idat_sample_sheet_TARGET-WT__450k_beta.txt	50	PAJNRL	01	WT	False	-3.676439	10.857566
TARGET-50-PAKNXS-01A	450K	TARGET-WT	TARGET-50-PAKNXS-01A.Ave_Beta	idat_sample_sheet_TARGET-WT__450k_beta.txt	50	PAKNXS	01	WT	False	-2.5531912	10.717293
TARGET-50-PAJMLZ-01A	450K	TARGET-WT	TARGET-50-PAJMLZ-01A.Ave_Beta	idat_sample_sheet_TARGET-WT__450k_beta.txt	50	PAJMLZ	01	WT	False	-3.6617925	10.863638
TARGET-50-PALFME-02A	450K	TARGET-WT	TARGET-50-PALFME-02A.Ave_Beta	idat_sample_sheet_TARGET-WT__450k_beta.txt	50	PALFME	02	WT	False	-2.6398394	10.004705
TARGET-50-PAKRVH-01A	450K	TARGET-WT	TARGET-50-PAKRVH-01A.Ave_Beta	idat_sample_sheet_TARGET-WT__450k_beta.txt	50	PAKRVH	01	WT	False	-2.950846	11.26055
TARGET-50-PAJMVU-01A	450K	TARGET-WT	TARGET-50-PAJMVU-01A.Ave_Beta	idat_sample_sheet_TARGET-WT__450k_beta.txt	50	PAJMVU	01	WT	False	-2.9785764	10.322292
TARGET-50-PAJNCJ-01A	450K	TARGET-WT	TARGET-50-PAJNCJ-01A.Ave_Beta	idat_sample_sheet_TARGET-WT__450k_beta.txt	50	PAJNCJ	01	WT	False	-2.6267908	10.86826
TARGET-50-PALFME-01A	450K	TARGET-WT	TARGET-50-PALFME-01A.Ave_Beta	idat_sample_sheet_TARGET-WT__450k_beta.txt	50	PALFME	01	WT	False	-2.8093398	9.919018
TARGET-50-PAJMKN-01A	450K	TARGET-WT	TARGET-50-PAJMKN-01A.Ave_Beta	idat_sample_sheet_TARGET-WT__450k_beta.txt	50	PAJMKN	01	WT	False	-3.0626142	10.250949
TARGET-50-PAJLNJ-01A	450K	TARGET-WT	TARGET-50-PAJLNJ-01A.Ave_Beta	idat_sample_sheet_TARGET-WT__450k_beta.txt	50	PAJLNJ	01	WT	False	-4.5062165	11.452747
TARGET-50-PAJPGY-01A	450K	TARGET-WT	TARGET-50-PAJPGY-01A.Ave_Beta	idat_sample_sheet_TARGET-WT__450k_beta.txt	50	PAJPGY	01	WT	False	-4.083883	10.688761
TARGET-50-PAKMSV-01A	450K	TARGET-WT	TARGET-50-PAKMSV-01A.Ave_Beta	idat_sample_sheet_TARGET-WT__450k_beta.txt	50	PAKMSV	01	WT	False	-3.5876546	10.990018
TARGET-50-PAKYFC-01A	450K	TARGET-WT	TARGET-50-PAKYFC-01A.Ave_Beta	idat_sample_sheet_TARGET-WT__450k_beta.txt	50	PAKYFC	01	WT	False	-4.141134	11.130592
TARGET-50-CAAAAA-01A	450K	TARGET-WT	TARGET-50-CAAAAA-01A.Ave_Beta	idat_sample_sheet_TARGET-WT__450k_beta.txt	50	CAAAAA	01	WT	False	-3.3121147	10.145567
TARGET-50-CAAAAB-01A	450K	TARGET-WT	TARGET-50-CAAAAB-01A.Ave_Beta	idat_sample_sheet_TARGET-WT__450k_beta.txt	50	CAAAAB	01	WT	False	-3.8729467	10.830682
TARGET-50-PAKJGM-01A	450K	TARGET-WT	TARGET-50-PAKJGM-01A.Ave_Beta	idat_sample_sheet_TARGET-WT__450k_beta.txt	50	PAKJGM	01	WT	False	-2.5624452	11.324398
TARGET-50-PAJPDN-01A	450K	TARGET-WT	TARGET-50-PAJPDN-01A.Ave_Beta	idat_sample_sheet_TARGET-WT__450k_beta.txt	50	PAJPDN	01	WT	False	-4.2192893	11.641509
TARGET-50-CAAAAL-01A	450K	TARGET-WT	TARGET-50-CAAAAL-01A.Ave_Beta	idat_sample_sheet_TARGET-WT__450k_beta.txt	50	CAAAAL	01	WT	False	-2.8965046	11.675884
TARGET-50-PAKSDG-01A	450K	TARGET-WT	TARGET-50-PAKSDG-01A.Ave_Beta	idat_sample_sheet_TARGET-WT__450k_beta.txt	50	PAKSDG	01	WT	False	-3.4661653	11.176989
TARGET-50-PAEBXA-01A	450K	TARGET-WT	TARGET-50-PAEBXA-01A.Ave_Beta	idat_sample_sheet_TARGET-WT__450k_beta.txt	50	PAEBXA	01	WT	False	-3.1554945	10.632547
TARGET-50-PAKXWB-01A	450K	TARGET-WT	TARGET-50-PAKXWB-01A.Ave_Beta	idat_sample_sheet_TARGET-WT__450k_beta.txt	50	PAKXWB	01	WT	False	-3.6063335	11.127035
TARGET-50-PAJNZK-01A	450K	TARGET-WT	TARGET-50-PAJNZK-01A.Ave_Beta	idat_sample_sheet_TARGET-WT__450k_beta.txt	50	PAJNZK	01	WT	False	-3.1683562	11.367384
TARGET-50-PAJLWT-01A	450K	TARGET-WT	TARGET-50-PAJLWT-01A.Ave_Beta	idat_sample_sheet_TARGET-WT__450k_beta.txt	50	PAJLWT	01	WT	False	-4.3379936	11.379928
TARGET-50-PALDWP-01A	450K	TARGET-WT	TARGET-50-PALDWP-01A.Ave_Beta	idat_sample_sheet_TARGET-WT__450k_beta.txt	50	PALDWP	01	WT	False	-2.7350595	11.463907
TARGET-50-PAKVET-01A	450K	TARGET-WT	TARGET-50-PAKVET-01A.Ave_Beta	idat_sample_sheet_TARGET-WT__450k_beta.txt	50	PAKVET	01	WT	False	-3.067348	10.203958
TARGET-50-PAJMUF-01A	450K	TARGET-WT	TARGET-50-PAJMUF-01A.Ave_Beta	idat_sample_sheet_TARGET-WT__450k_beta.txt	50	PAJMUF	01	WT	False	-4.513466	11.224661
TARGET-50-PAKFME-01A	450K	TARGET-WT	TARGET-50-PAKFME-01A.Ave_Beta	idat_sample_sheet_TARGET-WT__450k_beta.txt	50	PAKFME	01	WT	False	-4.164615	11.270914
TARGET-50-PAJPDC-02A	450K	TARGET-WT	TARGET-50-PAJPDC-02A.Ave_Beta	idat_sample_sheet_TARGET-WT__450k_beta.txt	50	PAJPDC	02	WT	False	-2.5426755	10.712768
TARGET-50-PAKKSE-01A	450K	TARGET-WT	TARGET-50-PAKKSE-01A.Ave_Beta	idat_sample_sheet_TARGET-WT__450k_beta.txt	50	PAKKSE	01	WT	False	-4.434937	11.090712
TARGET-50-PAJNDU-01A	450K	TARGET-WT	TARGET-50-PAJNDU-01A.Ave_Beta	idat_sample_sheet_TARGET-WT__450k_beta.txt	50	PAJNDU	01	WT	False	-4.05987	11.448806
TARGET-50-PAECJB-01A	450K	TARGET-WT	TARGET-50-PAECJB-01A.Ave_Beta	idat_sample_sheet_TARGET-WT__450k_beta.txt	50	PAECJB	01	WT	False	-4.4020963	11.189388
TARGET-50-PAKULH-01A	450K	TARGET-WT	TARGET-50-PAKULH-01A.Ave_Beta	idat_sample_sheet_TARGET-WT__450k_beta.txt	50	PAKULH	01	WT	False	-2.9699376	10.20361
TARGET-50-PAJMMY-01A	450K	TARGET-WT	TARGET-50-PAJMMY-01A.Ave_Beta	idat_sample_sheet_TARGET-WT__450k_beta.txt	50	PAJMMY	01	WT	False	-4.11089	11.239562
TARGET-50-PAJNLT-01A	450K	TARGET-WT	TARGET-50-PAJNLT-01A.Ave_Beta	idat_sample_sheet_TARGET-WT__450k_beta.txt	50	PAJNLT	01	WT	False	-3.8807828	11.470083
TARGET-50-PAKGZX-01A	450K	TARGET-WT	TARGET-50-PAKGZX-01A.Ave_Beta	idat_sample_sheet_TARGET-WT__450k_beta.txt	50	PAKGZX	01	WT	False	-3.3480377	11.047792
TARGET-50-PAJPAR-01A	450K	TARGET-WT	TARGET-50-PAJPAR-01A.Ave_Beta	idat_sample_sheet_TARGET-WT__450k_beta.txt	50	PAJPAR	01	WT	False	-2.6832228	10.505895
TARGET-50-PAJMXF-01A	450K	TARGET-WT	TARGET-50-PAJMXF-01A.Ave_Beta	idat_sample_sheet_TARGET-WT__450k_beta.txt	50	PAJMXF	01	WT	False	-2.5932035	11.158247
TARGET-50-PALGAZ-01A	450K	TARGET-WT	TARGET-50-PALGAZ-01A.Ave_Beta	idat_sample_sheet_TARGET-WT__450k_beta.txt	50	PALGAZ	01	WT	False	-2.5215604	11.045425
TARGET-50-PAJMFU-01A	450K	TARGET-WT	TARGET-50-PAJMFU-01A.Ave_Beta	idat_sample_sheet_TARGET-WT__450k_beta.txt	50	PAJMFU	01	WT	False	-2.9434257	11.64132
TARGET-50-PAJNCZ-01A	450K	TARGET-WT	TARGET-50-PAJNCZ-01A.Ave_Beta	idat_sample_sheet_TARGET-WT__450k_beta.txt	50	PAJNCZ	01	WT	False	-3.9541588	11.339068
TARGET-50-PAJNRH-01A	450K	TARGET-WT	TARGET-50-PAJNRH-01A.Ave_Beta	idat_sample_sheet_TARGET-WT__450k_beta.txt	50	PAJNRH	01	WT	False	-3.0025074	11.705112
TARGET-50-PAEAFB-01A	450K	TARGET-WT	TARGET-50-PAEAFB-01A.Ave_Beta	idat_sample_sheet_TARGET-WT__450k_beta.txt	50	PAEAFB	01	WT	False	-3.8330407	10.876052
TARGET-50-PAKFYV-01A	450K	TARGET-WT	TARGET-50-PAKFYV-01A.Ave_Beta	idat_sample_sheet_TARGET-WT__450k_beta.txt	50	PAKFYV	01	WT	False	-3.3380027	11.70576
TARGET-50-PALLCK-01A	450K	TARGET-WT	TARGET-50-PALLCK-01A.Ave_Beta	idat_sample_sheet_TARGET-WT__450k_beta.txt	50	PALLCK	01	WT	False	-2.4597728	10.758892
TARGET-50-PAJLTI-01A	450K	TARGET-WT	TARGET-50-PAJLTI-01A.Ave_Beta	idat_sample_sheet_TARGET-WT__450k_beta.txt	50	PAJLTI	01	WT	False	-4.0224037	10.695638
TARGET-50-PAKNTW-01A	450K	TARGET-WT	TARGET-50-PAKNTW-01A.Ave_Beta	idat_sample_sheet_TARGET-WT__450k_beta.txt	50	PAKNTW	01	WT	False	-4.0935655	11.643138
TARGET-50-PAJNSL-01A	450K	TARGET-WT	TARGET-50-PAJNSL-01A.Ave_Beta	idat_sample_sheet_TARGET-WT__450k_beta.txt	50	PAJNSL	01	WT	False	-3.5065358	11.493619
TARGET-50-CAAAAR-01A	450K	TARGET-WT	TARGET-50-CAAAAR-01A.Ave_Beta	idat_sample_sheet_TARGET-WT__450k_beta.txt	50	CAAAAR	01	WT	False	-4.666714	11.30452
TARGET-50-PALGLU-01A	450K	TARGET-WT	TARGET-50-PALGLU-01A.Ave_Beta	idat_sample_sheet_TARGET-WT__450k_beta.txt	50	PALGLU	01	WT	False	-4.1315556	10.588459
TARGET-50-PAJLLF-01A	450K	TARGET-WT	TARGET-50-PAJLLF-01A.Ave_Beta	idat_sample_sheet_TARGET-WT__450k_beta.txt	50	PAJLLF	01	WT	False	-3.8931503	10.6635065
TARGET-50-PAJPEW-01A	450K	TARGET-WT	TARGET-50-PAJPEW-01A.Ave_Beta	idat_sample_sheet_TARGET-WT__450k_beta.txt	50	PAJPEW	01	WT	False	-4.1523185	10.881314
TARGET-50-PAJNTJ-01A	450K	TARGET-WT	TARGET-50-PAJNTJ-01A.Ave_Beta	idat_sample_sheet_TARGET-WT__450k_beta.txt	50	PAJNTJ	01	WT	False	-3.6015058	10.404717
TARGET-50-PALJIP-02A	450K	TARGET-WT	TARGET-50-PALJIP-02A.Ave_Beta	idat_sample_sheet_TARGET-WT__450k_beta.txt	50	PALJIP	02	WT	False	-2.6314073	9.959158
TARGET-50-PAJNGH-02A	450K	TARGET-WT	TARGET-50-PAJNGH-02A.Ave_Beta	idat_sample_sheet_TARGET-WT__450k_beta.txt	50	PAJNGH	02	WT	False	-3.4694557	10.797332
TARGET-50-PAJNAV-01A	450K	TARGET-WT	TARGET-50-PAJNAV-01A.Ave_Beta	idat_sample_sheet_TARGET-WT__450k_beta.txt	50	PAJNAV	01	WT	False	-3.239703	10.108992
TARGET-50-PAJNZI-01A	450K	TARGET-WT	TARGET-50-PAJNZI-01A.Ave_Beta	idat_sample_sheet_TARGET-WT__450k_beta.txt	50	PAJNZI	01	WT	False	-3.1539826	10.599262
TARGET-50-PAKNAL-01A	450K	TARGET-WT	TARGET-50-PAKNAL-01A.Ave_Beta	idat_sample_sheet_TARGET-WT__450k_beta.txt	50	PAKNAL	01	WT	False	-4.7835555	11.162289
TARGET-50-PAJLPX-01A	450K	TARGET-WT	TARGET-50-PAJLPX-01A.Ave_Beta	idat_sample_sheet_TARGET-WT__450k_beta.txt	50	PAJLPX	01	WT	False	-3.953604	10.553291
TARGET-50-PAJMEP-01A	450K	TARGET-WT	TARGET-50-PAJMEP-01A.Ave_Beta	idat_sample_sheet_TARGET-WT__450k_beta.txt	50	PAJMEP	01	WT	False	-3.6489866	11.161415
TARGET-50-PAKMUB-01A	450K	TARGET-WT	TARGET-50-PAKMUB-01A.Ave_Beta	idat_sample_sheet_TARGET-WT__450k_beta.txt	50	PAKMUB	01	WT	False	-4.2519875	10.643692
TARGET-50-PAJMLI-01A	450K	TARGET-WT	TARGET-50-PAJMLI-01A.Ave_Beta	idat_sample_sheet_TARGET-WT__450k_beta.txt	50	PAJMLI	01	WT	False	-4.1769185	10.849032
TARGET-50-PAJNCC-01A	450K	TARGET-WT	TARGET-50-PAJNCC-01A.Ave_Beta	idat_sample_sheet_TARGET-WT__450k_beta.txt	50	PAJNCC	01	WT	False	-2.5949068	10.661311
