sample_id	input_file	UMAP1	UMAP2
SJACT001_D	WU-Harmonization-PCGP-UNSTRANDED_RSEM_gene_count.2022-04-17_13-05-36.txt	13.599907	13.142331
SJACT002_D	WU-Harmonization-PCGP-UNSTRANDED_RSEM_gene_count.2022-04-17_13-05-36.txt	13.555136	13.118378
SJACT003_D	WU-Harmonization-PCGP-UNSTRANDED_RSEM_gene_count.2022-04-17_13-05-36.txt	13.633897	13.194053
SJACT004_D	WU-Harmonization-PCGP-UNSTRANDED_RSEM_gene_count.2022-04-17_13-05-36.txt	13.587451	13.149341
SJACT005_D	WU-Harmonization-PCGP-UNSTRANDED_RSEM_gene_count.2022-04-17_13-05-36.txt	13.582413	13.135275
SJACT006_D	WU-Harmonization-PCGP-UNSTRANDED_RSEM_gene_count.2022-04-17_13-05-36.txt	13.794563	13.323634
SJACT007_D	WU-Harmonization-PCGP-UNSTRANDED_RSEM_gene_count.2022-04-17_13-05-36.txt	13.551895	13.111142
SJACT008_D	WU-Harmonization-PCGP-UNSTRANDED_RSEM_gene_count.2022-04-17_13-05-36.txt	13.829826	13.330501
SJACT060_D	WU-Harmonization-PCGP-UNSTRANDED_RSEM_gene_count.2022-04-17_13-05-36.txt	13.57338	13.159778
SJACT061_D	WU-Harmonization-PCGP-UNSTRANDED_RSEM_gene_count.2022-04-17_13-05-36.txt	13.736027	13.256009
SJACT062_D	WU-Harmonization-PCGP-UNSTRANDED_RSEM_gene_count.2022-04-17_13-05-36.txt	13.607756	13.170015
SJACT063_D	WU-Harmonization-PCGP-UNSTRANDED_RSEM_gene_count.2022-04-17_13-05-36.txt	13.543963	13.112391
SJACT064_D	WU-Harmonization-PCGP-UNSTRANDED_RSEM_gene_count.2022-04-17_13-05-36.txt	13.656932	13.205114
SJACT065_D	WU-Harmonization-PCGP-UNSTRANDED_RSEM_gene_count.2022-04-17_13-05-36.txt	13.773084	13.304953
SJACT066_D	WU-Harmonization-PCGP-UNSTRANDED_RSEM_gene_count.2022-04-17_13-05-36.txt	13.5815525	13.14366
SJACT067_D	WU-Harmonization-PCGP-UNSTRANDED_RSEM_gene_count.2022-04-17_13-05-36.txt	13.491336	13.051709
SJACT068_D	WU-Harmonization-PCGP-UNSTRANDED_RSEM_gene_count.2022-04-17_13-05-36.txt	13.441166	13.004061
SJACT069_D	WU-Harmonization-PCGP-UNSTRANDED_RSEM_gene_count.2022-04-17_13-05-36.txt	13.444615	13.006194
SJACT070_D	WU-Harmonization-PCGP-UNSTRANDED_RSEM_gene_count.2022-04-17_13-05-36.txt	13.4714365	13.036678
SJACT071_D	WU-Harmonization-PCGP-UNSTRANDED_RSEM_gene_count.2022-04-17_13-05-36.txt	13.613194	13.1734495
SJAMLM7001_D	WU-Harmonization-PCGP-UNSTRANDED_RSEM_gene_count.2022-04-17_13-05-36.txt	3.0952046	10.184164
SJAMLM7003_D	WU-Harmonization-PCGP-UNSTRANDED_RSEM_gene_count.2022-04-17_13-05-36.txt	1.7434084	9.396671
SJAMLM7004_D	WU-Harmonization-PCGP-UNSTRANDED_RSEM_gene_count.2022-04-17_13-05-36.txt	2.1666346	9.192697
SJAMLM7005_D	WU-Harmonization-PCGP-UNSTRANDED_RSEM_gene_count.2022-04-17_13-05-36.txt	2.5812187	9.797273
SJAMLM7006_D	WU-Harmonization-PCGP-UNSTRANDED_RSEM_gene_count.2022-04-17_13-05-36.txt	2.3947897	9.709926
SJAMLM7007_D	WU-Harmonization-PCGP-UNSTRANDED_RSEM_gene_count.2022-04-17_13-05-36.txt	2.5658634	9.790605
SJAMLM7008_D	WU-Harmonization-PCGP-UNSTRANDED_RSEM_gene_count.2022-04-17_13-05-36.txt	3.1329296	10.140133
SJAMLM7009_D	WU-Harmonization-PCGP-UNSTRANDED_RSEM_gene_count.2022-04-17_13-05-36.txt	2.2154682	9.228999
SJAMLM7010472_R1	WU-Harmonization-PCGP-UNSTRANDED_RSEM_gene_count.2022-04-17_13-05-36.txt	1.7407849	9.262233
SJAMLM7010475_D1	WU-Harmonization-PCGP-UNSTRANDED_RSEM_gene_count.2022-04-17_13-05-36.txt	2.1153796	9.166705
SJAMLM7010478_D1	WU-Harmonization-PCGP-UNSTRANDED_RSEM_gene_count.2022-04-17_13-05-36.txt	2.6689897	9.616826
SJAMLM7010479_D1	WU-Harmonization-PCGP-UNSTRANDED_RSEM_gene_count.2022-04-17_13-05-36.txt	3.0898242	9.742654
SJAMLM7010482_D1	WU-Harmonization-PCGP-UNSTRANDED_RSEM_gene_count.2022-04-17_13-05-36.txt	2.9705899	9.969799
SJAMLM7010483_G2	WU-Harmonization-PCGP-UNSTRANDED_RSEM_gene_count.2022-04-17_13-05-36.txt	0.53385717	9.80518
SJAMLM7010483_G3	WU-Harmonization-PCGP-UNSTRANDED_RSEM_gene_count.2022-04-17_13-05-36.txt	0.5945773	9.723102
SJAMLM7010483_G4	WU-Harmonization-PCGP-UNSTRANDED_RSEM_gene_count.2022-04-17_13-05-36.txt	0.53697616	9.759594
SJAMLM7010483_G5	WU-Harmonization-PCGP-UNSTRANDED_RSEM_gene_count.2022-04-17_13-05-36.txt	0.5929976	9.769595
SJAMLM7010483_R1	WU-Harmonization-PCGP-UNSTRANDED_RSEM_gene_count.2022-04-17_13-05-36.txt	1.7819899	9.00014
SJAMLM7010947_D1	WU-Harmonization-PCGP-UNSTRANDED_RSEM_gene_count.2022-04-17_13-05-36.txt	2.928885	10.376423
SJAMLM7010948_R1	WU-Harmonization-PCGP-UNSTRANDED_RSEM_gene_count.2022-04-17_13-05-36.txt	2.5610764	9.422861
SJAMLM7010949_D1	WU-Harmonization-PCGP-UNSTRANDED_RSEM_gene_count.2022-04-17_13-05-36.txt	1.6893554	8.917547
SJAMLM7010949_R1	WU-Harmonization-PCGP-UNSTRANDED_RSEM_gene_count.2022-04-17_13-05-36.txt	1.6751148	8.852514
SJAMLM7010949_R2	WU-Harmonization-PCGP-UNSTRANDED_RSEM_gene_count.2022-04-17_13-05-36.txt	1.6345121	9.028314
SJAMLM7010950_D1	WU-Harmonization-PCGP-UNSTRANDED_RSEM_gene_count.2022-04-17_13-05-36.txt	1.836438	11.503937
SJAMLM7010951_D1	WU-Harmonization-PCGP-UNSTRANDED_RSEM_gene_count.2022-04-17_13-05-36.txt	3.1871796	9.96314
SJAMLM7010952_D1	WU-Harmonization-PCGP-UNSTRANDED_RSEM_gene_count.2022-04-17_13-05-36.txt	1.6167183	9.210507
SJAMLM7010953_D1	WU-Harmonization-PCGP-UNSTRANDED_RSEM_gene_count.2022-04-17_13-05-36.txt	3.21827	9.9990635
SJAMLM7010954_D1	WU-Harmonization-PCGP-UNSTRANDED_RSEM_gene_count.2022-04-17_13-05-36.txt	1.6245408	8.710177
SJAMLM7010955_D1	WU-Harmonization-PCGP-UNSTRANDED_RSEM_gene_count.2022-04-17_13-05-36.txt	1.7939887	8.810676
SJAMLM7010955_R1	WU-Harmonization-PCGP-UNSTRANDED_RSEM_gene_count.2022-04-17_13-05-36.txt	1.7932756	8.830465
SJAMLM7010956_D1	WU-Harmonization-PCGP-UNSTRANDED_RSEM_gene_count.2022-04-17_13-05-36.txt	1.606997	10.013967
SJAMLM7010957_D1	WU-Harmonization-PCGP-UNSTRANDED_RSEM_gene_count.2022-04-17_13-05-36.txt	1.6839241	9.531635
SJAMLM7010958_D1	WU-Harmonization-PCGP-UNSTRANDED_RSEM_gene_count.2022-04-17_13-05-36.txt	2.8982098	9.69605
SJAMLM7010959_D1	WU-Harmonization-PCGP-UNSTRANDED_RSEM_gene_count.2022-04-17_13-05-36.txt	3.018366	9.901583
SJAMLM7010960_D1	WU-Harmonization-PCGP-UNSTRANDED_RSEM_gene_count.2022-04-17_13-05-36.txt	1.6863804	8.749738
SJAMLM7010961_D1	WU-Harmonization-PCGP-UNSTRANDED_RSEM_gene_count.2022-04-17_13-05-36.txt	1.9668857	9.216355
SJAMLM7010962_D1	WU-Harmonization-PCGP-UNSTRANDED_RSEM_gene_count.2022-04-17_13-05-36.txt	1.6655084	8.793708
SJAMLM7010963_D1	WU-Harmonization-PCGP-UNSTRANDED_RSEM_gene_count.2022-04-17_13-05-36.txt	3.0888186	9.636145
SJAMLM7010964_D1	WU-Harmonization-PCGP-UNSTRANDED_RSEM_gene_count.2022-04-17_13-05-36.txt	1.6581128	9.671747
SJAMLM7010_D	WU-Harmonization-PCGP-UNSTRANDED_RSEM_gene_count.2022-04-17_13-05-36.txt	2.5263982	9.419775
SJAMLM7011108_D1	WU-Harmonization-PCGP-UNSTRANDED_RSEM_gene_count.2022-04-17_13-05-36.txt	1.4995815	9.235416
SJAMLM7011108_D2	WU-Harmonization-PCGP-UNSTRANDED_RSEM_gene_count.2022-04-17_13-05-36.txt	1.514612	9.207825
SJAMLM7011109_D1	WU-Harmonization-PCGP-UNSTRANDED_RSEM_gene_count.2022-04-17_13-05-36.txt	1.9216759	8.969062
SJAMLM7011109_D2	WU-Harmonization-PCGP-UNSTRANDED_RSEM_gene_count.2022-04-17_13-05-36.txt	1.9883312	8.995955
SJAMLM7011233_D1	WU-Harmonization-PCGP-UNSTRANDED_RSEM_gene_count.2022-04-17_13-05-36.txt	3.19853	9.998595
SJAMLM7011234_D1	WU-Harmonization-PCGP-UNSTRANDED_RSEM_gene_count.2022-04-17_13-05-36.txt	1.5566331	9.982342
SJAMLM7011235_D1	WU-Harmonization-PCGP-UNSTRANDED_RSEM_gene_count.2022-04-17_13-05-36.txt	2.9073212	9.788312
SJAMLM7011236_D1	WU-Harmonization-PCGP-UNSTRANDED_RSEM_gene_count.2022-04-17_13-05-36.txt	3.068421	9.535395
SJAMLM7011237_D1	WU-Harmonization-PCGP-UNSTRANDED_RSEM_gene_count.2022-04-17_13-05-36.txt	1.7628217	8.797028
SJAMLM7011238_D1	WU-Harmonization-PCGP-UNSTRANDED_RSEM_gene_count.2022-04-17_13-05-36.txt	1.8784584	8.875881
SJAMLM7011239_D1	WU-Harmonization-PCGP-UNSTRANDED_RSEM_gene_count.2022-04-17_13-05-36.txt	1.6002856	9.9971075
SJAMLM7011240_D1	WU-Harmonization-PCGP-UNSTRANDED_RSEM_gene_count.2022-04-17_13-05-36.txt	2.9926312	9.543838
SJAMLM7011241_D1	WU-Harmonization-PCGP-UNSTRANDED_RSEM_gene_count.2022-04-17_13-05-36.txt	1.5583152	10.212409
SJAMLM7011242_D1	WU-Harmonization-PCGP-UNSTRANDED_RSEM_gene_count.2022-04-17_13-05-36.txt	1.803268	8.814753
SJAMLM7011243_D1	WU-Harmonization-PCGP-UNSTRANDED_RSEM_gene_count.2022-04-17_13-05-36.txt	3.1327667	10.062095
SJAMLM7011244_D1	WU-Harmonization-PCGP-UNSTRANDED_RSEM_gene_count.2022-04-17_13-05-36.txt	2.996267	9.448589
SJAMLM7011245_R1	WU-Harmonization-PCGP-UNSTRANDED_RSEM_gene_count.2022-04-17_13-05-36.txt	1.2754549	11.562469
SJAMLM7011246_D1	WU-Harmonization-PCGP-UNSTRANDED_RSEM_gene_count.2022-04-17_13-05-36.txt	1.6773963	8.90814
SJAMLM7011247_D1	WU-Harmonization-PCGP-UNSTRANDED_RSEM_gene_count.2022-04-17_13-05-36.txt	2.1377954	9.146869
SJAMLM7011248_D1	WU-Harmonization-PCGP-UNSTRANDED_RSEM_gene_count.2022-04-17_13-05-36.txt	3.064129	9.423392
SJAMLM7011249_D1	WU-Harmonization-PCGP-UNSTRANDED_RSEM_gene_count.2022-04-17_13-05-36.txt	1.6480088	9.520293
SJAMLM7011321_D1	WU-Harmonization-PCGP-UNSTRANDED_RSEM_gene_count.2022-04-17_13-05-36.txt	2.3480692	10.851129
SJAMLM7011322_D1	WU-Harmonization-PCGP-UNSTRANDED_RSEM_gene_count.2022-04-17_13-05-36.txt	3.116945	9.918735
SJAMLM7011323_D1	WU-Harmonization-PCGP-UNSTRANDED_RSEM_gene_count.2022-04-17_13-05-36.txt	2.9910986	10.366247
SJAMLM7011324_D1	WU-Harmonization-PCGP-UNSTRANDED_RSEM_gene_count.2022-04-17_13-05-36.txt	1.6512023	10.1891775
SJAMLM7011325_D1	WU-Harmonization-PCGP-UNSTRANDED_RSEM_gene_count.2022-04-17_13-05-36.txt	3.1019092	10.20742
SJAMLM7011326_D1	WU-Harmonization-PCGP-UNSTRANDED_RSEM_gene_count.2022-04-17_13-05-36.txt	1.8559834	9.144281
SJAMLM7011327_D1	WU-Harmonization-PCGP-UNSTRANDED_RSEM_gene_count.2022-04-17_13-05-36.txt	1.6655357	9.266806
SJAMLM7011328_D1	WU-Harmonization-PCGP-UNSTRANDED_RSEM_gene_count.2022-04-17_13-05-36.txt	3.16154	10.141036
SJAMLM7011_D	WU-Harmonization-PCGP-UNSTRANDED_RSEM_gene_count.2022-04-17_13-05-36.txt	3.0087206	9.795237
SJAMLM7012_D	WU-Harmonization-PCGP-UNSTRANDED_RSEM_gene_count.2022-04-17_13-05-36.txt	2.663002	9.694594
SJAMLM7013_D	WU-Harmonization-PCGP-UNSTRANDED_RSEM_gene_count.2022-04-17_13-05-36.txt	2.555428	9.419154
SJAMLM7014_D	WU-Harmonization-PCGP-UNSTRANDED_RSEM_gene_count.2022-04-17_13-05-36.txt	2.622092	9.47093
SJAMLM7015533_D1	WU-Harmonization-PCGP-UNSTRANDED_RSEM_gene_count.2022-04-17_13-05-36.txt	1.6686265	10.146967
SJAMLM7015533_G1	WU-Harmonization-PCGP-UNSTRANDED_RSEM_gene_count.2022-04-17_13-05-36.txt	2.3317485	10.064021
SJAMLM7015534_D1	WU-Harmonization-PCGP-UNSTRANDED_RSEM_gene_count.2022-04-17_13-05-36.txt	2.0384808	9.453054
SJAMLM7015534_G1	WU-Harmonization-PCGP-UNSTRANDED_RSEM_gene_count.2022-04-17_13-05-36.txt	2.3110747	10.282297
SJAMLM7015535_D1	WU-Harmonization-PCGP-UNSTRANDED_RSEM_gene_count.2022-04-17_13-05-36.txt	3.0297995	9.860162
SJAMLM7015536_D1	WU-Harmonization-PCGP-UNSTRANDED_RSEM_gene_count.2022-04-17_13-05-36.txt	2.3590155	9.8474655
SJAMLM7015537_D1	WU-Harmonization-PCGP-UNSTRANDED_RSEM_gene_count.2022-04-17_13-05-36.txt	3.0467224	9.93157
SJAMLM7015537_G1	WU-Harmonization-PCGP-UNSTRANDED_RSEM_gene_count.2022-04-17_13-05-36.txt	2.4656117	10.499479
SJAMLM7015538_D1	WU-Harmonization-PCGP-UNSTRANDED_RSEM_gene_count.2022-04-17_13-05-36.txt	2.8981726	10.361044
SJAMLM7015538_G1	WU-Harmonization-PCGP-UNSTRANDED_RSEM_gene_count.2022-04-17_13-05-36.txt	2.506288	10.598898
SJAMLM7015539_D1	WU-Harmonization-PCGP-UNSTRANDED_RSEM_gene_count.2022-04-17_13-05-36.txt	2.9072087	10.358794
SJAMLM7015539_G1	WU-Harmonization-PCGP-UNSTRANDED_RSEM_gene_count.2022-04-17_13-05-36.txt	2.068359	10.228476
SJAMLM7015540_D1	WU-Harmonization-PCGP-UNSTRANDED_RSEM_gene_count.2022-04-17_13-05-36.txt	2.7733161	10.447226
SJAMLM7015540_G1	WU-Harmonization-PCGP-UNSTRANDED_RSEM_gene_count.2022-04-17_13-05-36.txt	2.3989713	10.564329
SJAMLM7015541_D1	WU-Harmonization-PCGP-UNSTRANDED_RSEM_gene_count.2022-04-17_13-05-36.txt	2.8236325	9.727569
SJAMLM7015541_G1	WU-Harmonization-PCGP-UNSTRANDED_RSEM_gene_count.2022-04-17_13-05-36.txt	1.5977002	10.072418
SJAMLM7015542_G1	WU-Harmonization-PCGP-UNSTRANDED_RSEM_gene_count.2022-04-17_13-05-36.txt	2.4061322	10.245824
SJAMLM7015543_D1	WU-Harmonization-PCGP-UNSTRANDED_RSEM_gene_count.2022-04-17_13-05-36.txt	2.412189	10.179002
SJAMLM7015549_D1	WU-Harmonization-PCGP-UNSTRANDED_RSEM_gene_count.2022-04-17_13-05-36.txt	2.8518085	10.430496
SJAMLM7015549_R1	WU-Harmonization-PCGP-UNSTRANDED_RSEM_gene_count.2022-04-17_13-05-36.txt	2.841063	10.16192
SJAMLM7015830_R1	WU-Harmonization-PCGP-UNSTRANDED_RSEM_gene_count.2022-04-17_13-05-36.txt	0.8557103	10.730458
SJAMLM7015_D	WU-Harmonization-PCGP-UNSTRANDED_RSEM_gene_count.2022-04-17_13-05-36.txt	1.643349	9.07771
SJAMLM7026_D	WU-Harmonization-PCGP-UNSTRANDED_RSEM_gene_count.2022-04-17_13-05-36.txt	0.41958597	9.15594
SJAMLM7027_D	WU-Harmonization-PCGP-UNSTRANDED_RSEM_gene_count.2022-04-17_13-05-36.txt	2.9182243	9.468398
SJAMLM7028_D	WU-Harmonization-PCGP-UNSTRANDED_RSEM_gene_count.2022-04-17_13-05-36.txt	1.5713558	9.021573
SJAMLM7029_D	WU-Harmonization-PCGP-UNSTRANDED_RSEM_gene_count.2022-04-17_13-05-36.txt	1.5586052	9.116752
SJAMLM7030_D	WU-Harmonization-PCGP-UNSTRANDED_RSEM_gene_count.2022-04-17_13-05-36.txt	2.711887	9.70748
SJAMLM7031_D	WU-Harmonization-PCGP-UNSTRANDED_RSEM_gene_count.2022-04-17_13-05-36.txt	2.1269536	9.580481
SJAMLM7032_D	WU-Harmonization-PCGP-UNSTRANDED_RSEM_gene_count.2022-04-17_13-05-36.txt	2.1790242	9.276968
SJAMLM7033_D	WU-Harmonization-PCGP-UNSTRANDED_RSEM_gene_count.2022-04-17_13-05-36.txt	3.2529328	10.000288
SJAMLM7041_D	WU-Harmonization-PCGP-UNSTRANDED_RSEM_gene_count.2022-04-17_13-05-36.txt	1.7064404	10.479671
SJAMLM7042_D	WU-Harmonization-PCGP-UNSTRANDED_RSEM_gene_count.2022-04-17_13-05-36.txt	1.6244607	10.387509
SJAMLM7043_D	WU-Harmonization-PCGP-UNSTRANDED_RSEM_gene_count.2022-04-17_13-05-36.txt	1.2952627	10.480369
SJAMLM7044_D	WU-Harmonization-PCGP-UNSTRANDED_RSEM_gene_count.2022-04-17_13-05-36.txt	2.1746633	11.235819
SJAMLM7045_D	WU-Harmonization-PCGP-UNSTRANDED_RSEM_gene_count.2022-04-17_13-05-36.txt	1.621841	10.461677
SJAMLM7046_D	WU-Harmonization-PCGP-UNSTRANDED_RSEM_gene_count.2022-04-17_13-05-36.txt	1.4785239	8.730493
SJAMLM7047_D	WU-Harmonization-PCGP-UNSTRANDED_RSEM_gene_count.2022-04-17_13-05-36.txt	1.6217959	10.44807
SJAMLM7048_D	WU-Harmonization-PCGP-UNSTRANDED_RSEM_gene_count.2022-04-17_13-05-36.txt	1.659053	10.497692
SJAMLM7049_D	WU-Harmonization-PCGP-UNSTRANDED_RSEM_gene_count.2022-04-17_13-05-36.txt	1.5243393	10.401871
SJAMLM7050_D	WU-Harmonization-PCGP-UNSTRANDED_RSEM_gene_count.2022-04-17_13-05-36.txt	1.649071	10.618305
SJAMLM7051_D	WU-Harmonization-PCGP-UNSTRANDED_RSEM_gene_count.2022-04-17_13-05-36.txt	1.5848627	10.468426
SJAMLM7052_D	WU-Harmonization-PCGP-UNSTRANDED_RSEM_gene_count.2022-04-17_13-05-36.txt	1.480246	10.592421
SJAMLM7053_D	WU-Harmonization-PCGP-UNSTRANDED_RSEM_gene_count.2022-04-17_13-05-36.txt	1.7680985	11.403393
SJAMLM7054_D	WU-Harmonization-PCGP-UNSTRANDED_RSEM_gene_count.2022-04-17_13-05-36.txt	1.9378892	10.694533
SJAMLM7055_D	WU-Harmonization-PCGP-UNSTRANDED_RSEM_gene_count.2022-04-17_13-05-36.txt	1.2680105	10.564223
SJAMLM7056_D	WU-Harmonization-PCGP-UNSTRANDED_RSEM_gene_count.2022-04-17_13-05-36.txt	1.678978	10.279019
SJAMLM7057_D	WU-Harmonization-PCGP-UNSTRANDED_RSEM_gene_count.2022-04-17_13-05-36.txt	2.320142	10.226852
SJAMLM7058_D	WU-Harmonization-PCGP-UNSTRANDED_RSEM_gene_count.2022-04-17_13-05-36.txt	1.6063929	9.067191
SJAMLM7059_D	WU-Harmonization-PCGP-UNSTRANDED_RSEM_gene_count.2022-04-17_13-05-36.txt	1.1686304	10.492294
SJAMLM7060_D	WU-Harmonization-PCGP-UNSTRANDED_RSEM_gene_count.2022-04-17_13-05-36.txt	2.9559386	9.521262
SJBALL000013_D1	WU-Harmonization-PCGP-UNSTRANDED_RSEM_gene_count.2022-04-17_13-05-36.txt	-0.082608365	1.2967812
SJBALL010_D	WU-Harmonization-PCGP-UNSTRANDED_RSEM_gene_count.2022-04-17_13-05-36.txt	0.6270018	2.1558697
SJBALL015_D	WU-Harmonization-PCGP-UNSTRANDED_RSEM_gene_count.2022-04-17_13-05-36.txt	-0.5841197	2.4374456
SJBALL020013_D1	WU-Harmonization-PCGP-UNSTRANDED_RSEM_gene_count.2022-04-17_13-05-36.txt	-4.8562965	1.830517
SJBALL020069_D1	WU-Harmonization-PCGP-UNSTRANDED_RSEM_gene_count.2022-04-17_13-05-36.txt	-0.49482858	2.4247403
SJBALL020073_D1	WU-Harmonization-PCGP-UNSTRANDED_RSEM_gene_count.2022-04-17_13-05-36.txt	-5.29219	1.6802768
SJBALL020077_D1	WU-Harmonization-PCGP-UNSTRANDED_RSEM_gene_count.2022-04-17_13-05-36.txt	-0.5716022	2.2739673
SJBALL020081_D1	WU-Harmonization-PCGP-UNSTRANDED_RSEM_gene_count.2022-04-17_13-05-36.txt	-4.607076	1.7451369
SJBALL020084_D1	WU-Harmonization-PCGP-UNSTRANDED_RSEM_gene_count.2022-04-17_13-05-36.txt	-5.199904	1.604781
SJBALL020091_D1	WU-Harmonization-PCGP-UNSTRANDED_RSEM_gene_count.2022-04-17_13-05-36.txt	0.7372916	2.3092778
SJBALL020098_D1	WU-Harmonization-PCGP-UNSTRANDED_RSEM_gene_count.2022-04-17_13-05-36.txt	-4.547638	2.2646878
SJBALL020100_D1	WU-Harmonization-PCGP-UNSTRANDED_RSEM_gene_count.2022-04-17_13-05-36.txt	-4.422973	1.5174361
SJBALL020101_D1	WU-Harmonization-PCGP-UNSTRANDED_RSEM_gene_count.2022-04-17_13-05-36.txt	-0.66794914	2.2708144
SJBALL020106_D1	WU-Harmonization-PCGP-UNSTRANDED_RSEM_gene_count.2022-04-17_13-05-36.txt	-0.14859287	2.126769
SJBALL020111_D1	WU-Harmonization-PCGP-UNSTRANDED_RSEM_gene_count.2022-04-17_13-05-36.txt	-4.999675	1.9926769
SJBALL020113_D1	WU-Harmonization-PCGP-UNSTRANDED_RSEM_gene_count.2022-04-17_13-05-36.txt	-4.8518243	1.7776939
SJBALL020122_D1	WU-Harmonization-PCGP-UNSTRANDED_RSEM_gene_count.2022-04-17_13-05-36.txt	0.15733227	1.6305002
SJBALL020138_D1	WU-Harmonization-PCGP-UNSTRANDED_RSEM_gene_count.2022-04-17_13-05-36.txt	0.15241629	2.0820773
SJBALL020140_D1	WU-Harmonization-PCGP-UNSTRANDED_RSEM_gene_count.2022-04-17_13-05-36.txt	-0.36719143	1.9658601
SJBALL020141_D1	WU-Harmonization-PCGP-UNSTRANDED_RSEM_gene_count.2022-04-17_13-05-36.txt	-0.43348387	1.8583748
SJBALL020142_D1	WU-Harmonization-PCGP-UNSTRANDED_RSEM_gene_count.2022-04-17_13-05-36.txt	-0.46920973	1.763228
SJBALL020145_D1	WU-Harmonization-PCGP-UNSTRANDED_RSEM_gene_count.2022-04-17_13-05-36.txt	0.41418839	2.384438
SJBALL020151_D1	WU-Harmonization-PCGP-UNSTRANDED_RSEM_gene_count.2022-04-17_13-05-36.txt	-4.8390503	1.9226837
SJBALL020340_D1	WU-Harmonization-PCGP-UNSTRANDED_RSEM_gene_count.2022-04-17_13-05-36.txt	-4.618207	1.027861
SJBALL020374_D1	WU-Harmonization-PCGP-UNSTRANDED_RSEM_gene_count.2022-04-17_13-05-36.txt	-5.046632	1.5876898
SJBALL020383_D1	WU-Harmonization-PCGP-UNSTRANDED_RSEM_gene_count.2022-04-17_13-05-36.txt	-4.9408636	1.2078699
SJBALL020469_D1	WU-Harmonization-PCGP-UNSTRANDED_RSEM_gene_count.2022-04-17_13-05-36.txt	-0.9408915	1.1979012
SJBALL020570_D1	WU-Harmonization-PCGP-UNSTRANDED_RSEM_gene_count.2022-04-17_13-05-36.txt	-0.1752999	2.4078922
SJBALL020579_D1	WU-Harmonization-PCGP-UNSTRANDED_RSEM_gene_count.2022-04-17_13-05-36.txt	-0.09882787	2.4414465
SJBALL020579_X1	WU-Harmonization-PCGP-UNSTRANDED_RSEM_gene_count.2022-04-17_13-05-36.txt	-0.78435194	2.3211038
SJBALL020589_D1	WU-Harmonization-PCGP-UNSTRANDED_RSEM_gene_count.2022-04-17_13-05-36.txt	-0.24199697	2.5680203
SJBALL020595_D1	WU-Harmonization-PCGP-UNSTRANDED_RSEM_gene_count.2022-04-17_13-05-36.txt	-1.0841738	0.74943966
SJBALL020609_D1	WU-Harmonization-PCGP-UNSTRANDED_RSEM_gene_count.2022-04-17_13-05-36.txt	-4.989594	1.0971694
SJBALL020625_D1	WU-Harmonization-PCGP-UNSTRANDED_RSEM_gene_count.2022-04-17_13-05-36.txt	-5.2660875	1.5727824
SJBALL020649_D1	WU-Harmonization-PCGP-UNSTRANDED_RSEM_gene_count.2022-04-17_13-05-36.txt	-5.2599816	1.4843315
SJBALL020704_D1	WU-Harmonization-PCGP-UNSTRANDED_RSEM_gene_count.2022-04-17_13-05-36.txt	0.694607	2.3476903
SJBALL020765_D1	WU-Harmonization-PCGP-UNSTRANDED_RSEM_gene_count.2022-04-17_13-05-36.txt	0.39816698	2.2017062
SJBALL020811_D1	WU-Harmonization-PCGP-UNSTRANDED_RSEM_gene_count.2022-04-17_13-05-36.txt	-0.16343988	2.4126983
SJBALL020828_D1	WU-Harmonization-PCGP-UNSTRANDED_RSEM_gene_count.2022-04-17_13-05-36.txt	-4.8155103	1.0772613
SJBALL020832_D1	WU-Harmonization-PCGP-UNSTRANDED_RSEM_gene_count.2022-04-17_13-05-36.txt	-5.2031603	1.8922051
SJBALL020836_D1	WU-Harmonization-PCGP-UNSTRANDED_RSEM_gene_count.2022-04-17_13-05-36.txt	-0.50671774	2.359345
SJBALL020877_D1	WU-Harmonization-PCGP-UNSTRANDED_RSEM_gene_count.2022-04-17_13-05-36.txt	0.44557694	2.4818811
SJBALL020882_D1	WU-Harmonization-PCGP-UNSTRANDED_RSEM_gene_count.2022-04-17_13-05-36.txt	-5.257748	1.6791983
SJBALL020941_D1	WU-Harmonization-PCGP-UNSTRANDED_RSEM_gene_count.2022-04-17_13-05-36.txt	-0.12889662	2.5986772
SJBALL020953_D1	WU-Harmonization-PCGP-UNSTRANDED_RSEM_gene_count.2022-04-17_13-05-36.txt	0.3610059	1.8255116
SJBALL020958_D1	WU-Harmonization-PCGP-UNSTRANDED_RSEM_gene_count.2022-04-17_13-05-36.txt	0.24094483	2.2208326
SJBALL020964_D1	WU-Harmonization-PCGP-UNSTRANDED_RSEM_gene_count.2022-04-17_13-05-36.txt	-0.28180373	1.3284413
SJBALL020966_D1	WU-Harmonization-PCGP-UNSTRANDED_RSEM_gene_count.2022-04-17_13-05-36.txt	-4.45959	1.5803592
SJBALL020967_D1	WU-Harmonization-PCGP-UNSTRANDED_RSEM_gene_count.2022-04-17_13-05-36.txt	-4.39238	1.3838432
SJBALL020977_D1	WU-Harmonization-PCGP-UNSTRANDED_RSEM_gene_count.2022-04-17_13-05-36.txt	-4.784465	1.8333825
SJBALL020980_D1	WU-Harmonization-PCGP-UNSTRANDED_RSEM_gene_count.2022-04-17_13-05-36.txt	0.1526552	2.006665
SJBALL020984_D1	WU-Harmonization-PCGP-UNSTRANDED_RSEM_gene_count.2022-04-17_13-05-36.txt	0.57078207	2.2971928
SJBALL020987_D1	WU-Harmonization-PCGP-UNSTRANDED_RSEM_gene_count.2022-04-17_13-05-36.txt	-4.746366	1.3659769
SJBALL020993_D1	WU-Harmonization-PCGP-UNSTRANDED_RSEM_gene_count.2022-04-17_13-05-36.txt	0.22929183	2.2146645
SJBALL020994_D1	WU-Harmonization-PCGP-UNSTRANDED_RSEM_gene_count.2022-04-17_13-05-36.txt	0.08322284	2.0610058
SJBALL020995_D1	WU-Harmonization-PCGP-UNSTRANDED_RSEM_gene_count.2022-04-17_13-05-36.txt	-0.74255776	2.2104878
SJBALL020998_D1	WU-Harmonization-PCGP-UNSTRANDED_RSEM_gene_count.2022-04-17_13-05-36.txt	0.5897768	2.5249515
SJBALL021005_D1	WU-Harmonization-PCGP-UNSTRANDED_RSEM_gene_count.2022-04-17_13-05-36.txt	-0.27330074	1.2734882
SJBALL021012_D1	WU-Harmonization-PCGP-UNSTRANDED_RSEM_gene_count.2022-04-17_13-05-36.txt	0.20537703	1.7247599
SJBALL021018_D1	WU-Harmonization-PCGP-UNSTRANDED_RSEM_gene_count.2022-04-17_13-05-36.txt	-0.04339132	2.3430772
SJBALL021021_D1	WU-Harmonization-PCGP-UNSTRANDED_RSEM_gene_count.2022-04-17_13-05-36.txt	-5.048713	1.9613346
SJBALL021023_D1	WU-Harmonization-PCGP-UNSTRANDED_RSEM_gene_count.2022-04-17_13-05-36.txt	-0.34760877	2.662446
SJBALL021031_D1	WU-Harmonization-PCGP-UNSTRANDED_RSEM_gene_count.2022-04-17_13-05-36.txt	0.055198275	2.1660006
SJBALL021043_D1	WU-Harmonization-PCGP-UNSTRANDED_RSEM_gene_count.2022-04-17_13-05-36.txt	-0.3271094	2.2677608
SJBALL021047_D1	WU-Harmonization-PCGP-UNSTRANDED_RSEM_gene_count.2022-04-17_13-05-36.txt	0.21808699	2.8279746
SJBALL021058_D1	WU-Harmonization-PCGP-UNSTRANDED_RSEM_gene_count.2022-04-17_13-05-36.txt	-5.103627	1.7695538
SJBALL021059_D1	WU-Harmonization-PCGP-UNSTRANDED_RSEM_gene_count.2022-04-17_13-05-36.txt	0.11814389	2.6859474
SJBALL021061_D1	WU-Harmonization-PCGP-UNSTRANDED_RSEM_gene_count.2022-04-17_13-05-36.txt	0.013609764	2.8724189
SJBALL021080_D1	WU-Harmonization-PCGP-UNSTRANDED_RSEM_gene_count.2022-04-17_13-05-36.txt	-4.5095553	1.5380306
SJBALL021083_D1	WU-Harmonization-PCGP-UNSTRANDED_RSEM_gene_count.2022-04-17_13-05-36.txt	-5.083606	1.7957703
SJBALL021102_D1	WU-Harmonization-PCGP-UNSTRANDED_RSEM_gene_count.2022-04-17_13-05-36.txt	-0.15378381	2.2456374
SJBALL021104_D1	WU-Harmonization-PCGP-UNSTRANDED_RSEM_gene_count.2022-04-17_13-05-36.txt	-4.813127	1.9889034
SJBALL021108_D1	WU-Harmonization-PCGP-UNSTRANDED_RSEM_gene_count.2022-04-17_13-05-36.txt	-6.5888443	-2.2589967
SJBALL021109_D1	WU-Harmonization-PCGP-UNSTRANDED_RSEM_gene_count.2022-04-17_13-05-36.txt	-5.1688166	2.0564492
SJBALL021124_D1	WU-Harmonization-PCGP-UNSTRANDED_RSEM_gene_count.2022-04-17_13-05-36.txt	-4.889384	1.8340877
SJBALL021128_D1	WU-Harmonization-PCGP-UNSTRANDED_RSEM_gene_count.2022-04-17_13-05-36.txt	0.6532473	2.4483256
SJBALL021130_D1	WU-Harmonization-PCGP-UNSTRANDED_RSEM_gene_count.2022-04-17_13-05-36.txt	-4.6813865	1.001371
SJBALL021131_D1	WU-Harmonization-PCGP-UNSTRANDED_RSEM_gene_count.2022-04-17_13-05-36.txt	-5.1201634	1.4934657
SJBALL021145_D1	WU-Harmonization-PCGP-UNSTRANDED_RSEM_gene_count.2022-04-17_13-05-36.txt	-4.5740776	1.6682473
SJBALL021146_D1	WU-Harmonization-PCGP-UNSTRANDED_RSEM_gene_count.2022-04-17_13-05-36.txt	-5.232363	1.9428624
SJBALL021147_D1	WU-Harmonization-PCGP-UNSTRANDED_RSEM_gene_count.2022-04-17_13-05-36.txt	-0.015629983	1.8797629
SJBALL021299_D1	WU-Harmonization-PCGP-UNSTRANDED_RSEM_gene_count.2022-04-17_13-05-36.txt	-0.9107136	1.4091034
SJBALL021305_D1	WU-Harmonization-PCGP-UNSTRANDED_RSEM_gene_count.2022-04-17_13-05-36.txt	-0.54892343	2.0903676
SJBALL021324_D1	WU-Harmonization-PCGP-UNSTRANDED_RSEM_gene_count.2022-04-17_13-05-36.txt	-0.9450018	1.8521689
SJBALL021333_D1	WU-Harmonization-PCGP-UNSTRANDED_RSEM_gene_count.2022-04-17_13-05-36.txt	-0.95231086	1.8960329
SJBALL021336_D1	WU-Harmonization-PCGP-UNSTRANDED_RSEM_gene_count.2022-04-17_13-05-36.txt	-0.82143015	1.721726
SJBALL021358_D1	WU-Harmonization-PCGP-UNSTRANDED_RSEM_gene_count.2022-04-17_13-05-36.txt	-4.899037	2.0352468
SJBALL021372_D1	WU-Harmonization-PCGP-UNSTRANDED_RSEM_gene_count.2022-04-17_13-05-36.txt	-4.573339	1.1680788
SJBALL021405_D1	WU-Harmonization-PCGP-UNSTRANDED_RSEM_gene_count.2022-04-17_13-05-36.txt	-6.648183	-2.1529403
SJBALL021416_D1	WU-Harmonization-PCGP-UNSTRANDED_RSEM_gene_count.2022-04-17_13-05-36.txt	1.6021162	10.322503
SJBALL021427_D1	WU-Harmonization-PCGP-UNSTRANDED_RSEM_gene_count.2022-04-17_13-05-36.txt	-0.9965966	0.886767
SJBALL021434_D1	WU-Harmonization-PCGP-UNSTRANDED_RSEM_gene_count.2022-04-17_13-05-36.txt	1.3874081	10.518199
SJBALL021489_D1	WU-Harmonization-PCGP-UNSTRANDED_RSEM_gene_count.2022-04-17_13-05-36.txt	-4.565299	0.98737144
SJBALL021491_D1	WU-Harmonization-PCGP-UNSTRANDED_RSEM_gene_count.2022-04-17_13-05-36.txt	-0.82543576	2.2838857
SJBALL021492_D1	WU-Harmonization-PCGP-UNSTRANDED_RSEM_gene_count.2022-04-17_13-05-36.txt	-0.95162344	1.8165603
SJBALL021511_D1	WU-Harmonization-PCGP-UNSTRANDED_RSEM_gene_count.2022-04-17_13-05-36.txt	-1.0327863	0.87326384
SJBALL021512_D1	WU-Harmonization-PCGP-UNSTRANDED_RSEM_gene_count.2022-04-17_13-05-36.txt	-1.1103476	0.72869277
SJBALL021514_D1	WU-Harmonization-PCGP-UNSTRANDED_RSEM_gene_count.2022-04-17_13-05-36.txt	-4.5722685	1.2989336
SJBALL021516_D1	WU-Harmonization-PCGP-UNSTRANDED_RSEM_gene_count.2022-04-17_13-05-36.txt	-0.9623244	1.1411147
SJBALL021530_D1	WU-Harmonization-PCGP-UNSTRANDED_RSEM_gene_count.2022-04-17_13-05-36.txt	-0.7096981	2.3416605
SJBALL021549_D1	WU-Harmonization-PCGP-UNSTRANDED_RSEM_gene_count.2022-04-17_13-05-36.txt	-1.5582782	2.5497234
SJBALL021707_D1	WU-Harmonization-PCGP-UNSTRANDED_RSEM_gene_count.2022-04-17_13-05-36.txt	-0.9419668	2.644703
SJBALL021720_D1	WU-Harmonization-PCGP-UNSTRANDED_RSEM_gene_count.2022-04-17_13-05-36.txt	1.1374456	10.65893
SJBALL021721_D1	WU-Harmonization-PCGP-UNSTRANDED_RSEM_gene_count.2022-04-17_13-05-36.txt	1.0053054	10.903848
SJBALL021722_D1	WU-Harmonization-PCGP-UNSTRANDED_RSEM_gene_count.2022-04-17_13-05-36.txt	0.5954302	10.2758665
SJBALL021728_D1	WU-Harmonization-PCGP-UNSTRANDED_RSEM_gene_count.2022-04-17_13-05-36.txt	-0.051997706	2.5617049
SJBALL021735_D1	WU-Harmonization-PCGP-UNSTRANDED_RSEM_gene_count.2022-04-17_13-05-36.txt	0.19760394	1.9446254
SJBALL021737_D1	WU-Harmonization-PCGP-UNSTRANDED_RSEM_gene_count.2022-04-17_13-05-36.txt	0.35876593	2.1699812
SJBALL021738_D1	WU-Harmonization-PCGP-UNSTRANDED_RSEM_gene_count.2022-04-17_13-05-36.txt	0.5113947	10.144952
SJBALL021748_D1	WU-Harmonization-PCGP-UNSTRANDED_RSEM_gene_count.2022-04-17_13-05-36.txt	-0.8078941	2.2916813
SJBALL021769_D1	WU-Harmonization-PCGP-UNSTRANDED_RSEM_gene_count.2022-04-17_13-05-36.txt	0.29807937	3.0154788
SJBALL021772_D1	WU-Harmonization-PCGP-UNSTRANDED_RSEM_gene_count.2022-04-17_13-05-36.txt	-0.6743746	2.3668897
SJBALL021778_D1	WU-Harmonization-PCGP-UNSTRANDED_RSEM_gene_count.2022-04-17_13-05-36.txt	-5.012629	1.991177
SJBALL021780_D1	WU-Harmonization-PCGP-UNSTRANDED_RSEM_gene_count.2022-04-17_13-05-36.txt	0.065391526	2.5177298
SJBALL021784_D1	WU-Harmonization-PCGP-UNSTRANDED_RSEM_gene_count.2022-04-17_13-05-36.txt	0.62850785	2.4256933
SJBALL021786_D1	WU-Harmonization-PCGP-UNSTRANDED_RSEM_gene_count.2022-04-17_13-05-36.txt	0.48713678	2.153502
SJBALL021787_D1	WU-Harmonization-PCGP-UNSTRANDED_RSEM_gene_count.2022-04-17_13-05-36.txt	0.46042284	10.08622
SJBALL021790_D1	WU-Harmonization-PCGP-UNSTRANDED_RSEM_gene_count.2022-04-17_13-05-36.txt	-0.23801516	2.1721203
SJBALL021794_D1	WU-Harmonization-PCGP-UNSTRANDED_RSEM_gene_count.2022-04-17_13-05-36.txt	0.4993332	10.099638
SJBALL021800_D1	WU-Harmonization-PCGP-UNSTRANDED_RSEM_gene_count.2022-04-17_13-05-36.txt	0.21806794	2.0249596
SJBALL021803_D1	WU-Harmonization-PCGP-UNSTRANDED_RSEM_gene_count.2022-04-17_13-05-36.txt	-0.37357435	2.2134807
SJBALL021807_D1	WU-Harmonization-PCGP-UNSTRANDED_RSEM_gene_count.2022-04-17_13-05-36.txt	-0.107509516	2.1598866
SJBALL021814_D1	WU-Harmonization-PCGP-UNSTRANDED_RSEM_gene_count.2022-04-17_13-05-36.txt	0.2201866	1.959933
SJBALL021816_D1	WU-Harmonization-PCGP-UNSTRANDED_RSEM_gene_count.2022-04-17_13-05-36.txt	0.012516497	2.1841133
SJBALL021820_D1	WU-Harmonization-PCGP-UNSTRANDED_RSEM_gene_count.2022-04-17_13-05-36.txt	-5.120476	1.8971604
SJBALL021832_D1	WU-Harmonization-PCGP-UNSTRANDED_RSEM_gene_count.2022-04-17_13-05-36.txt	-4.529574	2.3151846
SJBALL021841_D1	WU-Harmonization-PCGP-UNSTRANDED_RSEM_gene_count.2022-04-17_13-05-36.txt	-1.0023178	2.1307166
SJBALL021849_D1	WU-Harmonization-PCGP-UNSTRANDED_RSEM_gene_count.2022-04-17_13-05-36.txt	1.3227638	10.387453
SJBALL021856_D1	WU-Harmonization-PCGP-UNSTRANDED_RSEM_gene_count.2022-04-17_13-05-36.txt	0.14433166	1.988421
SJBALL021866_D1	WU-Harmonization-PCGP-UNSTRANDED_RSEM_gene_count.2022-04-17_13-05-36.txt	0.035587277	2.2656024
SJBALL021900_D1	WU-Harmonization-PCGP-UNSTRANDED_RSEM_gene_count.2022-04-17_13-05-36.txt	-5.0815887	1.6473147
SJBALL022244_D1	WU-Harmonization-PCGP-UNSTRANDED_RSEM_gene_count.2022-04-17_13-05-36.txt	-4.4664907	1.6018664
SJBALL022245_D1	WU-Harmonization-PCGP-UNSTRANDED_RSEM_gene_count.2022-04-17_13-05-36.txt	-4.515207	1.6146071
SJBALL022246_D1	WU-Harmonization-PCGP-UNSTRANDED_RSEM_gene_count.2022-04-17_13-05-36.txt	0.28171462	2.336518
SJBALL102_D	WU-Harmonization-PCGP-UNSTRANDED_RSEM_gene_count.2022-04-17_13-05-36.txt	-4.518647	1.9678562
SJBALL215_D	WU-Harmonization-PCGP-UNSTRANDED_RSEM_gene_count.2022-04-17_13-05-36.txt	-4.6607337	0.94230664
SJBALL218_D	WU-Harmonization-PCGP-UNSTRANDED_RSEM_gene_count.2022-04-17_13-05-36.txt	-0.9580752	0.9265473
SJBALL227_D	WU-Harmonization-PCGP-UNSTRANDED_RSEM_gene_count.2022-04-17_13-05-36.txt	-1.0438801	0.8282182
SJBALL230_D	WU-Harmonization-PCGP-UNSTRANDED_RSEM_gene_count.2022-04-17_13-05-36.txt	-4.5217056	0.9226852
SJBALL231_D	WU-Harmonization-PCGP-UNSTRANDED_RSEM_gene_count.2022-04-17_13-05-36.txt	0.3760859	1.7755535
SJBALL237_D	WU-Harmonization-PCGP-UNSTRANDED_RSEM_gene_count.2022-04-17_13-05-36.txt	0.13548018	1.5579811
SJBALL239_D	WU-Harmonization-PCGP-UNSTRANDED_RSEM_gene_count.2022-04-17_13-05-36.txt	0.2260454	2.075883
SJBALL247_D	WU-Harmonization-PCGP-UNSTRANDED_RSEM_gene_count.2022-04-17_13-05-36.txt	-1.2213329	-3.56561
SJBALL255_D	WU-Harmonization-PCGP-UNSTRANDED_RSEM_gene_count.2022-04-17_13-05-36.txt	-0.21166284	2.4474595
SJCBF001018_D1	WU-Harmonization-PCGP-UNSTRANDED_RSEM_gene_count.2022-04-17_13-05-36.txt	1.7942241	11.926881
SJCBF001018_D2	WU-Harmonization-PCGP-UNSTRANDED_RSEM_gene_count.2022-04-17_13-05-36.txt	1.7367613	11.960712
SJCBF001018_D3	WU-Harmonization-PCGP-UNSTRANDED_RSEM_gene_count.2022-04-17_13-05-36.txt	1.7789967	11.89295
SJCBF001018_D4	WU-Harmonization-PCGP-UNSTRANDED_RSEM_gene_count.2022-04-17_13-05-36.txt	1.7752781	11.942723
SJCBF001018_D5	WU-Harmonization-PCGP-UNSTRANDED_RSEM_gene_count.2022-04-17_13-05-36.txt	1.7886702	11.967941
SJCBF001018_D6	WU-Harmonization-PCGP-UNSTRANDED_RSEM_gene_count.2022-04-17_13-05-36.txt	1.7363303	11.960001
SJCBF001018_D7	WU-Harmonization-PCGP-UNSTRANDED_RSEM_gene_count.2022-04-17_13-05-36.txt	1.73672	11.924966
SJCBF001018_D8	WU-Harmonization-PCGP-UNSTRANDED_RSEM_gene_count.2022-04-17_13-05-36.txt	1.9960346	11.584695
SJCBF001_D	WU-Harmonization-PCGP-UNSTRANDED_RSEM_gene_count.2022-04-17_13-05-36.txt	1.9085679	11.503843
SJCBF004_D	WU-Harmonization-PCGP-UNSTRANDED_RSEM_gene_count.2022-04-17_13-05-36.txt	1.4739361	11.0484705
SJCBF006_D	WU-Harmonization-PCGP-UNSTRANDED_RSEM_gene_count.2022-04-17_13-05-36.txt	1.8503997	11.696687
SJCBF008_D	WU-Harmonization-PCGP-UNSTRANDED_RSEM_gene_count.2022-04-17_13-05-36.txt	1.7269512	10.915628
SJCBF012_D	WU-Harmonization-PCGP-UNSTRANDED_RSEM_gene_count.2022-04-17_13-05-36.txt	1.6680295	11.679466
SJCBF020_D	WU-Harmonization-PCGP-UNSTRANDED_RSEM_gene_count.2022-04-17_13-05-36.txt	1.1059257	10.852624
SJCBF022_D	WU-Harmonization-PCGP-UNSTRANDED_RSEM_gene_count.2022-04-17_13-05-36.txt	1.3522863	11.688975
SJCBF023_D	WU-Harmonization-PCGP-UNSTRANDED_RSEM_gene_count.2022-04-17_13-05-36.txt	1.6572717	11.576662
SJCBF025_D	WU-Harmonization-PCGP-UNSTRANDED_RSEM_gene_count.2022-04-17_13-05-36.txt	0.98927957	11.041847
SJCBF030_D	WU-Harmonization-PCGP-UNSTRANDED_RSEM_gene_count.2022-04-17_13-05-36.txt	1.8376278	11.707396
SJCBF031_D	WU-Harmonization-PCGP-UNSTRANDED_RSEM_gene_count.2022-04-17_13-05-36.txt	1.7462837	11.208598
SJCBF034_D	WU-Harmonization-PCGP-UNSTRANDED_RSEM_gene_count.2022-04-17_13-05-36.txt	1.8806792	11.40337
SJCBF041_D	WU-Harmonization-PCGP-UNSTRANDED_RSEM_gene_count.2022-04-17_13-05-36.txt	1.6448789	11.585405
SJCBF042_D	WU-Harmonization-PCGP-UNSTRANDED_RSEM_gene_count.2022-04-17_13-05-36.txt	1.1734259	11.1703615
SJCBF044_D	WU-Harmonization-PCGP-UNSTRANDED_RSEM_gene_count.2022-04-17_13-05-36.txt	1.9784571	10.817852
SJCBF090_D	WU-Harmonization-PCGP-UNSTRANDED_RSEM_gene_count.2022-04-17_13-05-36.txt	1.6928028	11.5667095
SJCBF091_D	WU-Harmonization-PCGP-UNSTRANDED_RSEM_gene_count.2022-04-17_13-05-36.txt	1.5346283	11.822468
SJCBF094_D	WU-Harmonization-PCGP-UNSTRANDED_RSEM_gene_count.2022-04-17_13-05-36.txt	1.5658675	10.986443
SJCBF099_D	WU-Harmonization-PCGP-UNSTRANDED_RSEM_gene_count.2022-04-17_13-05-36.txt	1.3758038	11.149749
SJCBF100_D	WU-Harmonization-PCGP-UNSTRANDED_RSEM_gene_count.2022-04-17_13-05-36.txt	1.9566059	11.380951
SJCBF101_D	WU-Harmonization-PCGP-UNSTRANDED_RSEM_gene_count.2022-04-17_13-05-36.txt	1.8306307	11.461413
SJCBF108_D	WU-Harmonization-PCGP-UNSTRANDED_RSEM_gene_count.2022-04-17_13-05-36.txt	1.879598	10.832155
SJCBF110_D	WU-Harmonization-PCGP-UNSTRANDED_RSEM_gene_count.2022-04-17_13-05-36.txt	1.7035602	11.127078
SJCBF112_D	WU-Harmonization-PCGP-UNSTRANDED_RSEM_gene_count.2022-04-17_13-05-36.txt	1.3915555	11.134526
SJCBF113_D	WU-Harmonization-PCGP-UNSTRANDED_RSEM_gene_count.2022-04-17_13-05-36.txt	1.0660964	10.957181
SJCBF117_D	WU-Harmonization-PCGP-UNSTRANDED_RSEM_gene_count.2022-04-17_13-05-36.txt	1.6870073	11.444554
SJCBF123_D	WU-Harmonization-PCGP-UNSTRANDED_RSEM_gene_count.2022-04-17_13-05-36.txt	1.0315875	10.964911
SJCBF124_D	WU-Harmonization-PCGP-UNSTRANDED_RSEM_gene_count.2022-04-17_13-05-36.txt	1.6314665	11.173377
SJCBF125_D	WU-Harmonization-PCGP-UNSTRANDED_RSEM_gene_count.2022-04-17_13-05-36.txt	1.4624492	11.053444
SJCBF138_D	WU-Harmonization-PCGP-UNSTRANDED_RSEM_gene_count.2022-04-17_13-05-36.txt	1.7764597	11.057043
SJCBF139_D	WU-Harmonization-PCGP-UNSTRANDED_RSEM_gene_count.2022-04-17_13-05-36.txt	1.6560887	11.66381
SJCBF141_D	WU-Harmonization-PCGP-UNSTRANDED_RSEM_gene_count.2022-04-17_13-05-36.txt	1.9571513	11.387849
SJCBF143_D	WU-Harmonization-PCGP-UNSTRANDED_RSEM_gene_count.2022-04-17_13-05-36.txt	1.8048075	10.9552965
SJCBF145_D	WU-Harmonization-PCGP-UNSTRANDED_RSEM_gene_count.2022-04-17_13-05-36.txt	1.7746388	11.704612
SJCBF149_D	WU-Harmonization-PCGP-UNSTRANDED_RSEM_gene_count.2022-04-17_13-05-36.txt	1.63877	11.121849
SJCBF150_D	WU-Harmonization-PCGP-UNSTRANDED_RSEM_gene_count.2022-04-17_13-05-36.txt	2.2193944	11.230991
SJCMF010155_D1	WU-Harmonization-PCGP-UNSTRANDED_RSEM_gene_count.2022-04-17_13-05-36.txt	12.048875	10.389078
SJCMF010156_D1	WU-Harmonization-PCGP-UNSTRANDED_RSEM_gene_count.2022-04-17_13-05-36.txt	12.059399	10.217689
SJCPC001013_D1	WU-Harmonization-PCGP-UNSTRANDED_RSEM_gene_count.2022-04-17_13-05-36.txt	18.550604	-3.0625665
SJCPC001013_R1	WU-Harmonization-PCGP-UNSTRANDED_RSEM_gene_count.2022-04-17_13-05-36.txt	15.100079	2.2074594
SJCPC001014_D1	WU-Harmonization-PCGP-UNSTRANDED_RSEM_gene_count.2022-04-17_13-05-36.txt	12.917456	4.144103
SJCPC001016_D1	WU-Harmonization-PCGP-UNSTRANDED_RSEM_gene_count.2022-04-17_13-05-36.txt	12.938879	4.1571865
SJCPC011756_D1	WU-Harmonization-PCGP-UNSTRANDED_RSEM_gene_count.2022-04-17_13-05-36.txt	12.958472	4.132646
SJCPC011758_D1	WU-Harmonization-PCGP-UNSTRANDED_RSEM_gene_count.2022-04-17_13-05-36.txt	13.153522	4.435536
SJCPC011759_D1	WU-Harmonization-PCGP-UNSTRANDED_RSEM_gene_count.2022-04-17_13-05-36.txt	12.896674	4.1378202
SJCPC011761_D1	WU-Harmonization-PCGP-UNSTRANDED_RSEM_gene_count.2022-04-17_13-05-36.txt	12.944036	4.1931763
SJCPC011762_D1	WU-Harmonization-PCGP-UNSTRANDED_RSEM_gene_count.2022-04-17_13-05-36.txt	12.9136095	4.20166
SJCPC011764_D1	WU-Harmonization-PCGP-UNSTRANDED_RSEM_gene_count.2022-04-17_13-05-36.txt	12.965679	4.1146636
SJCPC011765_D1	WU-Harmonization-PCGP-UNSTRANDED_RSEM_gene_count.2022-04-17_13-05-36.txt	12.903228	4.1765018
SJCPC011766_D1	WU-Harmonization-PCGP-UNSTRANDED_RSEM_gene_count.2022-04-17_13-05-36.txt	12.90756	4.1339116
SJCPC011768_D1	WU-Harmonization-PCGP-UNSTRANDED_RSEM_gene_count.2022-04-17_13-05-36.txt	12.944419	4.160712
SJCPC011768_R1	WU-Harmonization-PCGP-UNSTRANDED_RSEM_gene_count.2022-04-17_13-05-36.txt	12.99632	4.1367993
SJCPC011769_D1	WU-Harmonization-PCGP-UNSTRANDED_RSEM_gene_count.2022-04-17_13-05-36.txt	12.88864	4.1945834
SJCPC011770_D1	WU-Harmonization-PCGP-UNSTRANDED_RSEM_gene_count.2022-04-17_13-05-36.txt	12.9418125	4.173662
SJCPC011771_D1	WU-Harmonization-PCGP-UNSTRANDED_RSEM_gene_count.2022-04-17_13-05-36.txt	13.005535	4.2172055
SJCPC011772_D1	WU-Harmonization-PCGP-UNSTRANDED_RSEM_gene_count.2022-04-17_13-05-36.txt	13.050059	4.2773104
SJCPC011773_D1	WU-Harmonization-PCGP-UNSTRANDED_RSEM_gene_count.2022-04-17_13-05-36.txt	12.993421	4.2077684
SJCPC011774_D1	WU-Harmonization-PCGP-UNSTRANDED_RSEM_gene_count.2022-04-17_13-05-36.txt	12.959413	4.2404456
SJCPC011775_D1	WU-Harmonization-PCGP-UNSTRANDED_RSEM_gene_count.2022-04-17_13-05-36.txt	13.325207	9.433647
SJCPC011776_D1	WU-Harmonization-PCGP-UNSTRANDED_RSEM_gene_count.2022-04-17_13-05-36.txt	13.111132	4.3539724
SJCPC011777_D1	WU-Harmonization-PCGP-UNSTRANDED_RSEM_gene_count.2022-04-17_13-05-36.txt	15.720659	1.9004438
SJCPC011777_M1	WU-Harmonization-PCGP-UNSTRANDED_RSEM_gene_count.2022-04-17_13-05-36.txt	12.925768	4.157987
SJCPC011777_R1	WU-Harmonization-PCGP-UNSTRANDED_RSEM_gene_count.2022-04-17_13-05-36.txt	12.961343	4.2086086
SJCPC011778_D1	WU-Harmonization-PCGP-UNSTRANDED_RSEM_gene_count.2022-04-17_13-05-36.txt	12.926549	4.1540303
SJE2A018_D	WU-Harmonization-PCGP-UNSTRANDED_RSEM_gene_count.2022-04-17_13-05-36.txt	-0.036860973	1.2622956
SJE2A037_D	WU-Harmonization-PCGP-UNSTRANDED_RSEM_gene_count.2022-04-17_13-05-36.txt	-0.04730109	1.3008872
SJE2A038_D	WU-Harmonization-PCGP-UNSTRANDED_RSEM_gene_count.2022-04-17_13-05-36.txt	-4.114315	1.2061809
SJE2A040_D	WU-Harmonization-PCGP-UNSTRANDED_RSEM_gene_count.2022-04-17_13-05-36.txt	-0.09237257	1.2529984
SJE2A043_D	WU-Harmonization-PCGP-UNSTRANDED_RSEM_gene_count.2022-04-17_13-05-36.txt	-4.166822	1.2079425
SJE2A056_D	WU-Harmonization-PCGP-UNSTRANDED_RSEM_gene_count.2022-04-17_13-05-36.txt	-0.52027166	2.2985406
SJE2A059_D	WU-Harmonization-PCGP-UNSTRANDED_RSEM_gene_count.2022-04-17_13-05-36.txt	-4.106861	1.1561903
SJE2A060_D	WU-Harmonization-PCGP-UNSTRANDED_RSEM_gene_count.2022-04-17_13-05-36.txt	-0.06116529	1.2579478
SJEPD001501_D1	WU-Harmonization-PCGP-UNSTRANDED_RSEM_gene_count.2022-04-17_13-05-36.txt	17.402922	-2.8752074
SJEPD001503_D1	WU-Harmonization-PCGP-UNSTRANDED_RSEM_gene_count.2022-04-17_13-05-36.txt	18.653175	-3.2211044
SJEPD001504_D1	WU-Harmonization-PCGP-UNSTRANDED_RSEM_gene_count.2022-04-17_13-05-36.txt	18.513058	-3.1484826
SJEPD001505_D1	WU-Harmonization-PCGP-UNSTRANDED_RSEM_gene_count.2022-04-17_13-05-36.txt	18.095308	-3.7978187
SJEPD001506_D1	WU-Harmonization-PCGP-UNSTRANDED_RSEM_gene_count.2022-04-17_13-05-36.txt	18.625248	-3.0943317
SJEPD001507_D1	WU-Harmonization-PCGP-UNSTRANDED_RSEM_gene_count.2022-04-17_13-05-36.txt	17.507647	-2.9257555
SJEPD001508_D1	WU-Harmonization-PCGP-UNSTRANDED_RSEM_gene_count.2022-04-17_13-05-36.txt	18.24844	-3.5901601
SJEPD001509_D1	WU-Harmonization-PCGP-UNSTRANDED_RSEM_gene_count.2022-04-17_13-05-36.txt	18.862688	-3.337181
SJEPD001511_D1	WU-Harmonization-PCGP-UNSTRANDED_RSEM_gene_count.2022-04-17_13-05-36.txt	18.418974	-4.0262423
SJEPD001512_D1	WU-Harmonization-PCGP-UNSTRANDED_RSEM_gene_count.2022-04-17_13-05-36.txt	17.543623	-2.9635773
SJEPD001513_D1	WU-Harmonization-PCGP-UNSTRANDED_RSEM_gene_count.2022-04-17_13-05-36.txt	14.365392	2.8373845
SJEPD001514_D1	WU-Harmonization-PCGP-UNSTRANDED_RSEM_gene_count.2022-04-17_13-05-36.txt	16.918146	-0.13534635
SJEPD001515_D1	WU-Harmonization-PCGP-UNSTRANDED_RSEM_gene_count.2022-04-17_13-05-36.txt	18.304926	-3.9503298
SJEPD001516_D1	WU-Harmonization-PCGP-UNSTRANDED_RSEM_gene_count.2022-04-17_13-05-36.txt	18.137964	-3.699631
SJEPD001517_D1	WU-Harmonization-PCGP-UNSTRANDED_RSEM_gene_count.2022-04-17_13-05-36.txt	18.949389	-3.487967
SJEPD001518_D1	WU-Harmonization-PCGP-UNSTRANDED_RSEM_gene_count.2022-04-17_13-05-36.txt	18.665926	-3.1242115
SJEPD001519_D1	WU-Harmonization-PCGP-UNSTRANDED_RSEM_gene_count.2022-04-17_13-05-36.txt	18.615406	-3.1210957
SJEPD001520_D1	WU-Harmonization-PCGP-UNSTRANDED_RSEM_gene_count.2022-04-17_13-05-36.txt	18.434982	-3.8843966
SJEPD001521_D1	WU-Harmonization-PCGP-UNSTRANDED_RSEM_gene_count.2022-04-17_13-05-36.txt	18.263472	-4.0645776
SJEPD001522_R1	WU-Harmonization-PCGP-UNSTRANDED_RSEM_gene_count.2022-04-17_13-05-36.txt	18.782497	-3.5447648
SJEPD001523_D1	WU-Harmonization-PCGP-UNSTRANDED_RSEM_gene_count.2022-04-17_13-05-36.txt	18.177406	-3.6328187
SJEPD001523_R1	WU-Harmonization-PCGP-UNSTRANDED_RSEM_gene_count.2022-04-17_13-05-36.txt	18.08256	-3.6287677
SJEPD001524_R1	WU-Harmonization-PCGP-UNSTRANDED_RSEM_gene_count.2022-04-17_13-05-36.txt	18.336258	-3.8600063
SJEPD001525_D1	WU-Harmonization-PCGP-UNSTRANDED_RSEM_gene_count.2022-04-17_13-05-36.txt	19.0063	-3.413833
SJEPD001526_D1	WU-Harmonization-PCGP-UNSTRANDED_RSEM_gene_count.2022-04-17_13-05-36.txt	18.370123	-4.088566
SJEPD001527_R1	WU-Harmonization-PCGP-UNSTRANDED_RSEM_gene_count.2022-04-17_13-05-36.txt	18.808044	-3.659205
SJEPD001528_D1	WU-Harmonization-PCGP-UNSTRANDED_RSEM_gene_count.2022-04-17_13-05-36.txt	18.95801	-3.3982315
SJEPD001530_D1	WU-Harmonization-PCGP-UNSTRANDED_RSEM_gene_count.2022-04-17_13-05-36.txt	18.748665	-3.537431
SJEPD001531_D1	WU-Harmonization-PCGP-UNSTRANDED_RSEM_gene_count.2022-04-17_13-05-36.txt	18.296324	-3.4510148
SJEPD001532_R1	WU-Harmonization-PCGP-UNSTRANDED_RSEM_gene_count.2022-04-17_13-05-36.txt	17.765362	-3.0204446
SJEPD001533_D1	WU-Harmonization-PCGP-UNSTRANDED_RSEM_gene_count.2022-04-17_13-05-36.txt	18.776342	-3.24201
SJEPD001534_D1	WU-Harmonization-PCGP-UNSTRANDED_RSEM_gene_count.2022-04-17_13-05-36.txt	18.923988	-3.5998719
SJEPD001535_R1	WU-Harmonization-PCGP-UNSTRANDED_RSEM_gene_count.2022-04-17_13-05-36.txt	18.700466	-3.2231421
SJEPD001535_R2	WU-Harmonization-PCGP-UNSTRANDED_RSEM_gene_count.2022-04-17_13-05-36.txt	18.743439	-3.2220418
SJEPD001536_R1	WU-Harmonization-PCGP-UNSTRANDED_RSEM_gene_count.2022-04-17_13-05-36.txt	18.817358	-3.3249545
SJEPD001537_D1	WU-Harmonization-PCGP-UNSTRANDED_RSEM_gene_count.2022-04-17_13-05-36.txt	16.945696	-1.0711534
SJEPD001538_R1	WU-Harmonization-PCGP-UNSTRANDED_RSEM_gene_count.2022-04-17_13-05-36.txt	18.272923	-3.5916848
SJEPD001539_D1	WU-Harmonization-PCGP-UNSTRANDED_RSEM_gene_count.2022-04-17_13-05-36.txt	18.870094	-3.5137107
SJEPD001540_D1	WU-Harmonization-PCGP-UNSTRANDED_RSEM_gene_count.2022-04-17_13-05-36.txt	17.51022	-2.9013064
SJEPD001541_D1	WU-Harmonization-PCGP-UNSTRANDED_RSEM_gene_count.2022-04-17_13-05-36.txt	17.721727	-3.1079726
SJEPD001541_R1	WU-Harmonization-PCGP-UNSTRANDED_RSEM_gene_count.2022-04-17_13-05-36.txt	17.496534	-2.9429283
SJEPD001542_D1	WU-Harmonization-PCGP-UNSTRANDED_RSEM_gene_count.2022-04-17_13-05-36.txt	16.419405	2.0531042
SJEPD001543_D1	WU-Harmonization-PCGP-UNSTRANDED_RSEM_gene_count.2022-04-17_13-05-36.txt	14.697603	2.5229654
SJEPD001544_D1	WU-Harmonization-PCGP-UNSTRANDED_RSEM_gene_count.2022-04-17_13-05-36.txt	17.360077	-2.7939744
SJEPD002_D	WU-Harmonization-PCGP-UNSTRANDED_RSEM_gene_count.2022-04-17_13-05-36.txt	18.847198	-3.6559763
SJEPD003_D	WU-Harmonization-PCGP-UNSTRANDED_RSEM_gene_count.2022-04-17_13-05-36.txt	18.176218	-3.180835
SJEPD004_D	WU-Harmonization-PCGP-UNSTRANDED_RSEM_gene_count.2022-04-17_13-05-36.txt	19.123419	-3.3892515
SJEPD005_D	WU-Harmonization-PCGP-UNSTRANDED_RSEM_gene_count.2022-04-17_13-05-36.txt	18.22156	-3.9370334
SJEPD006_D	WU-Harmonization-PCGP-UNSTRANDED_RSEM_gene_count.2022-04-17_13-05-36.txt	17.77874	-3.2064872
SJEPD007_D	WU-Harmonization-PCGP-UNSTRANDED_RSEM_gene_count.2022-04-17_13-05-36.txt	18.4367	-3.932039
SJEPD008_D	WU-Harmonization-PCGP-UNSTRANDED_RSEM_gene_count.2022-04-17_13-05-36.txt	19.11856	-3.3301513
SJEPD009108_D1	WU-Harmonization-PCGP-UNSTRANDED_RSEM_gene_count.2022-04-17_13-05-36.txt	17.338953	-2.7994716
SJEPD009_D	WU-Harmonization-PCGP-UNSTRANDED_RSEM_gene_count.2022-04-17_13-05-36.txt	18.087162	-3.7323332
SJEPD011_D	WU-Harmonization-PCGP-UNSTRANDED_RSEM_gene_count.2022-04-17_13-05-36.txt	18.288342	-4.0600843
SJEPD012_D	WU-Harmonization-PCGP-UNSTRANDED_RSEM_gene_count.2022-04-17_13-05-36.txt	18.061491	-3.6174343
SJEPD013_D	WU-Harmonization-PCGP-UNSTRANDED_RSEM_gene_count.2022-04-17_13-05-36.txt	18.023758	-3.7345998
SJEPD014_D	WU-Harmonization-PCGP-UNSTRANDED_RSEM_gene_count.2022-04-17_13-05-36.txt	18.321697	-3.9651675
SJEPD015_D	WU-Harmonization-PCGP-UNSTRANDED_RSEM_gene_count.2022-04-17_13-05-36.txt	18.88401	-3.63663
SJEPD016_D	WU-Harmonization-PCGP-UNSTRANDED_RSEM_gene_count.2022-04-17_13-05-36.txt	18.07444	-3.8031738
SJEPD017_D	WU-Harmonization-PCGP-UNSTRANDED_RSEM_gene_count.2022-04-17_13-05-36.txt	17.818308	-2.9594944
SJEPD019_D	WU-Harmonization-PCGP-UNSTRANDED_RSEM_gene_count.2022-04-17_13-05-36.txt	18.371788	-4.0230174
SJEPD021_D	WU-Harmonization-PCGP-UNSTRANDED_RSEM_gene_count.2022-04-17_13-05-36.txt	18.218681	-4.159747
SJEPD022_D	WU-Harmonization-PCGP-UNSTRANDED_RSEM_gene_count.2022-04-17_13-05-36.txt	18.367008	-4.0534115
SJEPD023_D	WU-Harmonization-PCGP-UNSTRANDED_RSEM_gene_count.2022-04-17_13-05-36.txt	18.380194	-3.366391
SJEPD025_D	WU-Harmonization-PCGP-UNSTRANDED_RSEM_gene_count.2022-04-17_13-05-36.txt	18.28707	-4.079833
SJEPD027_D	WU-Harmonization-PCGP-UNSTRANDED_RSEM_gene_count.2022-04-17_13-05-36.txt	18.296144	-3.4587977
SJEPD028_D	WU-Harmonization-PCGP-UNSTRANDED_RSEM_gene_count.2022-04-17_13-05-36.txt	18.927908	-3.5150146
SJEPD029_D	WU-Harmonization-PCGP-UNSTRANDED_RSEM_gene_count.2022-04-17_13-05-36.txt	18.65744	-3.0939057
SJEPD030_D	WU-Harmonization-PCGP-UNSTRANDED_RSEM_gene_count.2022-04-17_13-05-36.txt	18.793037	-3.4873319
SJEPD031_D	WU-Harmonization-PCGP-UNSTRANDED_RSEM_gene_count.2022-04-17_13-05-36.txt	18.266035	-3.808823
SJEPD031_R	WU-Harmonization-PCGP-UNSTRANDED_RSEM_gene_count.2022-04-17_13-05-36.txt	18.239624	-3.7096968
SJEPD032_D	WU-Harmonization-PCGP-UNSTRANDED_RSEM_gene_count.2022-04-17_13-05-36.txt	17.39286	-2.8396223
SJEPD033_D	WU-Harmonization-PCGP-UNSTRANDED_RSEM_gene_count.2022-04-17_13-05-36.txt	17.448057	-2.8526795
SJEPD034_D	WU-Harmonization-PCGP-UNSTRANDED_RSEM_gene_count.2022-04-17_13-05-36.txt	17.49836	-2.8992841
SJEPD035_D	WU-Harmonization-PCGP-UNSTRANDED_RSEM_gene_count.2022-04-17_13-05-36.txt	19.005093	-3.413693
SJEPD035_R	WU-Harmonization-PCGP-UNSTRANDED_RSEM_gene_count.2022-04-17_13-05-36.txt	19.06164	-3.4054918
SJEPD036_D	WU-Harmonization-PCGP-UNSTRANDED_RSEM_gene_count.2022-04-17_13-05-36.txt	17.333675	-2.7821217
SJEPD037_D	WU-Harmonization-PCGP-UNSTRANDED_RSEM_gene_count.2022-04-17_13-05-36.txt	19.059893	-3.4958305
SJEPD037_R	WU-Harmonization-PCGP-UNSTRANDED_RSEM_gene_count.2022-04-17_13-05-36.txt	16.460224	0.26793507
SJEPD038_D	WU-Harmonization-PCGP-UNSTRANDED_RSEM_gene_count.2022-04-17_13-05-36.txt	18.222052	-3.640825
SJEPD039_D	WU-Harmonization-PCGP-UNSTRANDED_RSEM_gene_count.2022-04-17_13-05-36.txt	18.14918	-3.6997418
SJEPD040_D	WU-Harmonization-PCGP-UNSTRANDED_RSEM_gene_count.2022-04-17_13-05-36.txt	17.627922	-3.0093837
SJERG002_D	WU-Harmonization-PCGP-UNSTRANDED_RSEM_gene_count.2022-04-17_13-05-36.txt	-1.0803292	0.79185534
SJERG003_D	WU-Harmonization-PCGP-UNSTRANDED_RSEM_gene_count.2022-04-17_13-05-36.txt	-1.0129292	1.0960778
SJERG004_D	WU-Harmonization-PCGP-UNSTRANDED_RSEM_gene_count.2022-04-17_13-05-36.txt	-1.127698	0.708039
SJERG005_D	WU-Harmonization-PCGP-UNSTRANDED_RSEM_gene_count.2022-04-17_13-05-36.txt	-4.711148	0.9782463
SJERG006_D	WU-Harmonization-PCGP-UNSTRANDED_RSEM_gene_count.2022-04-17_13-05-36.txt	-1.0930856	0.7552806
SJERG008_D	WU-Harmonization-PCGP-UNSTRANDED_RSEM_gene_count.2022-04-17_13-05-36.txt	-4.6572704	0.9821818
SJERG009_D	WU-Harmonization-PCGP-UNSTRANDED_RSEM_gene_count.2022-04-17_13-05-36.txt	-4.822231	1.1850885
SJERG010_D	WU-Harmonization-PCGP-UNSTRANDED_RSEM_gene_count.2022-04-17_13-05-36.txt	-4.5450974	1.0788811
SJERG011_D	WU-Harmonization-PCGP-UNSTRANDED_RSEM_gene_count.2022-04-17_13-05-36.txt	-4.9455748	1.0361803
SJERG014_D	WU-Harmonization-PCGP-UNSTRANDED_RSEM_gene_count.2022-04-17_13-05-36.txt	-5.0014763	1.0920813
SJERG016_D	WU-Harmonization-PCGP-UNSTRANDED_RSEM_gene_count.2022-04-17_13-05-36.txt	-4.660229	0.83964837
SJERG020051_D1	WU-Harmonization-PCGP-UNSTRANDED_RSEM_gene_count.2022-04-17_13-05-36.txt	-0.99947715	1.0006601
SJERG020052_D1	WU-Harmonization-PCGP-UNSTRANDED_RSEM_gene_count.2022-04-17_13-05-36.txt	-0.9051021	1.1612505
SJERG020299_D1	WU-Harmonization-PCGP-UNSTRANDED_RSEM_gene_count.2022-04-17_13-05-36.txt	-4.5554085	0.94558376
SJERG020300_D1	WU-Harmonization-PCGP-UNSTRANDED_RSEM_gene_count.2022-04-17_13-05-36.txt	-0.8063797	1.513644
SJERG020302_D1	WU-Harmonization-PCGP-UNSTRANDED_RSEM_gene_count.2022-04-17_13-05-36.txt	-1.0953218	0.7740476
SJERG020303_D1	WU-Harmonization-PCGP-UNSTRANDED_RSEM_gene_count.2022-04-17_13-05-36.txt	-0.92561877	1.2752074
SJERG020304_D1	WU-Harmonization-PCGP-UNSTRANDED_RSEM_gene_count.2022-04-17_13-05-36.txt	-0.87648004	1.4810376
SJERG020305_D1	WU-Harmonization-PCGP-UNSTRANDED_RSEM_gene_count.2022-04-17_13-05-36.txt	-0.9634077	1.149814
SJERG020306_D1	WU-Harmonization-PCGP-UNSTRANDED_RSEM_gene_count.2022-04-17_13-05-36.txt	-1.0581043	2.0763261
SJERG020307_D1	WU-Harmonization-PCGP-UNSTRANDED_RSEM_gene_count.2022-04-17_13-05-36.txt	-1.0157917	1.0377369
SJERG020308_D1	WU-Harmonization-PCGP-UNSTRANDED_RSEM_gene_count.2022-04-17_13-05-36.txt	-1.0672537	2.1000655
SJERG020309_D1	WU-Harmonization-PCGP-UNSTRANDED_RSEM_gene_count.2022-04-17_13-05-36.txt	-4.957606	1.5401883
SJERG020_D	WU-Harmonization-PCGP-UNSTRANDED_RSEM_gene_count.2022-04-17_13-05-36.txt	-4.550952	0.8992061
SJERG021891_D1	WU-Harmonization-PCGP-UNSTRANDED_RSEM_gene_count.2022-04-17_13-05-36.txt	0.34508523	2.6145122
SJERG024_D	WU-Harmonization-PCGP-UNSTRANDED_RSEM_gene_count.2022-04-17_13-05-36.txt	-1.0762342	0.6603004
SJERG026_D	WU-Harmonization-PCGP-UNSTRANDED_RSEM_gene_count.2022-04-17_13-05-36.txt	-4.4985924	0.86030805
SJERG028_D	WU-Harmonization-PCGP-UNSTRANDED_RSEM_gene_count.2022-04-17_13-05-36.txt	-1.0667557	0.79509306
SJERG029_D	WU-Harmonization-PCGP-UNSTRANDED_RSEM_gene_count.2022-04-17_13-05-36.txt	-1.1320881	0.7175926
SJERG030_D	WU-Harmonization-PCGP-UNSTRANDED_RSEM_gene_count.2022-04-17_13-05-36.txt	-1.0529091	0.8774195
SJERG031_D	WU-Harmonization-PCGP-UNSTRANDED_RSEM_gene_count.2022-04-17_13-05-36.txt	-4.743804	1.0904243
SJETV001_D	WU-Harmonization-PCGP-UNSTRANDED_RSEM_gene_count.2022-04-17_13-05-36.txt	-6.4844522	-2.4550261
SJETV002_D	WU-Harmonization-PCGP-UNSTRANDED_RSEM_gene_count.2022-04-17_13-05-36.txt	-1.1033562	-3.4454312
SJETV003_D	WU-Harmonization-PCGP-UNSTRANDED_RSEM_gene_count.2022-04-17_13-05-36.txt	-6.6012034	-2.367637
SJETV004_D	WU-Harmonization-PCGP-UNSTRANDED_RSEM_gene_count.2022-04-17_13-05-36.txt	-1.1511245	-3.492841
SJETV010_D	WU-Harmonization-PCGP-UNSTRANDED_RSEM_gene_count.2022-04-17_13-05-36.txt	-6.779217	-2.558984
SJETV010_R	WU-Harmonization-PCGP-UNSTRANDED_RSEM_gene_count.2022-04-17_13-05-36.txt	-6.6713457	-2.467846
SJETV022_D	WU-Harmonization-PCGP-UNSTRANDED_RSEM_gene_count.2022-04-17_13-05-36.txt	-6.6670775	-2.4171977
SJETV024_D	WU-Harmonization-PCGP-UNSTRANDED_RSEM_gene_count.2022-04-17_13-05-36.txt	-1.4204246	-3.7637556
SJETV025_D	WU-Harmonization-PCGP-UNSTRANDED_RSEM_gene_count.2022-04-17_13-05-36.txt	-6.5109076	-2.4841907
SJETV026_D	WU-Harmonization-PCGP-UNSTRANDED_RSEM_gene_count.2022-04-17_13-05-36.txt	-6.5227942	-2.4275987
SJETV027_D	WU-Harmonization-PCGP-UNSTRANDED_RSEM_gene_count.2022-04-17_13-05-36.txt	-6.5981674	-2.553812
SJETV028_D	WU-Harmonization-PCGP-UNSTRANDED_RSEM_gene_count.2022-04-17_13-05-36.txt	-6.5402412	-2.4444878
SJETV032_D	WU-Harmonization-PCGP-UNSTRANDED_RSEM_gene_count.2022-04-17_13-05-36.txt	-1.0443953	-3.3696008
SJETV035_D	WU-Harmonization-PCGP-UNSTRANDED_RSEM_gene_count.2022-04-17_13-05-36.txt	-6.5165	-2.4613483
SJETV036_D	WU-Harmonization-PCGP-UNSTRANDED_RSEM_gene_count.2022-04-17_13-05-36.txt	0.19536641	1.9150344
SJETV039_D	WU-Harmonization-PCGP-UNSTRANDED_RSEM_gene_count.2022-04-17_13-05-36.txt	-6.676854	-2.4956849
SJETV041_D	WU-Harmonization-PCGP-UNSTRANDED_RSEM_gene_count.2022-04-17_13-05-36.txt	-1.0827483	-3.4242995
SJETV043_D	WU-Harmonization-PCGP-UNSTRANDED_RSEM_gene_count.2022-04-17_13-05-36.txt	-6.724901	-2.4258971
SJETV043_R	WU-Harmonization-PCGP-UNSTRANDED_RSEM_gene_count.2022-04-17_13-05-36.txt	-6.752707	-2.388875
SJETV044_D	WU-Harmonization-PCGP-UNSTRANDED_RSEM_gene_count.2022-04-17_13-05-36.txt	-1.3492837	-3.692635
SJETV045_D	WU-Harmonization-PCGP-UNSTRANDED_RSEM_gene_count.2022-04-17_13-05-36.txt	-1.3181424	-3.6210115
SJETV046_D	WU-Harmonization-PCGP-UNSTRANDED_RSEM_gene_count.2022-04-17_13-05-36.txt	-1.2239262	-3.561088
SJETV047_D	WU-Harmonization-PCGP-UNSTRANDED_RSEM_gene_count.2022-04-17_13-05-36.txt	-1.1386095	-3.4801362
SJETV047_R	WU-Harmonization-PCGP-UNSTRANDED_RSEM_gene_count.2022-04-17_13-05-36.txt	-1.0322896	-3.367058
SJETV047_S	WU-Harmonization-PCGP-UNSTRANDED_RSEM_gene_count.2022-04-17_13-05-36.txt	-1.0558269	-3.3915575
SJETV048_R	WU-Harmonization-PCGP-UNSTRANDED_RSEM_gene_count.2022-04-17_13-05-36.txt	-6.614275	-2.5696445
SJETV059_D	WU-Harmonization-PCGP-UNSTRANDED_RSEM_gene_count.2022-04-17_13-05-36.txt	-1.3893646	-3.7267742
SJETV068_D	WU-Harmonization-PCGP-UNSTRANDED_RSEM_gene_count.2022-04-17_13-05-36.txt	-6.350605	-2.262794
SJETV069_D	WU-Harmonization-PCGP-UNSTRANDED_RSEM_gene_count.2022-04-17_13-05-36.txt	-6.4305234	-2.3504455
SJETV070_D	WU-Harmonization-PCGP-UNSTRANDED_RSEM_gene_count.2022-04-17_13-05-36.txt	-1.4074126	-3.7455707
SJETV073_D	WU-Harmonization-PCGP-UNSTRANDED_RSEM_gene_count.2022-04-17_13-05-36.txt	-1.3809017	-3.7233815
SJETV074_D	WU-Harmonization-PCGP-UNSTRANDED_RSEM_gene_count.2022-04-17_13-05-36.txt	-6.4233117	-2.330987
SJETV075_D	WU-Harmonization-PCGP-UNSTRANDED_RSEM_gene_count.2022-04-17_13-05-36.txt	-1.17227	-3.5128574
SJETV076_D	WU-Harmonization-PCGP-UNSTRANDED_RSEM_gene_count.2022-04-17_13-05-36.txt	-6.6648583	-2.4670904
SJETV077_D	WU-Harmonization-PCGP-UNSTRANDED_RSEM_gene_count.2022-04-17_13-05-36.txt	-1.142722	-3.4831831
SJETV078_D	WU-Harmonization-PCGP-UNSTRANDED_RSEM_gene_count.2022-04-17_13-05-36.txt	-1.0820091	-3.4161766
SJETV079_D	WU-Harmonization-PCGP-UNSTRANDED_RSEM_gene_count.2022-04-17_13-05-36.txt	-6.352886	-2.2795737
SJETV082_D	WU-Harmonization-PCGP-UNSTRANDED_RSEM_gene_count.2022-04-17_13-05-36.txt	-1.0893819	-3.4306304
SJETV083_D	WU-Harmonization-PCGP-UNSTRANDED_RSEM_gene_count.2022-04-17_13-05-36.txt	-6.643183	-2.4503472
SJETV084_D	WU-Harmonization-PCGP-UNSTRANDED_RSEM_gene_count.2022-04-17_13-05-36.txt	-6.715961	-2.4655938
SJETV085_D	WU-Harmonization-PCGP-UNSTRANDED_RSEM_gene_count.2022-04-17_13-05-36.txt	-6.755596	-2.541022
SJETV086_D	WU-Harmonization-PCGP-UNSTRANDED_RSEM_gene_count.2022-04-17_13-05-36.txt	-1.2145135	-3.5541353
SJETV088_D	WU-Harmonization-PCGP-UNSTRANDED_RSEM_gene_count.2022-04-17_13-05-36.txt	-6.434105	-2.3257034
SJETV089_D	WU-Harmonization-PCGP-UNSTRANDED_RSEM_gene_count.2022-04-17_13-05-36.txt	-1.3054299	-3.643949
SJETV092_D	WU-Harmonization-PCGP-UNSTRANDED_RSEM_gene_count.2022-04-17_13-05-36.txt	-1.0479935	-3.3640287
SJETV093_D	WU-Harmonization-PCGP-UNSTRANDED_RSEM_gene_count.2022-04-17_13-05-36.txt	-1.3860435	-3.7275941
SJETV095_D	WU-Harmonization-PCGP-UNSTRANDED_RSEM_gene_count.2022-04-17_13-05-36.txt	-6.6917434	-2.5182312
SJETV096_D	WU-Harmonization-PCGP-UNSTRANDED_RSEM_gene_count.2022-04-17_13-05-36.txt	-6.53265	-2.403522
SJETV098_D	WU-Harmonization-PCGP-UNSTRANDED_RSEM_gene_count.2022-04-17_13-05-36.txt	-1.0886289	-3.4299
SJETV136_D	WU-Harmonization-PCGP-UNSTRANDED_RSEM_gene_count.2022-04-17_13-05-36.txt	-6.377171	-2.3407423
SJETV136_R	WU-Harmonization-PCGP-UNSTRANDED_RSEM_gene_count.2022-04-17_13-05-36.txt	-6.408846	-2.3053348
SJETV190_D	WU-Harmonization-PCGP-UNSTRANDED_RSEM_gene_count.2022-04-17_13-05-36.txt	-1.2442832	-3.5876927
SJETV190_R	WU-Harmonization-PCGP-UNSTRANDED_RSEM_gene_count.2022-04-17_13-05-36.txt	-1.1529412	-3.4952521
SJETV191_D	WU-Harmonization-PCGP-UNSTRANDED_RSEM_gene_count.2022-04-17_13-05-36.txt	-1.377489	-3.7202346
SJETV191_R	WU-Harmonization-PCGP-UNSTRANDED_RSEM_gene_count.2022-04-17_13-05-36.txt	-1.1054277	-3.4473639
SJETV195_D	WU-Harmonization-PCGP-UNSTRANDED_RSEM_gene_count.2022-04-17_13-05-36.txt	-1.3011302	-3.6464324
SJHGG001_A	WU-Harmonization-PCGP-UNSTRANDED_RSEM_gene_count.2022-04-17_13-05-36.txt	16.010338	0.2404001
SJHGG002_A	WU-Harmonization-PCGP-UNSTRANDED_RSEM_gene_count.2022-04-17_13-05-36.txt	16.050276	-0.150554
SJHGG002_D	WU-Harmonization-PCGP-UNSTRANDED_RSEM_gene_count.2022-04-17_13-05-36.txt	15.963707	0.25169104
SJHGG003_A	WU-Harmonization-PCGP-UNSTRANDED_RSEM_gene_count.2022-04-17_13-05-36.txt	15.458928	-0.27885947
SJHGG003_D	WU-Harmonization-PCGP-UNSTRANDED_RSEM_gene_count.2022-04-17_13-05-36.txt	15.357433	-0.21877383
SJHGG004_D	WU-Harmonization-PCGP-UNSTRANDED_RSEM_gene_count.2022-04-17_13-05-36.txt	15.582214	-0.4677225
SJHGG005_A	WU-Harmonization-PCGP-UNSTRANDED_RSEM_gene_count.2022-04-17_13-05-36.txt	16.104948	0.10237928
SJHGG006_A	WU-Harmonization-PCGP-UNSTRANDED_RSEM_gene_count.2022-04-17_13-05-36.txt	16.048973	0.18709372
SJHGG007_A	WU-Harmonization-PCGP-UNSTRANDED_RSEM_gene_count.2022-04-17_13-05-36.txt	16.647863	-0.21299359
SJHGG008_A	WU-Harmonization-PCGP-UNSTRANDED_RSEM_gene_count.2022-04-17_13-05-36.txt	16.278175	-0.18389931
SJHGG009_A	WU-Harmonization-PCGP-UNSTRANDED_RSEM_gene_count.2022-04-17_13-05-36.txt	15.778889	-0.54407084
SJHGG010_D	WU-Harmonization-PCGP-UNSTRANDED_RSEM_gene_count.2022-04-17_13-05-36.txt	15.331205	-0.17215861
SJHGG011_D	WU-Harmonization-PCGP-UNSTRANDED_RSEM_gene_count.2022-04-17_13-05-36.txt	15.884814	-0.29224965
SJHGG012_D	WU-Harmonization-PCGP-UNSTRANDED_RSEM_gene_count.2022-04-17_13-05-36.txt	15.6112995	-0.48995388
SJHGG013_D	WU-Harmonization-PCGP-UNSTRANDED_RSEM_gene_count.2022-04-17_13-05-36.txt	15.47532	-0.379799
SJHGG015_D	WU-Harmonization-PCGP-UNSTRANDED_RSEM_gene_count.2022-04-17_13-05-36.txt	15.855744	1.2383428
SJHGG016_D	WU-Harmonization-PCGP-UNSTRANDED_RSEM_gene_count.2022-04-17_13-05-36.txt	17.120193	-0.21776995
SJHGG017_D	WU-Harmonization-PCGP-UNSTRANDED_RSEM_gene_count.2022-04-17_13-05-36.txt	16.482203	1.3801126
SJHGG019_S	WU-Harmonization-PCGP-UNSTRANDED_RSEM_gene_count.2022-04-17_13-05-36.txt	16.657999	-0.38820222
SJHGG021_D	WU-Harmonization-PCGP-UNSTRANDED_RSEM_gene_count.2022-04-17_13-05-36.txt	16.160534	1.2034347
SJHGG024_D	WU-Harmonization-PCGP-UNSTRANDED_RSEM_gene_count.2022-04-17_13-05-36.txt	15.470583	-0.34221753
SJHGG024_R	WU-Harmonization-PCGP-UNSTRANDED_RSEM_gene_count.2022-04-17_13-05-36.txt	15.453308	0.04390859
SJHGG026_D	WU-Harmonization-PCGP-UNSTRANDED_RSEM_gene_count.2022-04-17_13-05-36.txt	18.578365	-2.9496555
SJHGG027_D	WU-Harmonization-PCGP-UNSTRANDED_RSEM_gene_count.2022-04-17_13-05-36.txt	16.05959	0.0071063563
SJHGG028_D	WU-Harmonization-PCGP-UNSTRANDED_RSEM_gene_count.2022-04-17_13-05-36.txt	16.21251	-0.38740402
SJHGG031_D	WU-Harmonization-PCGP-UNSTRANDED_RSEM_gene_count.2022-04-17_13-05-36.txt	16.30995	-0.3988929
SJHGG032_D	WU-Harmonization-PCGP-UNSTRANDED_RSEM_gene_count.2022-04-17_13-05-36.txt	16.682508	1.4891207
SJHGG033_D	WU-Harmonization-PCGP-UNSTRANDED_RSEM_gene_count.2022-04-17_13-05-36.txt	17.014187	-0.10167838
SJHGG034_D	WU-Harmonization-PCGP-UNSTRANDED_RSEM_gene_count.2022-04-17_13-05-36.txt	16.04753	-0.1656519
SJHGG035_D	WU-Harmonization-PCGP-UNSTRANDED_RSEM_gene_count.2022-04-17_13-05-36.txt	15.832976	-0.5780099
SJHGG039_D	WU-Harmonization-PCGP-UNSTRANDED_RSEM_gene_count.2022-04-17_13-05-36.txt	16.924562	-0.04219919
SJHGG041_D	WU-Harmonization-PCGP-UNSTRANDED_RSEM_gene_count.2022-04-17_13-05-36.txt	15.925156	-0.49493682
SJHGG042_D	WU-Harmonization-PCGP-UNSTRANDED_RSEM_gene_count.2022-04-17_13-05-36.txt	15.383728	-0.29818404
SJHGG043_D	WU-Harmonization-PCGP-UNSTRANDED_RSEM_gene_count.2022-04-17_13-05-36.txt	16.361013	1.9987327
SJHGG045_A	WU-Harmonization-PCGP-UNSTRANDED_RSEM_gene_count.2022-04-17_13-05-36.txt	15.833327	-0.3414162
SJHGG047_A	WU-Harmonization-PCGP-UNSTRANDED_RSEM_gene_count.2022-04-17_13-05-36.txt	16.05273	-0.6983571
SJHGG048_A	WU-Harmonization-PCGP-UNSTRANDED_RSEM_gene_count.2022-04-17_13-05-36.txt	15.729706	-0.4541922
SJHGG049_A	WU-Harmonization-PCGP-UNSTRANDED_RSEM_gene_count.2022-04-17_13-05-36.txt	16.208464	-0.17274025
SJHGG050_A	WU-Harmonization-PCGP-UNSTRANDED_RSEM_gene_count.2022-04-17_13-05-36.txt	16.441044	-0.20930688
SJHGG052_A	WU-Harmonization-PCGP-UNSTRANDED_RSEM_gene_count.2022-04-17_13-05-36.txt	16.777418	-0.8421801
SJHGG057_A	WU-Harmonization-PCGP-UNSTRANDED_RSEM_gene_count.2022-04-17_13-05-36.txt	16.309204	-0.25860414
SJHGG058_A	WU-Harmonization-PCGP-UNSTRANDED_RSEM_gene_count.2022-04-17_13-05-36.txt	16.171125	-0.22180234
SJHGG059_A	WU-Harmonization-PCGP-UNSTRANDED_RSEM_gene_count.2022-04-17_13-05-36.txt	15.843771	-0.56876034
SJHGG060_A	WU-Harmonization-PCGP-UNSTRANDED_RSEM_gene_count.2022-04-17_13-05-36.txt	16.032959	-0.62678415
SJHGG062_A	WU-Harmonization-PCGP-UNSTRANDED_RSEM_gene_count.2022-04-17_13-05-36.txt	16.16478	-0.28238076
SJHGG064_A	WU-Harmonization-PCGP-UNSTRANDED_RSEM_gene_count.2022-04-17_13-05-36.txt	15.917165	-0.63124204
SJHGG066_A	WU-Harmonization-PCGP-UNSTRANDED_RSEM_gene_count.2022-04-17_13-05-36.txt	15.844458	-0.009092023
SJHGG070_A	WU-Harmonization-PCGP-UNSTRANDED_RSEM_gene_count.2022-04-17_13-05-36.txt	16.148813	-0.27444458
SJHGG073_A	WU-Harmonization-PCGP-UNSTRANDED_RSEM_gene_count.2022-04-17_13-05-36.txt	16.196579	-0.58475405
SJHGG075_A	WU-Harmonization-PCGP-UNSTRANDED_RSEM_gene_count.2022-04-17_13-05-36.txt	16.741291	1.7309281
SJHGG081_D	WU-Harmonization-PCGP-UNSTRANDED_RSEM_gene_count.2022-04-17_13-05-36.txt	15.388948	-0.26879084
SJHGG082_D	WU-Harmonization-PCGP-UNSTRANDED_RSEM_gene_count.2022-04-17_13-05-36.txt	17.146896	-0.32105032
SJHGG083_D	WU-Harmonization-PCGP-UNSTRANDED_RSEM_gene_count.2022-04-17_13-05-36.txt	16.369034	-0.04539704
SJHGG087_D	WU-Harmonization-PCGP-UNSTRANDED_RSEM_gene_count.2022-04-17_13-05-36.txt	17.09637	-0.2183435
SJHGG089_A	WU-Harmonization-PCGP-UNSTRANDED_RSEM_gene_count.2022-04-17_13-05-36.txt	17.065159	0.9606791
SJHGG090_D	WU-Harmonization-PCGP-UNSTRANDED_RSEM_gene_count.2022-04-17_13-05-36.txt	17.179497	-0.27615607
SJHGG091_D	WU-Harmonization-PCGP-UNSTRANDED_RSEM_gene_count.2022-04-17_13-05-36.txt	16.221664	0.20767416
SJHGG094_D	WU-Harmonization-PCGP-UNSTRANDED_RSEM_gene_count.2022-04-17_13-05-36.txt	17.007143	-0.1720345
SJHGG096_D	WU-Harmonization-PCGP-UNSTRANDED_RSEM_gene_count.2022-04-17_13-05-36.txt	17.047163	0.5085438
SJHGG099_D	WU-Harmonization-PCGP-UNSTRANDED_RSEM_gene_count.2022-04-17_13-05-36.txt	17.126534	-0.28453994
SJHGG101_A	WU-Harmonization-PCGP-UNSTRANDED_RSEM_gene_count.2022-04-17_13-05-36.txt	15.996617	0.83937544
SJHGG101_X	WU-Harmonization-PCGP-UNSTRANDED_RSEM_gene_count.2022-04-17_13-05-36.txt	15.687338	0.38361236
SJHGG102_D	WU-Harmonization-PCGP-UNSTRANDED_RSEM_gene_count.2022-04-17_13-05-36.txt	16.117327	-0.27165177
SJHGG103_D	WU-Harmonization-PCGP-UNSTRANDED_RSEM_gene_count.2022-04-17_13-05-36.txt	15.865003	1.4638592
SJHGG103_X	WU-Harmonization-PCGP-UNSTRANDED_RSEM_gene_count.2022-04-17_13-05-36.txt	15.618608	0.08534257
SJHGG107_D	WU-Harmonization-PCGP-UNSTRANDED_RSEM_gene_count.2022-04-17_13-05-36.txt	17.076777	-0.37854382
SJHGG112_D	WU-Harmonization-PCGP-UNSTRANDED_RSEM_gene_count.2022-04-17_13-05-36.txt	15.640547	-0.563177
SJHGG112_R	WU-Harmonization-PCGP-UNSTRANDED_RSEM_gene_count.2022-04-17_13-05-36.txt	15.586706	-0.5000604
SJHGG115_D	WU-Harmonization-PCGP-UNSTRANDED_RSEM_gene_count.2022-04-17_13-05-36.txt	16.571318	-0.6423327
SJHGG115_R	WU-Harmonization-PCGP-UNSTRANDED_RSEM_gene_count.2022-04-17_13-05-36.txt	16.610006	-0.34103084
SJHGG127_D	WU-Harmonization-PCGP-UNSTRANDED_RSEM_gene_count.2022-04-17_13-05-36.txt	16.091516	0.49137753
SJHGG129_D	WU-Harmonization-PCGP-UNSTRANDED_RSEM_gene_count.2022-04-17_13-05-36.txt	15.710505	1.6199648
SJHGG136_D	WU-Harmonization-PCGP-UNSTRANDED_RSEM_gene_count.2022-04-17_13-05-36.txt	15.516805	-0.2773352
SJHGG137_D	WU-Harmonization-PCGP-UNSTRANDED_RSEM_gene_count.2022-04-17_13-05-36.txt	15.503981	-0.39584786
SJHGG138_D	WU-Harmonization-PCGP-UNSTRANDED_RSEM_gene_count.2022-04-17_13-05-36.txt	16.81601	-0.24606891
SJHGG139_D	WU-Harmonization-PCGP-UNSTRANDED_RSEM_gene_count.2022-04-17_13-05-36.txt	15.674328	-0.052346274
SJHGG140_D	WU-Harmonization-PCGP-UNSTRANDED_RSEM_gene_count.2022-04-17_13-05-36.txt	15.253403	2.0922184
SJHGG141_D	WU-Harmonization-PCGP-UNSTRANDED_RSEM_gene_count.2022-04-17_13-05-36.txt	16.278715	0.16459809
SJHGG142_D	WU-Harmonization-PCGP-UNSTRANDED_RSEM_gene_count.2022-04-17_13-05-36.txt	16.61184	-0.6719261
SJHGG143_A	WU-Harmonization-PCGP-UNSTRANDED_RSEM_gene_count.2022-04-17_13-05-36.txt	16.759787	1.3904623
SJHGG144_A	WU-Harmonization-PCGP-UNSTRANDED_RSEM_gene_count.2022-04-17_13-05-36.txt	16.0516	-0.038196016
SJHGG145_D	WU-Harmonization-PCGP-UNSTRANDED_RSEM_gene_count.2022-04-17_13-05-36.txt	15.924615	0.3742187
SJHGG146_D	WU-Harmonization-PCGP-UNSTRANDED_RSEM_gene_count.2022-04-17_13-05-36.txt	15.835434	-0.52883494
SJHYPER025_D	WU-Harmonization-PCGP-UNSTRANDED_RSEM_gene_count.2022-04-17_13-05-36.txt	0.312365	2.7630355
SJHYPER146_D	WU-Harmonization-PCGP-UNSTRANDED_RSEM_gene_count.2022-04-17_13-05-36.txt	-4.97158	2.0276406
SJHYPO020_D	WU-Harmonization-PCGP-UNSTRANDED_RSEM_gene_count.2022-04-17_13-05-36.txt	0.056557857	2.521692
SJHYPO107_D	WU-Harmonization-PCGP-UNSTRANDED_RSEM_gene_count.2022-04-17_13-05-36.txt	0.23456591	1.8682735
SJHYPO108_D	WU-Harmonization-PCGP-UNSTRANDED_RSEM_gene_count.2022-04-17_13-05-36.txt	0.17404538	1.9353591
SJHYPO112_D	WU-Harmonization-PCGP-UNSTRANDED_RSEM_gene_count.2022-04-17_13-05-36.txt	-4.794622	2.0575686
SJHYPO121_D	WU-Harmonization-PCGP-UNSTRANDED_RSEM_gene_count.2022-04-17_13-05-36.txt	-0.47864297	2.3606415
SJHYPO147_D	WU-Harmonization-PCGP-UNSTRANDED_RSEM_gene_count.2022-04-17_13-05-36.txt	-0.37922063	2.354329
SJHYPO151_D	WU-Harmonization-PCGP-UNSTRANDED_RSEM_gene_count.2022-04-17_13-05-36.txt	0.0011164363	2.1625888
SJINF001102_D1	WU-Harmonization-PCGP-UNSTRANDED_RSEM_gene_count.2022-04-17_13-05-36.txt	-2.0067313	2.6744514
SJINF001_E	WU-Harmonization-PCGP-UNSTRANDED_RSEM_gene_count.2022-04-17_13-05-36.txt	-3.8517063	2.7840948
SJINF001_S	WU-Harmonization-PCGP-UNSTRANDED_RSEM_gene_count.2022-04-17_13-05-36.txt	-3.7826436	2.7030497
SJINF002_E	WU-Harmonization-PCGP-UNSTRANDED_RSEM_gene_count.2022-04-17_13-05-36.txt	-1.9942845	2.4936256
SJINF002_S	WU-Harmonization-PCGP-UNSTRANDED_RSEM_gene_count.2022-04-17_13-05-36.txt	-1.47801	2.7195408
SJINF003_D	WU-Harmonization-PCGP-UNSTRANDED_RSEM_gene_count.2022-04-17_13-05-36.txt	-1.5869626	2.7123537
SJINF004_D	WU-Harmonization-PCGP-UNSTRANDED_RSEM_gene_count.2022-04-17_13-05-36.txt	-3.694232	2.1302607
SJINF005_D	WU-Harmonization-PCGP-UNSTRANDED_RSEM_gene_count.2022-04-17_13-05-36.txt	0.4132967	10.1236315
SJINF006_D	WU-Harmonization-PCGP-UNSTRANDED_RSEM_gene_count.2022-04-17_13-05-36.txt	-1.5519136	2.7077112
SJINF008_D	WU-Harmonization-PCGP-UNSTRANDED_RSEM_gene_count.2022-04-17_13-05-36.txt	-1.8761537	2.4585435
SJINF009_D	WU-Harmonization-PCGP-UNSTRANDED_RSEM_gene_count.2022-04-17_13-05-36.txt	-1.5673943	2.7153492
SJINF010_D	WU-Harmonization-PCGP-UNSTRANDED_RSEM_gene_count.2022-04-17_13-05-36.txt	-1.884747	2.5154808
SJINF011_D	WU-Harmonization-PCGP-UNSTRANDED_RSEM_gene_count.2022-04-17_13-05-36.txt	-2.028338	2.6511557
SJINF012_D	WU-Harmonization-PCGP-UNSTRANDED_RSEM_gene_count.2022-04-17_13-05-36.txt	-3.5849423	2.3486452
SJINF013_D	WU-Harmonization-PCGP-UNSTRANDED_RSEM_gene_count.2022-04-17_13-05-36.txt	-3.801858	2.6035497
SJINF014_D	WU-Harmonization-PCGP-UNSTRANDED_RSEM_gene_count.2022-04-17_13-05-36.txt	-3.697038	2.6233726
SJINF015_D	WU-Harmonization-PCGP-UNSTRANDED_RSEM_gene_count.2022-04-17_13-05-36.txt	-3.7599714	2.092848
SJINF016_D	WU-Harmonization-PCGP-UNSTRANDED_RSEM_gene_count.2022-04-17_13-05-36.txt	-3.6411572	2.515651
SJINF017_D	WU-Harmonization-PCGP-UNSTRANDED_RSEM_gene_count.2022-04-17_13-05-36.txt	-3.6950374	2.5827978
SJINF018_D	WU-Harmonization-PCGP-UNSTRANDED_RSEM_gene_count.2022-04-17_13-05-36.txt	-3.6461506	2.496835
SJINF019_D	WU-Harmonization-PCGP-UNSTRANDED_RSEM_gene_count.2022-04-17_13-05-36.txt	-1.5136037	2.6774697
SJINF020_D	WU-Harmonization-PCGP-UNSTRANDED_RSEM_gene_count.2022-04-17_13-05-36.txt	-2.0343654	2.6490557
SJINF021_D	WU-Harmonization-PCGP-UNSTRANDED_RSEM_gene_count.2022-04-17_13-05-36.txt	-1.4080818	2.6682756
SJINF022_D	WU-Harmonization-PCGP-UNSTRANDED_RSEM_gene_count.2022-04-17_13-05-36.txt	-3.6334069	2.4046776
SJINF049_D	WU-Harmonization-PCGP-UNSTRANDED_RSEM_gene_count.2022-04-17_13-05-36.txt	0.112592	1.5152584
SJINF053_D	WU-Harmonization-PCGP-UNSTRANDED_RSEM_gene_count.2022-04-17_13-05-36.txt	-1.9115927	2.552435
SJINF055_D	WU-Harmonization-PCGP-UNSTRANDED_RSEM_gene_count.2022-04-17_13-05-36.txt	-3.8227515	2.7460518
SJINF059_D	WU-Harmonization-PCGP-UNSTRANDED_RSEM_gene_count.2022-04-17_13-05-36.txt	-3.576135	2.5360322
SJINF060_D	WU-Harmonization-PCGP-UNSTRANDED_RSEM_gene_count.2022-04-17_13-05-36.txt	-3.6107628	2.6050413
SJINF060_R	WU-Harmonization-PCGP-UNSTRANDED_RSEM_gene_count.2022-04-17_13-05-36.txt	-3.5521498	2.4912364
SJINF061_D	WU-Harmonization-PCGP-UNSTRANDED_RSEM_gene_count.2022-04-17_13-05-36.txt	1.4923356	10.195981
SJINF061_R	WU-Harmonization-PCGP-UNSTRANDED_RSEM_gene_count.2022-04-17_13-05-36.txt	1.4861763	10.239199
SJINF062_D	WU-Harmonization-PCGP-UNSTRANDED_RSEM_gene_count.2022-04-17_13-05-36.txt	-3.8212755	2.785657
SJINF063_D	WU-Harmonization-PCGP-UNSTRANDED_RSEM_gene_count.2022-04-17_13-05-36.txt	-2.0573905	2.6880336
SJINF064_D	WU-Harmonization-PCGP-UNSTRANDED_RSEM_gene_count.2022-04-17_13-05-36.txt	-3.7620227	2.6748555
SJINF065_R	WU-Harmonization-PCGP-UNSTRANDED_RSEM_gene_count.2022-04-17_13-05-36.txt	-1.4738644	2.7533438
SJINF066_D	WU-Harmonization-PCGP-UNSTRANDED_RSEM_gene_count.2022-04-17_13-05-36.txt	-1.4331179	2.7087545
SJINF067_D	WU-Harmonization-PCGP-UNSTRANDED_RSEM_gene_count.2022-04-17_13-05-36.txt	-4.9337273	1.9749426
SJINF068_D	WU-Harmonization-PCGP-UNSTRANDED_RSEM_gene_count.2022-04-17_13-05-36.txt	-3.8650632	2.7827744
SJINF068_F	WU-Harmonization-PCGP-UNSTRANDED_RSEM_gene_count.2022-04-17_13-05-36.txt	-3.8477902	2.7382464
SJINF069_D	WU-Harmonization-PCGP-UNSTRANDED_RSEM_gene_count.2022-04-17_13-05-36.txt	-3.8191235	2.7179136
SJINF070_D	WU-Harmonization-PCGP-UNSTRANDED_RSEM_gene_count.2022-04-17_13-05-36.txt	1.2070993	10.39955
SJINF071_D	WU-Harmonization-PCGP-UNSTRANDED_RSEM_gene_count.2022-04-17_13-05-36.txt	-3.9333882	2.6820028
SJINF073_D	WU-Harmonization-PCGP-UNSTRANDED_RSEM_gene_count.2022-04-17_13-05-36.txt	-2.0116334	2.4070466
SJINF073_R	WU-Harmonization-PCGP-UNSTRANDED_RSEM_gene_count.2022-04-17_13-05-36.txt	-1.4615556	2.737363
SJINF074_D	WU-Harmonization-PCGP-UNSTRANDED_RSEM_gene_count.2022-04-17_13-05-36.txt	0.12385078	1.5368148
SJINF075_D	WU-Harmonization-PCGP-UNSTRANDED_RSEM_gene_count.2022-04-17_13-05-36.txt	-3.8116813	2.752055
SJLGG001206_D1	WU-Harmonization-PCGP-UNSTRANDED_RSEM_gene_count.2022-04-17_13-05-36.txt	16.852388	1.5165193
SJLGG001211_D1	WU-Harmonization-PCGP-UNSTRANDED_RSEM_gene_count.2022-04-17_13-05-36.txt	16.872648	0.22316934
SJLGG001212_D1	WU-Harmonization-PCGP-UNSTRANDED_RSEM_gene_count.2022-04-17_13-05-36.txt	17.076315	0.5392214
SJLGG001220_D1	WU-Harmonization-PCGP-UNSTRANDED_RSEM_gene_count.2022-04-17_13-05-36.txt	16.305609	2.0520341
SJLGG001259_D1	WU-Harmonization-PCGP-UNSTRANDED_RSEM_gene_count.2022-04-17_13-05-36.txt	17.081219	0.8012417
SJLGG001262_D1	WU-Harmonization-PCGP-UNSTRANDED_RSEM_gene_count.2022-04-17_13-05-36.txt	17.079016	0.73419714
SJLGG001264_D1	WU-Harmonization-PCGP-UNSTRANDED_RSEM_gene_count.2022-04-17_13-05-36.txt	16.53492	0.48147595
SJLGG001268_D1	WU-Harmonization-PCGP-UNSTRANDED_RSEM_gene_count.2022-04-17_13-05-36.txt	16.792831	-0.61715513
SJLGG001270_D1	WU-Harmonization-PCGP-UNSTRANDED_RSEM_gene_count.2022-04-17_13-05-36.txt	16.62819	1.7837162
SJLGG001271_D1	WU-Harmonization-PCGP-UNSTRANDED_RSEM_gene_count.2022-04-17_13-05-36.txt	15.971091	1.2642362
SJLGG001272_D1	WU-Harmonization-PCGP-UNSTRANDED_RSEM_gene_count.2022-04-17_13-05-36.txt	17.09837	0.17017223
SJLGG001278_D1	WU-Harmonization-PCGP-UNSTRANDED_RSEM_gene_count.2022-04-17_13-05-36.txt	16.585686	1.4532853
SJLGG001_D	WU-Harmonization-PCGP-UNSTRANDED_RSEM_gene_count.2022-04-17_13-05-36.txt	16.642813	0.62619215
SJLGG002_D	WU-Harmonization-PCGP-UNSTRANDED_RSEM_gene_count.2022-04-17_13-05-36.txt	17.124502	0.93101203
SJLGG003_D	WU-Harmonization-PCGP-UNSTRANDED_RSEM_gene_count.2022-04-17_13-05-36.txt	17.00961	0.20068416
SJLGG004_D	WU-Harmonization-PCGP-UNSTRANDED_RSEM_gene_count.2022-04-17_13-05-36.txt	16.640388	0.3226743
SJLGG005_D	WU-Harmonization-PCGP-UNSTRANDED_RSEM_gene_count.2022-04-17_13-05-36.txt	16.068804	1.6827031
SJLGG006_D	WU-Harmonization-PCGP-UNSTRANDED_RSEM_gene_count.2022-04-17_13-05-36.txt	16.834053	1.5603036
SJLGG006_R	WU-Harmonization-PCGP-UNSTRANDED_RSEM_gene_count.2022-04-17_13-05-36.txt	16.907476	1.3770694
SJLGG007_D	WU-Harmonization-PCGP-UNSTRANDED_RSEM_gene_count.2022-04-17_13-05-36.txt	17.075205	0.08822364
SJLGG008_D	WU-Harmonization-PCGP-UNSTRANDED_RSEM_gene_count.2022-04-17_13-05-36.txt	16.520971	0.5073802
SJLGG009_D	WU-Harmonization-PCGP-UNSTRANDED_RSEM_gene_count.2022-04-17_13-05-36.txt	17.15776	0.9192735
SJLGG010129_D1	WU-Harmonization-PCGP-UNSTRANDED_RSEM_gene_count.2022-04-17_13-05-36.txt	16.026217	1.1865114
SJLGG010130_D1	WU-Harmonization-PCGP-UNSTRANDED_RSEM_gene_count.2022-04-17_13-05-36.txt	15.814862	1.978446
SJLGG010669_D1	WU-Harmonization-PCGP-UNSTRANDED_RSEM_gene_count.2022-04-17_13-05-36.txt	16.899563	1.4756489
SJLGG010670_D1	WU-Harmonization-PCGP-UNSTRANDED_RSEM_gene_count.2022-04-17_13-05-36.txt	17.025118	1.1658033
SJLGG010671_D1	WU-Harmonization-PCGP-UNSTRANDED_RSEM_gene_count.2022-04-17_13-05-36.txt	15.901048	1.5591637
SJLGG010672_D1	WU-Harmonization-PCGP-UNSTRANDED_RSEM_gene_count.2022-04-17_13-05-36.txt	15.845741	1.6770136
SJLGG010673_D1	WU-Harmonization-PCGP-UNSTRANDED_RSEM_gene_count.2022-04-17_13-05-36.txt	15.805849	1.9237146
SJLGG010674_D1	WU-Harmonization-PCGP-UNSTRANDED_RSEM_gene_count.2022-04-17_13-05-36.txt	16.957506	1.1796495
SJLGG010675_D1	WU-Harmonization-PCGP-UNSTRANDED_RSEM_gene_count.2022-04-17_13-05-36.txt	16.509193	0.10883098
SJLGG010676_D1	WU-Harmonization-PCGP-UNSTRANDED_RSEM_gene_count.2022-04-17_13-05-36.txt	16.41789	0.4284983
SJLGG010677_D1	WU-Harmonization-PCGP-UNSTRANDED_RSEM_gene_count.2022-04-17_13-05-36.txt	16.761328	1.7398539
SJLGG010678_D1	WU-Harmonization-PCGP-UNSTRANDED_RSEM_gene_count.2022-04-17_13-05-36.txt	15.810494	1.726772
SJLGG010679_D1	WU-Harmonization-PCGP-UNSTRANDED_RSEM_gene_count.2022-04-17_13-05-36.txt	15.960952	1.5234475
SJLGG010680_D1	WU-Harmonization-PCGP-UNSTRANDED_RSEM_gene_count.2022-04-17_13-05-36.txt	16.531046	1.924623
SJLGG010_D	WU-Harmonization-PCGP-UNSTRANDED_RSEM_gene_count.2022-04-17_13-05-36.txt	17.15883	0.87653035
SJLGG011283_D1	WU-Harmonization-PCGP-UNSTRANDED_RSEM_gene_count.2022-04-17_13-05-36.txt	17.087053	-0.050439384
SJLGG011284_D1	WU-Harmonization-PCGP-UNSTRANDED_RSEM_gene_count.2022-04-17_13-05-36.txt	15.916283	1.6353734
SJLGG011285_D1	WU-Harmonization-PCGP-UNSTRANDED_RSEM_gene_count.2022-04-17_13-05-36.txt	16.205683	1.2299232
SJLGG011286_D1	WU-Harmonization-PCGP-UNSTRANDED_RSEM_gene_count.2022-04-17_13-05-36.txt	16.7012	1.8208941
SJLGG011287_D1	WU-Harmonization-PCGP-UNSTRANDED_RSEM_gene_count.2022-04-17_13-05-36.txt	16.584534	0.11953422
SJLGG011288_D1	WU-Harmonization-PCGP-UNSTRANDED_RSEM_gene_count.2022-04-17_13-05-36.txt	16.2022	1.1639493
SJLGG011289_D1	WU-Harmonization-PCGP-UNSTRANDED_RSEM_gene_count.2022-04-17_13-05-36.txt	17.119497	0.076422565
SJLGG011290_D1	WU-Harmonization-PCGP-UNSTRANDED_RSEM_gene_count.2022-04-17_13-05-36.txt	16.72312	1.820231
SJLGG011_D	WU-Harmonization-PCGP-UNSTRANDED_RSEM_gene_count.2022-04-17_13-05-36.txt	16.63537	0.37067097
SJLGG012_D	WU-Harmonization-PCGP-UNSTRANDED_RSEM_gene_count.2022-04-17_13-05-36.txt	17.125628	0.8498894
SJLGG015_D	WU-Harmonization-PCGP-UNSTRANDED_RSEM_gene_count.2022-04-17_13-05-36.txt	16.55575	0.6418935
SJLGG016_D	WU-Harmonization-PCGP-UNSTRANDED_RSEM_gene_count.2022-04-17_13-05-36.txt	17.021109	1.2182188
SJLGG018_D	WU-Harmonization-PCGP-UNSTRANDED_RSEM_gene_count.2022-04-17_13-05-36.txt	17.164082	0.8972926
SJLGG025_D	WU-Harmonization-PCGP-UNSTRANDED_RSEM_gene_count.2022-04-17_13-05-36.txt	16.745258	0.4394044
SJLGG030_D	WU-Harmonization-PCGP-UNSTRANDED_RSEM_gene_count.2022-04-17_13-05-36.txt	17.097124	0.8470963
SJLGG031_D	WU-Harmonization-PCGP-UNSTRANDED_RSEM_gene_count.2022-04-17_13-05-36.txt	16.643297	0.29533234
SJLGG033_D	WU-Harmonization-PCGP-UNSTRANDED_RSEM_gene_count.2022-04-17_13-05-36.txt	16.64908	1.7581679
SJLGG034_D	WU-Harmonization-PCGP-UNSTRANDED_RSEM_gene_count.2022-04-17_13-05-36.txt	16.744215	1.540771
SJLGG035_D	WU-Harmonization-PCGP-UNSTRANDED_RSEM_gene_count.2022-04-17_13-05-36.txt	16.055376	0.89245766
SJLGG036_D	WU-Harmonization-PCGP-UNSTRANDED_RSEM_gene_count.2022-04-17_13-05-36.txt	16.671717	1.6639255
SJLGG037_D	WU-Harmonization-PCGP-UNSTRANDED_RSEM_gene_count.2022-04-17_13-05-36.txt	16.690264	1.5424258
SJLGG038_D	WU-Harmonization-PCGP-UNSTRANDED_RSEM_gene_count.2022-04-17_13-05-36.txt	16.815006	-0.15409254
SJLGG039_D	WU-Harmonization-PCGP-UNSTRANDED_RSEM_gene_count.2022-04-17_13-05-36.txt	16.706322	0.41111234
SJLGG040_D	WU-Harmonization-PCGP-UNSTRANDED_RSEM_gene_count.2022-04-17_13-05-36.txt	15.993687	1.1240238
SJLGG042_D	WU-Harmonization-PCGP-UNSTRANDED_RSEM_gene_count.2022-04-17_13-05-36.txt	16.59104	0.5098536
SJLGG044_D	WU-Harmonization-PCGP-UNSTRANDED_RSEM_gene_count.2022-04-17_13-05-36.txt	15.9408865	1.3608084
SJLGG045_D	WU-Harmonization-PCGP-UNSTRANDED_RSEM_gene_count.2022-04-17_13-05-36.txt	16.404385	2.0448637
SJLGG046_D	WU-Harmonization-PCGP-UNSTRANDED_RSEM_gene_count.2022-04-17_13-05-36.txt	16.094658	0.9767285
SJLGG047_D	WU-Harmonization-PCGP-UNSTRANDED_RSEM_gene_count.2022-04-17_13-05-36.txt	17.946798	-3.7130873
SJLGG048_D	WU-Harmonization-PCGP-UNSTRANDED_RSEM_gene_count.2022-04-17_13-05-36.txt	16.003227	1.1276497
SJLGG049_D	WU-Harmonization-PCGP-UNSTRANDED_RSEM_gene_count.2022-04-17_13-05-36.txt	16.831242	1.5926796
SJLGG050_D	WU-Harmonization-PCGP-UNSTRANDED_RSEM_gene_count.2022-04-17_13-05-36.txt	15.897777	1.4681541
SJLGG051_D	WU-Harmonization-PCGP-UNSTRANDED_RSEM_gene_count.2022-04-17_13-05-36.txt	16.00124	1.3008157
SJLGG052_D	WU-Harmonization-PCGP-UNSTRANDED_RSEM_gene_count.2022-04-17_13-05-36.txt	16.95283	1.3869038
SJLGG053_D	WU-Harmonization-PCGP-UNSTRANDED_RSEM_gene_count.2022-04-17_13-05-36.txt	15.9996805	1.2596598
SJLGG054_D	WU-Harmonization-PCGP-UNSTRANDED_RSEM_gene_count.2022-04-17_13-05-36.txt	17.895988	-3.6533108
SJLGG055_D	WU-Harmonization-PCGP-UNSTRANDED_RSEM_gene_count.2022-04-17_13-05-36.txt	16.58853	1.2263675
SJLGG061_D	WU-Harmonization-PCGP-UNSTRANDED_RSEM_gene_count.2022-04-17_13-05-36.txt	17.035942	0.89383334
SJLGG064_D	WU-Harmonization-PCGP-UNSTRANDED_RSEM_gene_count.2022-04-17_13-05-36.txt	16.134523	1.0941019
SJLGG065_D	WU-Harmonization-PCGP-UNSTRANDED_RSEM_gene_count.2022-04-17_13-05-36.txt	15.9188795	1.3341076
SJLGG065_R	WU-Harmonization-PCGP-UNSTRANDED_RSEM_gene_count.2022-04-17_13-05-36.txt	15.902294	1.2111992
SJMB025_D	WU-Harmonization-PCGP-UNSTRANDED_RSEM_gene_count.2022-04-17_13-05-36.txt	14.434938	2.774107
SJMB026_D	WU-Harmonization-PCGP-UNSTRANDED_RSEM_gene_count.2022-04-17_13-05-36.txt	14.873843	2.389832
SJMB030_D	WU-Harmonization-PCGP-UNSTRANDED_RSEM_gene_count.2022-04-17_13-05-36.txt	14.490883	2.7210016
SJMB031_D	WU-Harmonization-PCGP-UNSTRANDED_RSEM_gene_count.2022-04-17_13-05-36.txt	14.412853	2.7926695
SJMB052_D	WU-Harmonization-PCGP-UNSTRANDED_RSEM_gene_count.2022-04-17_13-05-36.txt	14.412155	2.7966735
SJMB087_D	WU-Harmonization-PCGP-UNSTRANDED_RSEM_gene_count.2022-04-17_13-05-36.txt	14.458244	2.750383
SJMB122_D	WU-Harmonization-PCGP-UNSTRANDED_RSEM_gene_count.2022-04-17_13-05-36.txt	14.434494	2.7674437
SJMB139_D	WU-Harmonization-PCGP-UNSTRANDED_RSEM_gene_count.2022-04-17_13-05-36.txt	14.374776	2.8252897
SJMEL001002_D1	WU-Harmonization-PCGP-UNSTRANDED_RSEM_gene_count.2022-04-17_13-05-36.txt	12.481684	9.30826
SJMEL001003_D1	WU-Harmonization-PCGP-UNSTRANDED_RSEM_gene_count.2022-04-17_13-05-36.txt	12.521153	9.222638
SJMEL001003_D2	WU-Harmonization-PCGP-UNSTRANDED_RSEM_gene_count.2022-04-17_13-05-36.txt	12.524441	9.287669
SJMEL001004_D1	WU-Harmonization-PCGP-UNSTRANDED_RSEM_gene_count.2022-04-17_13-05-36.txt	12.478454	9.262319
SJMEL001004_D2	WU-Harmonization-PCGP-UNSTRANDED_RSEM_gene_count.2022-04-17_13-05-36.txt	12.474263	9.266895
SJMEL001005_D1	WU-Harmonization-PCGP-UNSTRANDED_RSEM_gene_count.2022-04-17_13-05-36.txt	12.425534	9.250477
SJMEL001030_D1	WU-Harmonization-PCGP-UNSTRANDED_RSEM_gene_count.2022-04-17_13-05-36.txt	12.513471	9.428762
SJMEL001032_D1	WU-Harmonization-PCGP-UNSTRANDED_RSEM_gene_count.2022-04-17_13-05-36.txt	12.538367	9.498431
SJMEL001033_D1	WU-Harmonization-PCGP-UNSTRANDED_RSEM_gene_count.2022-04-17_13-05-36.txt	12.535965	9.642992
SJMEL011755_M1	WU-Harmonization-PCGP-UNSTRANDED_RSEM_gene_count.2022-04-17_13-05-36.txt	12.455972	9.325016
SJMLL001_D	WU-Harmonization-PCGP-UNSTRANDED_RSEM_gene_count.2022-04-17_13-05-36.txt	1.4146951	11.704954
SJMLL002_D	WU-Harmonization-PCGP-UNSTRANDED_RSEM_gene_count.2022-04-17_13-05-36.txt	0.447267	10.123332
SJMLL003_D	WU-Harmonization-PCGP-UNSTRANDED_RSEM_gene_count.2022-04-17_13-05-36.txt	-1.8938575	2.5764916
SJMLL005_D	WU-Harmonization-PCGP-UNSTRANDED_RSEM_gene_count.2022-04-17_13-05-36.txt	-3.597153	2.5259295
SJMLL006_D	WU-Harmonization-PCGP-UNSTRANDED_RSEM_gene_count.2022-04-17_13-05-36.txt	-2.065369	2.650695
SJMLL008_D	WU-Harmonization-PCGP-UNSTRANDED_RSEM_gene_count.2022-04-17_13-05-36.txt	1.4903704	11.323013
SJMLL009_D	WU-Harmonization-PCGP-UNSTRANDED_RSEM_gene_count.2022-04-17_13-05-36.txt	-1.7356772	2.645203
SJMLL010_D	WU-Harmonization-PCGP-UNSTRANDED_RSEM_gene_count.2022-04-17_13-05-36.txt	-2.0223134	2.6564422
SJMLL011_D	WU-Harmonization-PCGP-UNSTRANDED_RSEM_gene_count.2022-04-17_13-05-36.txt	-4.1367006	2.49099
SJMLL012_D	WU-Harmonization-PCGP-UNSTRANDED_RSEM_gene_count.2022-04-17_13-05-36.txt	0.9710805	11.257724
SJMLL013_D	WU-Harmonization-PCGP-UNSTRANDED_RSEM_gene_count.2022-04-17_13-05-36.txt	1.1183988	11.431324
SJMLL014_D	WU-Harmonization-PCGP-UNSTRANDED_RSEM_gene_count.2022-04-17_13-05-36.txt	1.2935318	11.627797
SJMLL016_D	WU-Harmonization-PCGP-UNSTRANDED_RSEM_gene_count.2022-04-17_13-05-36.txt	-4.1193714	1.3406732
SJMLL018_D	WU-Harmonization-PCGP-UNSTRANDED_RSEM_gene_count.2022-04-17_13-05-36.txt	1.2997382	11.543197
SJMLL019_D	WU-Harmonization-PCGP-UNSTRANDED_RSEM_gene_count.2022-04-17_13-05-36.txt	1.0492748	11.48523
SJMLL020_D	WU-Harmonization-PCGP-UNSTRANDED_RSEM_gene_count.2022-04-17_13-05-36.txt	1.0155513	11.201754
SJMLL021_D	WU-Harmonization-PCGP-UNSTRANDED_RSEM_gene_count.2022-04-17_13-05-36.txt	1.117734	10.91503
SJMLL022_D	WU-Harmonization-PCGP-UNSTRANDED_RSEM_gene_count.2022-04-17_13-05-36.txt	1.0309058	11.25324
SJNORM010254_G1	WU-Harmonization-PCGP-UNSTRANDED_RSEM_gene_count.2022-04-17_13-05-36.txt	13.031514	9.526499
SJNORM010254_G2	WU-Harmonization-PCGP-UNSTRANDED_RSEM_gene_count.2022-04-17_13-05-36.txt	12.918386	9.719649
SJNORM010331_G1	WU-Harmonization-PCGP-UNSTRANDED_RSEM_gene_count.2022-04-17_13-05-36.txt	-0.0040296945	9.42866
SJNORM010331_G10	WU-Harmonization-PCGP-UNSTRANDED_RSEM_gene_count.2022-04-17_13-05-36.txt	0.036007237	9.468
SJNORM010331_G11	WU-Harmonization-PCGP-UNSTRANDED_RSEM_gene_count.2022-04-17_13-05-36.txt	0.15830997	9.137156
SJNORM010331_G12	WU-Harmonization-PCGP-UNSTRANDED_RSEM_gene_count.2022-04-17_13-05-36.txt	-0.037862275	8.9815035
SJNORM010331_G13	WU-Harmonization-PCGP-UNSTRANDED_RSEM_gene_count.2022-04-17_13-05-36.txt	-0.282885	8.863771
SJNORM010331_G14	WU-Harmonization-PCGP-UNSTRANDED_RSEM_gene_count.2022-04-17_13-05-36.txt	-0.3026287	8.850035
SJNORM010331_G15	WU-Harmonization-PCGP-UNSTRANDED_RSEM_gene_count.2022-04-17_13-05-36.txt	-0.015184732	9.417975
SJNORM010331_G16	WU-Harmonization-PCGP-UNSTRANDED_RSEM_gene_count.2022-04-17_13-05-36.txt	0.013980283	9.418723
SJNORM010331_G17	WU-Harmonization-PCGP-UNSTRANDED_RSEM_gene_count.2022-04-17_13-05-36.txt	0.08560088	9.233281
SJNORM010331_G18	WU-Harmonization-PCGP-UNSTRANDED_RSEM_gene_count.2022-04-17_13-05-36.txt	0.10356007	9.137164
SJNORM010331_G19	WU-Harmonization-PCGP-UNSTRANDED_RSEM_gene_count.2022-04-17_13-05-36.txt	-0.0014019923	9.062723
SJNORM010331_G2	WU-Harmonization-PCGP-UNSTRANDED_RSEM_gene_count.2022-04-17_13-05-36.txt	0.1259828	9.127215
SJNORM010331_G20	WU-Harmonization-PCGP-UNSTRANDED_RSEM_gene_count.2022-04-17_13-05-36.txt	-0.26884568	8.8768835
SJNORM010331_G21	WU-Harmonization-PCGP-UNSTRANDED_RSEM_gene_count.2022-04-17_13-05-36.txt	-0.4069608	8.768614
SJNORM010331_G22	WU-Harmonization-PCGP-UNSTRANDED_RSEM_gene_count.2022-04-17_13-05-36.txt	-0.395577	8.782592
SJNORM010331_G24	WU-Harmonization-PCGP-UNSTRANDED_RSEM_gene_count.2022-04-17_13-05-36.txt	-0.008454316	9.435199
SJNORM010331_G25	WU-Harmonization-PCGP-UNSTRANDED_RSEM_gene_count.2022-04-17_13-05-36.txt	0.14185971	9.120694
SJNORM010331_G26	WU-Harmonization-PCGP-UNSTRANDED_RSEM_gene_count.2022-04-17_13-05-36.txt	-0.4121243	8.771215
SJNORM010331_G27	WU-Harmonization-PCGP-UNSTRANDED_RSEM_gene_count.2022-04-17_13-05-36.txt	0.01382061	9.396671
SJNORM010331_G28	WU-Harmonization-PCGP-UNSTRANDED_RSEM_gene_count.2022-04-17_13-05-36.txt	0.18195967	9.098388
SJNORM010331_G29	WU-Harmonization-PCGP-UNSTRANDED_RSEM_gene_count.2022-04-17_13-05-36.txt	-0.44478166	8.7433815
SJNORM010331_G3	WU-Harmonization-PCGP-UNSTRANDED_RSEM_gene_count.2022-04-17_13-05-36.txt	-0.103435606	9.016304
SJNORM010331_G30	WU-Harmonization-PCGP-UNSTRANDED_RSEM_gene_count.2022-04-17_13-05-36.txt	-0.0034848738	9.442089
SJNORM010331_G31	WU-Harmonization-PCGP-UNSTRANDED_RSEM_gene_count.2022-04-17_13-05-36.txt	0.09261292	9.0749
SJNORM010331_G32	WU-Harmonization-PCGP-UNSTRANDED_RSEM_gene_count.2022-04-17_13-05-36.txt	-0.38908803	8.800056
SJNORM010331_G4	WU-Harmonization-PCGP-UNSTRANDED_RSEM_gene_count.2022-04-17_13-05-36.txt	-0.37862152	8.799851
SJNORM010331_G5	WU-Harmonization-PCGP-UNSTRANDED_RSEM_gene_count.2022-04-17_13-05-36.txt	-0.3700789	8.804914
SJNORM010967_G1	WU-Harmonization-PCGP-UNSTRANDED_RSEM_gene_count.2022-04-17_13-05-36.txt	15.198137	2.1449552
SJNORM010968_G1	WU-Harmonization-PCGP-UNSTRANDED_RSEM_gene_count.2022-04-17_13-05-36.txt	16.441217	2.0204535
SJNORM010969_G1	WU-Harmonization-PCGP-UNSTRANDED_RSEM_gene_count.2022-04-17_13-05-36.txt	16.484835	2.0225518
SJNORM010970_G1	WU-Harmonization-PCGP-UNSTRANDED_RSEM_gene_count.2022-04-17_13-05-36.txt	16.37819	2.0987012
SJNORM010971_G1	WU-Harmonization-PCGP-UNSTRANDED_RSEM_gene_count.2022-04-17_13-05-36.txt	16.448526	2.059883
SJNORM010972_G1	WU-Harmonization-PCGP-UNSTRANDED_RSEM_gene_count.2022-04-17_13-05-36.txt	15.414142	2.0646882
SJNORM010973_G1	WU-Harmonization-PCGP-UNSTRANDED_RSEM_gene_count.2022-04-17_13-05-36.txt	15.2128725	2.1449583
SJNORM010974_G1	WU-Harmonization-PCGP-UNSTRANDED_RSEM_gene_count.2022-04-17_13-05-36.txt	15.399577	2.0081713
SJOS001103_D1	WU-Harmonization-PCGP-UNSTRANDED_RSEM_gene_count.2022-04-17_13-05-36.txt	12.054416	10.327546
SJOS001104_M1	WU-Harmonization-PCGP-UNSTRANDED_RSEM_gene_count.2022-04-17_13-05-36.txt	12.388776	9.974001
SJOS001105_D1	WU-Harmonization-PCGP-UNSTRANDED_RSEM_gene_count.2022-04-17_13-05-36.txt	11.919094	10.35715
SJOS001107_M1	WU-Harmonization-PCGP-UNSTRANDED_RSEM_gene_count.2022-04-17_13-05-36.txt	11.957792	10.339104
SJOS001108_M1	WU-Harmonization-PCGP-UNSTRANDED_RSEM_gene_count.2022-04-17_13-05-36.txt	11.826255	10.44688
SJOS001109_D1	WU-Harmonization-PCGP-UNSTRANDED_RSEM_gene_count.2022-04-17_13-05-36.txt	11.879035	10.362764
SJOS001111_M1	WU-Harmonization-PCGP-UNSTRANDED_RSEM_gene_count.2022-04-17_13-05-36.txt	11.820659	10.4386635
SJOS001112_D1	WU-Harmonization-PCGP-UNSTRANDED_RSEM_gene_count.2022-04-17_13-05-36.txt	11.864516	10.38792
SJOS001113_M1	WU-Harmonization-PCGP-UNSTRANDED_RSEM_gene_count.2022-04-17_13-05-36.txt	12.090404	10.227796
SJOS001116_M1	WU-Harmonization-PCGP-UNSTRANDED_RSEM_gene_count.2022-04-17_13-05-36.txt	12.272694	10.084068
SJOS001120_D1	WU-Harmonization-PCGP-UNSTRANDED_RSEM_gene_count.2022-04-17_13-05-36.txt	11.82214	10.393778
SJOS001129_M2	WU-Harmonization-PCGP-UNSTRANDED_RSEM_gene_count.2022-04-17_13-05-36.txt	12.278297	10.066859
SJOS006_D	WU-Harmonization-PCGP-UNSTRANDED_RSEM_gene_count.2022-04-17_13-05-36.txt	11.844797	10.429682
SJOS007_D	WU-Harmonization-PCGP-UNSTRANDED_RSEM_gene_count.2022-04-17_13-05-36.txt	11.837257	10.43026
SJOS008_D	WU-Harmonization-PCGP-UNSTRANDED_RSEM_gene_count.2022-04-17_13-05-36.txt	11.94513	10.31787
SJOS010_D	WU-Harmonization-PCGP-UNSTRANDED_RSEM_gene_count.2022-04-17_13-05-36.txt	11.923368	10.379244
SJOS011_D	WU-Harmonization-PCGP-UNSTRANDED_RSEM_gene_count.2022-04-17_13-05-36.txt	11.832536	10.397524
SJOS012_M	WU-Harmonization-PCGP-UNSTRANDED_RSEM_gene_count.2022-04-17_13-05-36.txt	12.4413	9.954471
SJOS013_D	WU-Harmonization-PCGP-UNSTRANDED_RSEM_gene_count.2022-04-17_13-05-36.txt	11.908049	10.32252
SJOS014_D	WU-Harmonization-PCGP-UNSTRANDED_RSEM_gene_count.2022-04-17_13-05-36.txt	11.884822	10.403195
SJOS017_D	WU-Harmonization-PCGP-UNSTRANDED_RSEM_gene_count.2022-04-17_13-05-36.txt	11.853529	10.423899
SJOS018_D	WU-Harmonization-PCGP-UNSTRANDED_RSEM_gene_count.2022-04-17_13-05-36.txt	11.865598	10.418747
SJOS019_D	WU-Harmonization-PCGP-UNSTRANDED_RSEM_gene_count.2022-04-17_13-05-36.txt	11.817045	10.452304
SJPHALL003_D	WU-Harmonization-PCGP-UNSTRANDED_RSEM_gene_count.2022-04-17_13-05-36.txt	-4.4983644	1.6702465
SJPHALL004_D	WU-Harmonization-PCGP-UNSTRANDED_RSEM_gene_count.2022-04-17_13-05-36.txt	-5.218062	1.5005177
SJPHALL005_D	WU-Harmonization-PCGP-UNSTRANDED_RSEM_gene_count.2022-04-17_13-05-36.txt	-5.0067306	1.6092505
SJPHALL006_D	WU-Harmonization-PCGP-UNSTRANDED_RSEM_gene_count.2022-04-17_13-05-36.txt	0.54104626	2.0190449
SJPHALL007_D	WU-Harmonization-PCGP-UNSTRANDED_RSEM_gene_count.2022-04-17_13-05-36.txt	-0.28288907	2.4623885
SJPHALL008_D	WU-Harmonization-PCGP-UNSTRANDED_RSEM_gene_count.2022-04-17_13-05-36.txt	0.3556643	1.8029927
SJPHALL009_D	WU-Harmonization-PCGP-UNSTRANDED_RSEM_gene_count.2022-04-17_13-05-36.txt	0.3380635	2.1712976
SJPHALL010_D	WU-Harmonization-PCGP-UNSTRANDED_RSEM_gene_count.2022-04-17_13-05-36.txt	-4.792965	1.915626
SJPHALL012_D	WU-Harmonization-PCGP-UNSTRANDED_RSEM_gene_count.2022-04-17_13-05-36.txt	-4.902169	1.7682679
SJPHALL013_D	WU-Harmonization-PCGP-UNSTRANDED_RSEM_gene_count.2022-04-17_13-05-36.txt	-0.44595617	2.5363984
SJPHALL015_D	WU-Harmonization-PCGP-UNSTRANDED_RSEM_gene_count.2022-04-17_13-05-36.txt	-4.915553	1.7244984
SJPHALL020033_D1	WU-Harmonization-PCGP-UNSTRANDED_RSEM_gene_count.2022-04-17_13-05-36.txt	-0.6649284	2.5374963
SJPHALL020034_D1	WU-Harmonization-PCGP-UNSTRANDED_RSEM_gene_count.2022-04-17_13-05-36.txt	-4.438123	1.6710906
SJPHALL020035_D1	WU-Harmonization-PCGP-UNSTRANDED_RSEM_gene_count.2022-04-17_13-05-36.txt	-0.2435732	2.6421375
SJPHALL020036_D1	WU-Harmonization-PCGP-UNSTRANDED_RSEM_gene_count.2022-04-17_13-05-36.txt	-0.12944204	2.527258
SJPHALL020037_D1	WU-Harmonization-PCGP-UNSTRANDED_RSEM_gene_count.2022-04-17_13-05-36.txt	-5.2321	1.6666213
SJPHALL020038_D1	WU-Harmonization-PCGP-UNSTRANDED_RSEM_gene_count.2022-04-17_13-05-36.txt	-5.323916	1.729197
SJPHALL020040_D1	WU-Harmonization-PCGP-UNSTRANDED_RSEM_gene_count.2022-04-17_13-05-36.txt	-0.28975794	2.134896
SJPHALL020043_D1	WU-Harmonization-PCGP-UNSTRANDED_RSEM_gene_count.2022-04-17_13-05-36.txt	-0.76148546	2.388321
SJPHALL020044_D1	WU-Harmonization-PCGP-UNSTRANDED_RSEM_gene_count.2022-04-17_13-05-36.txt	0.51836014	2.6237497
SJPHALL020046_D1	WU-Harmonization-PCGP-UNSTRANDED_RSEM_gene_count.2022-04-17_13-05-36.txt	0.5316975	2.5901568
SJPHALL020047_D1	WU-Harmonization-PCGP-UNSTRANDED_RSEM_gene_count.2022-04-17_13-05-36.txt	0.682071	2.5640182
SJPHALL020_D	WU-Harmonization-PCGP-UNSTRANDED_RSEM_gene_count.2022-04-17_13-05-36.txt	0.060906727	2.6316066
SJPHALL021_D	WU-Harmonization-PCGP-UNSTRANDED_RSEM_gene_count.2022-04-17_13-05-36.txt	0.6239334	2.5383973
SJPHALL026_D	WU-Harmonization-PCGP-UNSTRANDED_RSEM_gene_count.2022-04-17_13-05-36.txt	-4.564897	1.7154793
SJPHALL029_D	WU-Harmonization-PCGP-UNSTRANDED_RSEM_gene_count.2022-04-17_13-05-36.txt	-0.539432	2.5618575
SJRB001130_M1	WU-Harmonization-PCGP-UNSTRANDED_RSEM_gene_count.2022-04-17_13-05-36.txt	13.585977	9.978765
SJRHB001_D	WU-Harmonization-PCGP-UNSTRANDED_RSEM_gene_count.2022-04-17_13-05-36.txt	13.293477	9.447933
SJRHB002_D	WU-Harmonization-PCGP-UNSTRANDED_RSEM_gene_count.2022-04-17_13-05-36.txt	12.967441	9.592007
SJRHB003_D	WU-Harmonization-PCGP-UNSTRANDED_RSEM_gene_count.2022-04-17_13-05-36.txt	13.303655	9.296293
SJRHB004_D	WU-Harmonization-PCGP-UNSTRANDED_RSEM_gene_count.2022-04-17_13-05-36.txt	13.099008	9.728854
SJRHB005_D	WU-Harmonization-PCGP-UNSTRANDED_RSEM_gene_count.2022-04-17_13-05-36.txt	13.292678	9.450928
SJRHB006_D	WU-Harmonization-PCGP-UNSTRANDED_RSEM_gene_count.2022-04-17_13-05-36.txt	13.296447	9.378394
SJRHB007_D	WU-Harmonization-PCGP-UNSTRANDED_RSEM_gene_count.2022-04-17_13-05-36.txt	13.490087	10.027161
SJRHB008_D	WU-Harmonization-PCGP-UNSTRANDED_RSEM_gene_count.2022-04-17_13-05-36.txt	13.56895	10.063367
SJRHB009_D	WU-Harmonization-PCGP-UNSTRANDED_RSEM_gene_count.2022-04-17_13-05-36.txt	13.60392	10.031176
SJRHB010_D	WU-Harmonization-PCGP-UNSTRANDED_RSEM_gene_count.2022-04-17_13-05-36.txt	13.541613	10.047592
SJRHB011_D	WU-Harmonization-PCGP-UNSTRANDED_RSEM_gene_count.2022-04-17_13-05-36.txt	12.825817	9.773261
SJRHB011_X	WU-Harmonization-PCGP-UNSTRANDED_RSEM_gene_count.2022-04-17_13-05-36.txt	13.481571	9.167626
SJRHB011_Y	WU-Harmonization-PCGP-UNSTRANDED_RSEM_gene_count.2022-04-17_13-05-36.txt	13.411867	9.184837
SJRHB012_D	WU-Harmonization-PCGP-UNSTRANDED_RSEM_gene_count.2022-04-17_13-05-36.txt	12.621558	9.881766
SJRHB012_R	WU-Harmonization-PCGP-UNSTRANDED_RSEM_gene_count.2022-04-17_13-05-36.txt	13.420936	9.271319
SJRHB012_S	WU-Harmonization-PCGP-UNSTRANDED_RSEM_gene_count.2022-04-17_13-05-36.txt	13.331108	9.331305
SJRHB012_X	WU-Harmonization-PCGP-UNSTRANDED_RSEM_gene_count.2022-04-17_13-05-36.txt	13.483473	9.145394
SJRHB012_Y	WU-Harmonization-PCGP-UNSTRANDED_RSEM_gene_count.2022-04-17_13-05-36.txt	13.487616	9.17948
SJRHB012_Z	WU-Harmonization-PCGP-UNSTRANDED_RSEM_gene_count.2022-04-17_13-05-36.txt	13.419156	9.2211275
SJRHB013_D	WU-Harmonization-PCGP-UNSTRANDED_RSEM_gene_count.2022-04-17_13-05-36.txt	12.596782	9.776861
SJRHB013_X	WU-Harmonization-PCGP-UNSTRANDED_RSEM_gene_count.2022-04-17_13-05-36.txt	13.426355	9.168095
SJRHB015_D	WU-Harmonization-PCGP-UNSTRANDED_RSEM_gene_count.2022-04-17_13-05-36.txt	13.5208845	10.014107
SJRHB016_D	WU-Harmonization-PCGP-UNSTRANDED_RSEM_gene_count.2022-04-17_13-05-36.txt	13.064059	9.731254
SJRHB017_D	WU-Harmonization-PCGP-UNSTRANDED_RSEM_gene_count.2022-04-17_13-05-36.txt	12.609052	9.86306
SJRHB018_D	WU-Harmonization-PCGP-UNSTRANDED_RSEM_gene_count.2022-04-17_13-05-36.txt	13.260904	9.483836
SJRHB019_D	WU-Harmonization-PCGP-UNSTRANDED_RSEM_gene_count.2022-04-17_13-05-36.txt	13.466715	9.755321
SJRHB020_A	WU-Harmonization-PCGP-UNSTRANDED_RSEM_gene_count.2022-04-17_13-05-36.txt	13.114481	9.531262
SJRHB022_D	WU-Harmonization-PCGP-UNSTRANDED_RSEM_gene_count.2022-04-17_13-05-36.txt	13.539902	10.045805
SJRHB023_D	WU-Harmonization-PCGP-UNSTRANDED_RSEM_gene_count.2022-04-17_13-05-36.txt	13.28077	9.448241
SJRHB026_D	WU-Harmonization-PCGP-UNSTRANDED_RSEM_gene_count.2022-04-17_13-05-36.txt	12.679309	9.876177
SJRHB026_R	WU-Harmonization-PCGP-UNSTRANDED_RSEM_gene_count.2022-04-17_13-05-36.txt	13.193869	9.495508
SJRHB026_S	WU-Harmonization-PCGP-UNSTRANDED_RSEM_gene_count.2022-04-17_13-05-36.txt	13.169239	9.393314
SJRHB026_X	WU-Harmonization-PCGP-UNSTRANDED_RSEM_gene_count.2022-04-17_13-05-36.txt	13.4911785	9.118952
SJRHB027_D	WU-Harmonization-PCGP-UNSTRANDED_RSEM_gene_count.2022-04-17_13-05-36.txt	13.215459	9.343195
SJRHB028_D	WU-Harmonization-PCGP-UNSTRANDED_RSEM_gene_count.2022-04-17_13-05-36.txt	12.840639	9.831603
SJRHB031_D	WU-Harmonization-PCGP-UNSTRANDED_RSEM_gene_count.2022-04-17_13-05-36.txt	12.952598	9.651924
SJRHB033_D	WU-Harmonization-PCGP-UNSTRANDED_RSEM_gene_count.2022-04-17_13-05-36.txt	13.2890835	9.903249
SJRHB034_D	WU-Harmonization-PCGP-UNSTRANDED_RSEM_gene_count.2022-04-17_13-05-36.txt	12.830805	9.819844
SJRHB035_R	WU-Harmonization-PCGP-UNSTRANDED_RSEM_gene_count.2022-04-17_13-05-36.txt	16.398087	-0.3126301
SJRHB036_A	WU-Harmonization-PCGP-UNSTRANDED_RSEM_gene_count.2022-04-17_13-05-36.txt	13.613249	10.071488
SJRHB038_R	WU-Harmonization-PCGP-UNSTRANDED_RSEM_gene_count.2022-04-17_13-05-36.txt	16.453146	-0.38264263
SJRHB039_D	WU-Harmonization-PCGP-UNSTRANDED_RSEM_gene_count.2022-04-17_13-05-36.txt	13.05578	9.762556
SJRHB043_R	WU-Harmonization-PCGP-UNSTRANDED_RSEM_gene_count.2022-04-17_13-05-36.txt	12.880271	9.783541
SJRHB044_M	WU-Harmonization-PCGP-UNSTRANDED_RSEM_gene_count.2022-04-17_13-05-36.txt	13.5678625	10.0784855
SJRHB045_D	WU-Harmonization-PCGP-UNSTRANDED_RSEM_gene_count.2022-04-17_13-05-36.txt	13.105908	9.551411
SJRHB047_D	WU-Harmonization-PCGP-UNSTRANDED_RSEM_gene_count.2022-04-17_13-05-36.txt	13.201702	9.340145
SJRHB048_D	WU-Harmonization-PCGP-UNSTRANDED_RSEM_gene_count.2022-04-17_13-05-36.txt	13.265063	9.502535
SJRHB050_D	WU-Harmonization-PCGP-UNSTRANDED_RSEM_gene_count.2022-04-17_13-05-36.txt	13.241939	9.445435
SJRHB054_R	WU-Harmonization-PCGP-UNSTRANDED_RSEM_gene_count.2022-04-17_13-05-36.txt	13.5118685	10.048355
SJRHB056_D	WU-Harmonization-PCGP-UNSTRANDED_RSEM_gene_count.2022-04-17_13-05-36.txt	13.261757	9.471752
SJRHB057_R	WU-Harmonization-PCGP-UNSTRANDED_RSEM_gene_count.2022-04-17_13-05-36.txt	13.225967	9.733339
SJWLM010703_G1	WU-Harmonization-PCGP-UNSTRANDED_RSEM_gene_count.2022-04-17_13-05-36.txt	13.867395	13.363701
SJWLM010704_G1	WU-Harmonization-PCGP-UNSTRANDED_RSEM_gene_count.2022-04-17_13-05-36.txt	13.863464	13.377156
SJWLM010705_G1	WU-Harmonization-PCGP-UNSTRANDED_RSEM_gene_count.2022-04-17_13-05-36.txt	13.900627	13.326121
SJWLM010706_G1	WU-Harmonization-PCGP-UNSTRANDED_RSEM_gene_count.2022-04-17_13-05-36.txt	13.829027	13.336922
SJWLM010707_G1	WU-Harmonization-PCGP-UNSTRANDED_RSEM_gene_count.2022-04-17_13-05-36.txt	13.93105	13.407012
SJWLM010708_G1	WU-Harmonization-PCGP-UNSTRANDED_RSEM_gene_count.2022-04-17_13-05-36.txt	13.905347	13.434467
