gene_id	gene_symbol	log_cpm_variance
ENSG00000131095.13	GFAP	32.49795183705686
ENSG00000120885.21	CLU	20.319666694542065
ENSG00000167244.21	IGF2	18.784323339701753
ENSG00000107447.8	DNTT	17.794474396520894
ENSG00000152583.12	SPARCL1	17.238117665800527
ENSG00000132692.19	BCAN	17.039690621667592
ENSG00000115461.5	IGFBP5	16.928615412919886
ENSG00000130294.16	KIF1A	16.92179890756001
ENSG00000106278.12	PTPRZ1	16.907389891310743
ENSG00000171885.15	AQP4	16.490234437156666
ENSG00000005381.7	MPO	16.371577136379422
ENSG00000109472.14	CPE	16.34634517857497
ENSG00000196092.14	PAX5	16.339055061523013
ENSG00000018625.14	ATP1A2	16.22799043405299
ENSG00000168309.18	FAM107A	15.879021091828346
ENSG00000132688.11	NES	15.49894979658153
ENSG00000148053.16	NTRK2	15.408455264678457
ENSG00000196549.10	MME	15.371633758680781
ENSG00000164692.17	COL1A2	14.690929409470783
ENSG00000067048.17	DDX3Y	14.526115117611626
ENSG00000168542.14	COL3A1	14.508020929021876
ENSG00000137285.10	TUBB2B	14.425828709752473
ENSG00000244734.4	HBB	14.248401132189667
ENSG00000150625.16	GPM6A	14.245400648838835
ENSG00000123560.14	PLP1	13.95485059757814
ENSG00000125462.17	C1orf61	13.81496807454557
ENSG00000118513.19	MYB	13.760758176683044
ENSG00000113657.13	DPYSL3	13.728301025401887
ENSG00000152661.9	GJA1	13.520336881353778
ENSG00000113140.11	SPARC	13.388889943664468
ENSG00000134871.18	COL4A2	13.372399343833345
ENSG00000187498.16	COL4A1	13.34283292352282
ENSG00000050165.17	DKK3	13.164701739257119
ENSG00000100721.11	TCL1A	13.139305603291728
ENSG00000142156.14	COL6A1	13.038799448741537
ENSG00000041982.16	TNC	13.006701327288427
ENSG00000105894.11	PTN	12.986925095626663
ENSG00000162512.16	SDC3	12.96392363212413
ENSG00000147588.7	PMP2	12.932395378351087
ENSG00000167483.18	FAM129C	12.92632958908543
ENSG00000108821.13	COL1A1	12.822645468686952
ENSG00000166349.9	RAG1	12.812375748125664
ENSG00000177455.14	CD19	12.725548797472198
ENSG00000115414.19	FN1	12.681288659094022
ENSG00000131711.15	MAP1B	12.627963318183202
ENSG00000188536.13	HBA2	12.588757165409381
ENSG00000206172.8	HBA1	12.554766159920538
ENSG00000175899.14	A2M	12.55449508645037
ENSG00000149294.16	NCAM1	12.50774715716724
ENSG00000130203.10	APOE	12.489925773857092
ENSG00000130287.14	NCAN	12.402257695161083
ENSG00000118785.14	SPP1	12.39581545307305
ENSG00000166033.13	HTRA1	12.37116312925868
ENSG00000134769.21	DTNA	12.365740890411898
ENSG00000004939.15	SLC4A1	12.303859312723272
ENSG00000187957.8	DNER	12.299067424899432
ENSG00000012817.15	KDM5D	12.279794527842606
ENSG00000079215.14	SLC1A3	12.264757142731996
ENSG00000196136.17	SERPINA3	12.124041758591966
ENSG00000109846.8	CRYAB	12.011546452483802
ENSG00000169862.19	CTNND2	11.958614255054458
ENSG00000110436.13	SLC1A2	11.915111158400014
ENSG00000182492.16	BGN	11.79073953950354
ENSG00000167191.12	GPRC5B	11.69957916493334
ENSG00000110848.8	CD69	11.66738481048569
ENSG00000181449.4	SOX2	11.66450273312922
ENSG00000084636.18	COL16A1	11.658843252547005
ENSG00000105369.9	CD79A	11.46167244986126
ENSG00000078018.19	MAP2	11.447552584940096
ENSG00000129824.16	RPS4Y1	11.388343720679085
ENSG00000116729.14	WLS	11.366988519061001
ENSG00000100234.11	TIMP3	11.313136716305126
ENSG00000135744.8	AGT	11.268983866813329
ENSG00000166165.13	CKB	11.236136552411356
ENSG00000125730.16	C3	11.172197628792912
ENSG00000198732.10	SMOC1	11.1276683944846
ENSG00000133048.13	CHI3L1	11.055924102946383
ENSG00000006118.14	TMEM132A	11.027388942970436
ENSG00000196684.12	HSH2D	11.010271452514466
ENSG00000162706.13	CADM3	10.98855198293028
ENSG00000129244.9	ATP1B2	10.858281506767202
ENSG00000122025.14	FLT3	10.852702811613696
ENSG00000163531.15	NFASC	10.84900410947863
ENSG00000163554.14	SPTA1	10.848633549552305
ENSG00000172379.21	ARNT2	10.818765767177355
ENSG00000074370.18	ATP2A3	10.760902045689066
ENSG00000125398.8	SOX9	10.739256543579186
ENSG00000134853.12	PDGFRA	10.739251278575903
ENSG00000160307.10	S100B	10.708056003943575
ENSG00000078549.14	ADCYAP1R1	10.678062572744423
ENSG00000090382.6	LYZ	10.668182886408596
ENSG00000172201.12	ID4	10.6512906362933
ENSG00000169604.19	ANTXR1	10.6227822029268
ENSG00000168077.14	SCARA3	10.558428537429334
ENSG00000115266.11	APC2	10.557566286862903
ENSG00000091129.20	NRCAM	10.554900303302139
ENSG00000070087.14	PFN2	10.432324721811613
ENSG00000136002.18	ARHGEF4	10.370968982183896
ENSG00000133083.14	DCLK1	10.370651182259202
ENSG00000152137.6	HSPB8	10.320700569718753
ENSG00000163430.12	FSTL1	10.294184625126432
ENSG00000170476.15	MZB1	10.292889207115937
ENSG00000092096.16	SLC22A17	10.290687250180925
ENSG00000018236.15	CNTN1	10.287669516472086
ENSG00000141756.18	FKBP10	10.282916935678008
ENSG00000165795.23	NDRG2	10.281463840746689
ENSG00000049540.17	ELN	10.272987235670643
ENSG00000157103.12	SLC6A1	10.27038106166322
ENSG00000137726.17	FXYD6	10.253420444059065
ENSG00000018408.14	WWTR1	10.16802805531831
ENSG00000242265.5	PEG10	10.149559722976688
ENSG00000104067.16	TJP1	10.147794877022713
ENSG00000145362.18	ANK2	10.127043730891337
ENSG00000116147.17	TNR	10.09406763379149
ENSG00000197471.12	SPN	10.078974423135746
ENSG00000154096.13	THY1	10.017180309034755
ENSG00000185565.12	LSAMP	10.016783149076618
ENSG00000240184.7	PCDHGC3	9.97770272542528
ENSG00000151914.20	DST	9.939082926679543
ENSG00000101210.12	EEF1A2	9.933041726133787
ENSG00000147862.17	NFIB	9.923914199452245
ENSG00000155980.12	KIF5A	9.917087206479172
ENSG00000196565.15	HBG2	9.901009099999987
ENSG00000173546.7	CSPG4	9.888321222983357
ENSG00000117519.16	CNN3	9.873461085495505
ENSG00000168280.17	KIF5C	9.817839888323721
ENSG00000011465.17	DCN	9.81543314764395
ENSG00000083857.14	FAT1	9.807978362641721
ENSG00000142173.15	COL6A2	9.789853915225143
ENSG00000114374.13	USP9Y	9.783729029261783
ENSG00000272398.6	CD24	9.732561545130663
ENSG00000154277.12	UCHL1	9.697498204312044
ENSG00000223802.7	CERS1	9.697450065114612
ENSG00000146122.17	DAAM2	9.694339685747325
ENSG00000179314.14	WSCD1	9.686503514361915
ENSG00000136573.14	BLK	9.669658303351776
ENSG00000134817.10	APLNR	9.666640569483851
ENSG00000005513.10	SOX8	9.658672499459437
ENSG00000141639.12	MAPK4	9.654719469089468
ENSG00000067840.12	PDZD4	9.63144892213325
ENSG00000133454.15	MYO18B	9.62359614262161
ENSG00000186868.15	MAPT	9.611842309899272
ENSG00000167614.13	TTYH1	9.605234696550019
ENSG00000149557.13	FEZ1	9.589206945712288
ENSG00000198300.14	PEG3	9.57670246436775
ENSG00000128591.15	FLNC	9.566991374181317
ENSG00000105290.12	APLP1	9.5578031672715
ENSG00000108405.4	P2RX1	9.546657553527828
ENSG00000012124.17	CD22	9.514331021125853
ENSG00000007312.12	CD79B	9.505198225258003
ENSG00000101144.13	BMP7	9.485101631976072
ENSG00000133742.13	CA1	9.484387354012759
ENSG00000170075.9	GPR37L1	9.47761746902639
ENSG00000063660.9	GPC1	9.449193668733296
ENSG00000105855.10	ITGB8	9.43801259319909
ENSG00000158578.21	ALAS2	9.41827190025898
ENSG00000240694.9	PNMA2	9.403415015556147
ENSG00000137693.14	YAP1	9.37776637126487
ENSG00000184221.13	OLIG1	9.360627427613196
ENSG00000080573.7	COL5A3	9.345612828494547
ENSG00000177469.13	CAVIN1	9.33711540094341
ENSG00000087258.15	GNAO1	9.304804898038924
ENSG00000021300.14	PLEKHB1	9.276728135455182
ENSG00000177807.10	KCNJ10	9.261857257017839
ENSG00000189058.9	APOD	9.258258692020666
ENSG00000185818.7	NAT8L	9.241043735336246
ENSG00000107317.13	PTGDS	9.209975970992527
ENSG00000185686.18	PRAME	9.196481017368512
ENSG00000153064.12	BANK1	9.170056690240203
ENSG00000113594.10	LIFR	9.154807147409304
ENSG00000175745.14	NR2F1	9.143314243756427
ENSG00000135472.9	FAIM2	9.139096018627408
ENSG00000159217.10	IGF2BP1	9.13586054272566
ENSG00000142871.17	CCN1	9.11792310811916
ENSG00000050820.17	BCAR1	9.096031040314266
ENSG00000165443.12	PHYHIPL	9.09142174935811
ENSG00000104833.12	TUBB4A	9.074238027325872
ENSG00000115232.14	ITGA4	9.010127439389477
ENSG00000182272.12	B4GALNT4	9.007939963686923
ENSG00000131771.14	PPP1R1B	8.981936301429258
ENSG00000060718.22	COL11A1	8.955327766427045
ENSG00000061676.15	NCKAP1	8.939698356578969
ENSG00000078114.18	NEBL	8.93883378614368
ENSG00000100842.13	EFS	8.93691550990634
ENSG00000165478.7	HEPACAM	8.929570295057895
ENSG00000134121.10	CHL1	8.892535786681691
ENSG00000100167.20	SEPT3	8.889424660833392
ENSG00000182175.14	RGMA	8.886212011599726
